样本索引,源视频文件名,预测标签,真实标签,吸吮行为次数,吸吮行为时长(秒),手脚活动次数,手脚活动时长(秒),皱眉次数,皱眉时长(秒),总行为次数,总持续时间(秒)
0,240717(9.03.26）,饥饿,微饿,2,16.0,1,2.0,2,4.0,11,22.0
1,240717(9.03.26）,饥饿,微饿,2,16.0,1,2.0,1,3.0,8,21.0
5,240717(9.03.26）,饥饿,微饿,3,13.0,1,2.0,1,3.0,10,18.0
6,240717(9.03.26）,饥饿,微饿,3,13.0,1,2.0,1,3.0,10,18.0
7,240717(9.03.26）,饥饿,微饿,3,13.0,1,2.0,1,3.0,10,18.0
8,240717(9.03.26）,饥饿,微饿,2,11.0,1,2.0,1,3.0,8,16.0
9,240717(9.03.26）,饥饿,微饿,2,11.0,0,0.0,1,3.0,6,14.0
14,240717(9.03.26）,饥饿,微饿,2,11.0,0,0.0,0,0.0,4,11.0
15,240717(9.03.26）,中性,微饿,0,0.0,0,0.0,0,0.0,0,0.0
16,240717(9.03.26）,中性,微饿,0,0.0,0,0.0,0,0.0,0,0.0
17,240717(9.03.26）,饱腹,微饿,0,0.0,0,0.0,0,0.0,0,0.0
18,240717(9.03.26）,饱腹,微饿,0,0.0,0,0.0,0,0.0,0,0.0
19,240717(9.03.26）,饱腹,微饿,0,0.0,0,0.0,0,0.0,0,0.0
20,240717(9.03.26）,饱腹,微饿,0,0.0,0,0.0,0,0.0,0,0.0
22,240717(9.03.26）,饥饿,微饿,1,1.0,0,0.0,1,15.0,4,16.0
23,240717(9.03.26）,饥饿,微饿,2,4.0,0,0.0,1,15.0,6,19.0
24,240717(9.03.26）,饥饿,微饿,2,4.0,0,0.0,1,15.0,6,19.0
26,240717(9.03.26）,饥饿,微饿,2,4.0,0,0.0,1,15.0,6,19.0
27,240717(9.03.26）,饥饿,微饿,2,4.0,0,0.0,1,15.0,6,19.0
28,240717(9.03.26）,饥饿,微饿,2,4.0,0,0.0,1,15.0,6,19.0
30,240717(9.03.26）,微饿,饥饿,3,14.0,0,0.0,0,0.0,6,14.0
31,240717(9.03.26）,微饿,饥饿,3,14.0,0,0.0,0,0.0,6,14.0
32,240717(9.03.26）,微饿,饥饿,2,13.0,0,0.0,0,0.0,4,13.0
33,240717(9.03.26）,微饿,饥饿,1,10.0,0,0.0,0,0.0,2,10.0
37,240717(9.03.26）,微饿,饥饿,1,10.0,0,0.0,0,0.0,2,10.0
38,240717(9.03.26）,微饿,饥饿,1,10.0,0,0.0,0,0.0,2,10.0
40,240717(9.03.26）,中性,饥饿,0,0.0,0,0.0,0,0.0,0,0.0
41,240717(9.03.26）,中性,饥饿,0,0.0,0,0.0,0,0.0,0,0.0
42,240717(9.03.26）,中性,饥饿,0,0.0,0,0.0,0,0.0,0,0.0
43,240717(9.03.26）,中性,饥饿,0,0.0,0,0.0,0,0.0,0,0.0
44,240717(9.03.26）,中性,饥饿,0,0.0,0,0.0,0,0.0,0,0.0
45,240717(9.03.26）,中性,饥饿,0,0.0,0,0.0,0,0.0,0,0.0
47,240717(9.03.26）,饱腹,饥饿,0,0.0,0,0.0,0,0.0,0,0.0
48,240717(9.03.26）,饱腹,饥饿,0,0.0,0,0.0,0,0.0,0,0.0
49,240717(9.03.26）,饱腹,饥饿,0,0.0,0,0.0,0,0.0,0,0.0
50,240717(9.03.26）,饱腹,饥饿,0,0.0,0,0.0,0,0.0,0,0.0
51,240717(9.03.26）,饱腹,饥饿,0,0.0,0,0.0,0,0.0,0,0.0
52,240717(9.03.26）,饱腹,饥饿,1,1.0,0,0.0,0,0.0,2,1.0
60,240717(9.03.26）,饥饿,饱腹,18,28.0,0,0.0,0,0.0,38,29.0
61,240717(9.03.26）,饥饿,饱腹,18,28.0,0,0.0,0,0.0,38,29.0
62,240717(9.03.26）,饥饿,饱腹,17,27.0,0,0.0,0,0.0,36,28.0
63,240717(9.03.26）,饥饿,饱腹,14,22.0,0,0.0,0,0.0,30,23.0
64,240717(9.03.26）,饥饿,饱腹,12,19.0,0,0.0,0,0.0,26,20.0
65,240717(9.03.26）,饥饿,饱腹,9,15.0,0,0.0,0,0.0,22,17.0
68,240717(9.03.26）,微饿,饱腹,0,0.0,0,0.0,0,0.0,0,0.0
69,240717(9.03.26）,微饿,饱腹,0,0.0,0,0.0,0,0.0,0,0.0
70,240717(9.03.26）,饥饿,饱腹,0,0.0,0,0.0,0,0.0,0,0.0
75,240717(9.03.26）,中性,饱腹,0,0.0,0,0.0,0,0.0,2,4.0
76,240717(9.03.26）,中性,饱腹,0,0.0,0,0.0,0,0.0,2,4.0
77,240717(9.03.26）,中性,饱腹,0,0.0,0,0.0,0,0.0,2,4.0
81,240717(9.03.26）,中性,饱腹,0,0.0,0,0.0,0,0.0,0,0.0
82,240717(9.03.26）,中性,饱腹,0,0.0,0,0.0,0,0.0,0,0.0
83,240717(9.03.26）,中性,饱腹,0,0.0,0,0.0,0,0.0,0,0.0
84,240717(9.03.26）,中性,饱腹,0,0.0,0,0.0,0,0.0,0,0.0
85,240717(9.03.26）,中性,饱腹,0,0.0,0,0.0,0,0.0,0,0.0
86,240717(9.03.26）,中性,饱腹,0,0.0,0,0.0,0,0.0,0,0.0
87,240717(9.03.26）,中性,饱腹,0,0.0,0,0.0,0,0.0,2,247.0
88,240717(9.03.26）,中性,饱腹,0,0.0,0,0.0,0,0.0,2,247.0
90,240717(9.03.26）,饱腹,中性,0,0.0,0,0.0,0,0.0,0,0.0
94,240717(9.03.26）,饱腹,中性,0,0.0,0,0.0,0,0.0,2,92.0
95,240717(9.03.26）,饱腹,中性,0,0.0,0,0.0,0,0.0,2,92.0
96,240717(9.03.26）,饱腹,中性,0,0.0,0,0.0,0,0.0,2,92.0
97,240717(9.03.26）,饱腹,中性,0,0.0,0,0.0,0,0.0,2,92.0
100,240717(9.03.26）,饥饿,中性,0,0.0,0,0.0,0,0.0,0,0.0
101,240717(9.03.26）,微饿,中性,0,0.0,0,0.0,0,0.0,0,0.0
104,240717（13.00.40）,饥饿,微饿,2,11.0,2,3.0,2,2.0,17,27.0
105,240717（13.00.40）,饥饿,微饿,2,11.0,2,3.0,2,2.0,12,19.0
106,240717（13.00.40）,饥饿,微饿,2,8.0,5,21.0,2,2.0,16,31.0
107,240717（13.00.40）,饥饿,微饿,2,8.0,8,34.0,2,2.0,24,48.0
108,240717（13.00.40）,饥饿,微饿,3,22.0,10,53.0,2,2.0,28,67.0
109,240717（13.00.40）,饥饿,微饿,2,17.0,10,53.0,2,2.0,26,62.0
110,240717（13.00.40）,饥饿,微饿,2,17.0,8,50.0,0,0.0,18,54.0
111,240717（13.00.40）,饥饿,微饿,2,17.0,8,50.0,0,0.0,18,54.0
112,240717（13.00.40）,饥饿,微饿,2,17.0,9,58.0,0,0.0,20,62.0
113,240717（13.00.40）,饥饿,微饿,2,17.0,9,58.0,0,0.0,20,62.0
114,240717（13.00.40）,饥饿,微饿,2,17.0,9,58.0,0,0.0,20,62.0
115,240717（13.00.40）,饥饿,微饿,2,17.0,9,58.0,0,0.0,20,62.0
117,240717（13.00.40）,饥饿,微饿,2,6.0,8,56.0,3,17.0,20,61.0
118,240717（13.00.40）,饥饿,微饿,2,6.0,7,51.0,3,17.0,18,56.0
119,240717（13.00.40）,饥饿,微饿,2,6.0,7,51.0,3,17.0,18,56.0
120,240717（13.00.40）,饥饿,微饿,2,6.0,7,51.0,3,17.0,18,56.0
122,240717（13.00.40）,饱腹,微饿,3,7.0,6,43.0,3,17.0,18,49.0
123,240717（13.00.40）,饱腹,微饿,4,12.0,6,43.0,3,17.0,20,54.0
124,240717（13.00.40）,饥饿,微饿,4,12.0,6,43.0,3,17.0,20,54.0
125,240717（13.00.40）,饱腹,饥饿,5,13.0,6,43.0,3,17.0,22,55.0
126,240717（13.00.40）,饱腹,饥饿,4,8.0,4,20.0,2,13.0,16,28.0
127,240717（13.00.40）,微饿,饥饿,6,11.0,0,0.0,0,0.0,12,11.0
128,240717（13.00.40）,微饿,饥饿,6,11.0,0,0.0,0,0.0,12,11.0
129,240717（13.00.40）,微饿,饥饿,7,13.0,0,0.0,0,0.0,14,13.0
132,240717（13.00.40）,饱腹,饥饿,7,15.0,1,16.0,0,0.0,16,31.0
133,240717（13.00.40）,饱腹,饥饿,6,10.0,1,16.0,0,0.0,14,26.0
135,240717（13.00.40）,饱腹,饥饿,5,9.0,2,23.0,0,0.0,14,32.0
138,240717（13.00.40）,微饿,饥饿,2,5.0,2,23.0,1,5.0,10,33.0
139,240717（13.00.40）,微饿,饥饿,1,3.0,3,39.0,1,5.0,10,47.0
140,240717（13.00.40）,微饿,饥饿,0,0.0,3,39.0,1,5.0,8,44.0
141,240717（13.00.40）,微饿,饥饿,0,0.0,2,23.0,1,5.0,6,28.0
150,240717（13.00.40）,微饿,饥饿,11,25.0,0,0.0,0,0.0,22,25.0
169,240717（13.00.40）,中性,饱腹,0,0.0,0,0.0,0,0.0,8,109.0
170,240717（13.00.40）,中性,饱腹,0,0.0,0,0.0,0,0.0,8,109.0
171,240717（13.00.40）,中性,饱腹,0,0.0,0,0.0,0,0.0,8,109.0
173,240717（13.00.40）,中性,饱腹,0,0.0,0,0.0,0,0.0,10,115.0
179,240717（13.00.40）,中性,饱腹,0,0.0,0,0.0,0,0.0,14,180.0
182,240717（13.00.40）,中性,饱腹,0,0.0,0,0.0,0,0.0,14,147.0
183,240717（13.00.40）,中性,饱腹,0,0.0,0,0.0,0,0.0,14,147.0
184,240717（13.00.40）,中性,饱腹,0,0.0,0,0.0,0,0.0,16,217.0
186,240717（13.00.40）,饱腹,中性,0,0.0,0,0.0,0,0.0,18,212.0
188,240717（13.00.40）,饱腹,中性,0,0.0,0,0.0,0,0.0,12,171.0
193,240717（13.00.40）,饱腹,中性,0,0.0,0,0.0,0,0.0,8,129.0
197,240717（13.00.40）,饱腹,中性,0,0.0,0,0.0,0,0.0,6,160.0
198,240717（13.00.40）,饱腹,中性,0,0.0,0,0.0,0,0.0,6,160.0
200,240717（13.00.40）,饱腹,中性,0,0.0,0,0.0,0,0.0,8,126.0
202,240717（13.00.40）,饱腹,中性,0,0.0,0,0.0,0,0.0,12,209.0
205,240717（13.00.40）,饱腹,中性,0,0.0,0,0.0,0,0.0,10,143.0
213,李鑫鑫之子240729（09:05:06）,饥饿,微饿,0,0.0,1,9.0,0,0.0,3,9.0
214,李鑫鑫之子240729（09:05:06）,饥饿,微饿,0,0.0,3,61.0,1,45.0,10,61.0
216,李鑫鑫之子240729（09:05:06）,饥饿,微饿,0,0.0,7,122.0,3,92.0,24,122.0
217,李鑫鑫之子240729（09:05:06）,饥饿,微饿,0,0.0,9,140.0,4,107.0,31,140.0
218,李鑫鑫之子240729（09:05:06）,饥饿,微饿,0,0.0,10,181.0,5,148.0,36,181.0
223,李鑫鑫之子240729（09:05:06）,饥饿,微饿,0,0.0,12,256.0,7,230.0,46,265.0
224,李鑫鑫之子240729（09:05:06）,饥饿,微饿,0,0.0,11,234.0,6,211.0,41,243.0
225,李鑫鑫之子240729（09:05:06）,饥饿,微饿,0,0.0,9,196.0,5,183.0,34,205.0
226,李鑫鑫之子240729（09:05:06）,饥饿,微饿,0,0.0,7,177.0,4,168.0,27,186.0
228,李鑫鑫之子240729（09:05:06）,饥饿,微饿,0,0.0,6,241.0,4,233.0,25,250.0
231,李鑫鑫之子240729（09:05:06）,饥饿,微饿,0,0.0,3,119.0,2,115.0,13,128.0
232,李鑫鑫之子240729（09:05:06）,饥饿,微饿,0,0.0,3,119.0,2,115.0,13,128.0
233,李鑫鑫之子240729（09:05:06）,饥饿,微饿,0,0.0,2,115.0,1,106.0,7,115.0
234,李鑫鑫之子240729（09:05:06）,饥饿,微饿,0,0.0,5,221.0,1,190.0,13,221.0
235,李鑫鑫之子240729（09:05:06）,饥饿,微饿,0,0.0,5,221.0,1,190.0,13,221.0
236,李鑫鑫之子240729（09:05:06）,饥饿,微饿,0,0.0,5,221.0,1,190.0,13,221.0
237,李鑫鑫之子240729（09:05:06）,饥饿,微饿,0,0.0,3,22.0,0,0.0,6,22.0
238,李鑫鑫之子240729（09:05:06）,饥饿,微饿,0,0.0,7,134.0,2,106.0,20,134.0
239,李鑫鑫之子240729（09:05:06）,饥饿,微饿,0,0.0,7,134.0,2,106.0,20,134.0
240,李鑫鑫之子240729（09:05:06）,饥饿,微饿,0,0.0,9,194.0,3,151.0,27,194.0
241,李鑫鑫之子240729（09:05:06）,饥饿,微饿,0,0.0,9,194.0,3,151.0,27,194.0
242,李鑫鑫之子240729（09:05:06）,饥饿,微饿,0,0.0,9,194.0,3,151.0,27,194.0
245,李鑫鑫之子240729（09:05:06）,微饿,饥饿,0,0.0,8,216.0,5,188.0,32,225.0
247,李鑫鑫之子240729（09:05:06）,微饿,饥饿,0,0.0,10,259.0,6,215.0,39,268.0
250,李鑫鑫之子240729（09:05:06）,微饿,饥饿,2,6.0,5,168.0,4,145.0,29,189.0
259,李鑫鑫之子240729（09:05:06）,微饿,饥饿,2,6.0,1,35.0,0,0.0,10,54.0
260,李鑫鑫之子240729（09:05:06）,微饿,饥饿,1,3.0,1,35.0,0,0.0,4,38.0
262,李鑫鑫之子240729（09:05:06）,微饿,饥饿,0,0.0,7,182.0,3,113.0,22,182.0
263,李鑫鑫之子240729（09:05:06）,微饿,饥饿,0,0.0,8,217.0,4,148.0,27,217.0
265,李鑫鑫之子240729（09:05:06）,微饿,饥饿,0,0.0,13,278.0,6,174.0,43,278.0
267,李鑫鑫之子240729（09:05:06）,微饿,饥饿,0,0.0,11,142.0,5,73.0,36,142.0
268,李鑫鑫之子240729（09:05:06）,微饿,饥饿,0,0.0,12,148.0,5,73.0,38,148.0
269,李鑫鑫之子240729（09:05:06）,微饿,饥饿,0,0.0,12,148.0,5,73.0,38,148.0
272,李鑫鑫之子240729（09:05:06）,饱腹,饥饿,0,0.0,7,172.0,3,131.0,23,172.0
279,李鑫鑫之子240729（09:05:06）,饥饿,饱腹,0,0.0,0,0.0,0,0.0,0,0.0
280,李鑫鑫之子240729（09:05:06）,中性,饱腹,0,0.0,0,0.0,0,0.0,0,0.0
281,李鑫鑫之子240729（09:05:06）,中性,饱腹,0,0.0,0,0.0,0,0.0,0,0.0
284,李鑫鑫之子240729（09:05:06）,中性,饱腹,0,0.0,0,0.0,0,0.0,0,0.0
285,李鑫鑫之子240729（09:05:06）,饥饿,饱腹,0,0.0,0,0.0,0,0.0,0,0.0
286,李鑫鑫之子240729（09:05:06）,饥饿,饱腹,0,0.0,0,0.0,0,0.0,0,0.0
287,李鑫鑫之子240729（09:05:06）,饥饿,饱腹,0,0.0,0,0.0,0,0.0,0,0.0
290,李鑫鑫之子240729（09:05:06）,中性,饱腹,0,0.0,0,0.0,0,0.0,0,0.0
291,李鑫鑫之子240729（09:05:06）,中性,饱腹,0,0.0,0,0.0,0,0.0,2,8.0
292,李鑫鑫之子240729（09:05:06）,中性,饱腹,0,0.0,0,0.0,0,0.0,2,8.0
294,李鑫鑫之子240729（09:05:06）,中性,饱腹,0,0.0,0,0.0,0,0.0,2,8.0
296,李鑫鑫之子240729（09:05:06）,中性,饱腹,0,0.0,0,0.0,0,0.0,6,94.0
303,李鑫鑫之子240729（09:05:06）,饱腹,中性,0,0.0,0,0.0,0,0.0,10,227.0
304,李鑫鑫之子240729（09:05:06）,饱腹,中性,0,0.0,0,0.0,0,0.0,12,230.0
318,李鑫鑫之子240729（09:05:06）,饱腹,中性,0,0.0,0,0.0,0,0.0,24,268.0
323,张祖善20240905（13:57:31）,饥饿,微饿,1,1.0,1,16.0,0,0.0,7,18.0
324,张祖善20240905（13:57:31）,饥饿,微饿,1,1.0,1,16.0,0,0.0,7,18.0
325,张祖善20240905（13:57:31）,饥饿,微饿,1,1.0,1,16.0,0,0.0,7,18.0
326,张祖善20240905（13:57:31）,饥饿,微饿,1,1.0,1,16.0,0,0.0,7,18.0
327,张祖善20240905（13:57:31）,饥饿,微饿,2,4.0,4,25.0,0,0.0,13,27.0
328,张祖善20240905（13:57:31）,饥饿,微饿,2,4.0,5,59.0,0,0.0,15,61.0
332,张祖善20240905（13:57:31）,饥饿,微饿,3,12.0,7,57.0,0,0.0,16,63.0
333,张祖善20240905（13:57:31）,饥饿,微饿,3,12.0,8,88.0,0,0.0,18,94.0
334,张祖善20240905（13:57:31）,饥饿,微饿,3,12.0,8,88.0,0,0.0,20,99.0
336,张祖善20240905（13:57:31）,饥饿,微饿,3,12.0,8,88.0,0,0.0,20,99.0
337,张祖善20240905（13:57:31）,饥饿,微饿,2,9.0,4,45.0,0,0.0,12,56.0
338,张祖善20240905（13:57:31）,饥饿,微饿,2,9.0,4,45.0,0,0.0,12,56.0
340,张祖善20240905（13:57:31）,饱腹,微饿,0,0.0,1,31.0,0,0.0,4,36.0
341,张祖善20240905（13:57:31）,饱腹,微饿,0,0.0,2,77.0,0,0.0,6,82.0
342,张祖善20240905（13:57:31）,饥饿,微饿,0,0.0,1,46.0,0,0.0,4,51.0
344,张祖善20240905（13:57:31）,饥饿,微饿,0,0.0,2,59.0,0,0.0,4,59.0
345,张祖善20240905（13:57:31）,饥饿,微饿,0,0.0,2,59.0,0,0.0,4,59.0
346,张祖善20240905（13:57:31）,饥饿,微饿,0,0.0,2,59.0,0,0.0,4,59.0
347,张祖善20240905（13:57:31）,饥饿,微饿,0,0.0,2,59.0,0,0.0,4,59.0
352,张祖善20240905（13:57:31）,饱腹,饥饿,0,0.0,0,0.0,0,0.0,0,0.0
353,张祖善20240905（13:57:31）,中性,饥饿,0,0.0,0,0.0,0,0.0,0,0.0
354,张祖善20240905（13:57:31）,中性,饥饿,0,0.0,0,0.0,0,0.0,0,0.0
355,张祖善20240905（13:57:31）,微饿,饥饿,0,0.0,1,10.0,0,0.0,2,10.0
356,张祖善20240905（13:57:31）,微饿,饥饿,0,0.0,1,10.0,0,0.0,2,10.0
358,张祖善20240905（13:57:31）,微饿,饥饿,0,0.0,1,10.0,0,0.0,2,10.0
359,张祖善20240905（13:57:31）,微饿,饥饿,0,0.0,1,10.0,0,0.0,2,10.0
361,张祖善20240905（13:57:31）,微饿,饥饿,0,0.0,2,42.0,0,0.0,4,42.0
362,张祖善20240905（13:57:31）,微饿,饥饿,0,0.0,2,42.0,0,0.0,4,42.0
363,张祖善20240905（13:57:31）,微饿,饥饿,0,0.0,2,42.0,0,0.0,4,42.0
364,张祖善20240905（13:57:31）,微饿,饥饿,0,0.0,1,32.0,0,0.0,2,32.0
366,张祖善20240905（13:57:31）,微饿,饥饿,0,0.0,1,32.0,0,0.0,2,32.0
367,张祖善20240905（13:57:31）,微饿,饥饿,0,0.0,1,32.0,0,0.0,2,32.0
368,张祖善20240905（13:57:31）,微饿,饥饿,0,0.0,1,32.0,0,0.0,2,32.0
370,张祖善20240905（13:57:31）,中性,饥饿,0,0.0,0,0.0,0,0.0,0,0.0
371,张祖善20240905（13:57:31）,中性,饥饿,0,0.0,0,0.0,0,0.0,0,0.0
372,张祖善20240905（13:57:31）,中性,饥饿,0,0.0,0,0.0,0,0.0,0,0.0
373,张祖善20240905（13:57:31）,中性,饥饿,0,0.0,0,0.0,0,0.0,0,0.0
374,张祖善20240905（13:57:31）,中性,饥饿,0,0.0,0,0.0,0,0.0,0,0.0
375,张祖善20240905（13:57:31）,中性,饥饿,0,0.0,0,0.0,0,0.0,0,0.0
376,张祖善20240905（13:57:31）,中性,饥饿,0,0.0,0,0.0,0,0.0,0,0.0
377,张祖善20240905（13:57:31）,中性,饥饿,0,0.0,0,0.0,0,0.0,0,0.0
388,张祖善20240905（13:57:31）,中性,饱腹,0,0.0,0,0.0,0,0.0,0,0.0
398,张祖善20240905（13:57:31）,中性,饱腹,0,0.0,0,0.0,0,0.0,6,22.0
399,张祖善20240905（13:57:31）,饥饿,饱腹,0,0.0,0,0.0,0,0.0,0,0.0
402,张祖善20240905（13:57:31）,中性,饱腹,0,0.0,0,0.0,0,0.0,0,0.0
403,张祖善20240905（13:57:31）,中性,饱腹,0,0.0,0,0.0,0,0.0,0,0.0
406,张祖善20240905（13:57:31）,中性,饱腹,0,0.0,0,0.0,0,0.0,2,15.0
407,张祖善20240905（13:57:31）,中性,饱腹,0,0.0,0,0.0,0,0.0,2,15.0
408,张祖善20240905（13:57:31）,饱腹,中性,0,0.0,0,0.0,0,0.0,2,15.0
409,张祖善20240905（13:57:31）,饱腹,中性,0,0.0,0,0.0,0,0.0,2,15.0
410,张祖善20240905（13:57:31）,饱腹,中性,0,0.0,0,0.0,0,0.0,2,15.0
411,张祖善20240905（13:57:31）,饱腹,中性,0,0.0,0,0.0,0,0.0,2,15.0
412,张祖善20240905（13:57:31）,饱腹,中性,0,0.0,0,0.0,0,0.0,2,15.0
413,张祖善20240905（13:57:31）,饱腹,中性,0,0.0,0,0.0,0,0.0,2,15.0
416,张祖善20240905（13:57:31）,饱腹,中性,0,0.0,0,0.0,0,0.0,0,0.0
418,2024-09-10 110740,饥饿,微饿,3,25.0,3,46.0,1,3.0,17,70.0
421,2024-09-10 110740,微饿,饥饿,3,28.0,8,106.0,1,3.0,22,123.0
422,2024-09-10 110740,微饿,饥饿,3,28.0,9,109.0,1,3.0,24,126.0
423,2024-09-10 110740,微饿,饥饿,3,28.0,9,109.0,1,3.0,24,126.0
424,2024-09-10 110740,微饿,饥饿,3,28.0,8,85.0,1,3.0,22,102.0
425,2024-09-10 110740,微饿,饥饿,2,14.0,7,71.0,1,3.0,20,88.0
430,2024-09-10 110740,微饿,饥饿,0,0.0,7,72.0,0,0.0,14,72.0
433,2024-09-10 110740,微饿,饥饿,0,0.0,6,63.0,0,0.0,12,63.0
434,2024-09-10 110740,微饿,饥饿,0,0.0,6,63.0,0,0.0,12,63.0
435,2024-09-10 110740,微饿,饥饿,0,0.0,6,63.0,0,0.0,12,63.0
436,2024-09-10 110740,微饿,饥饿,0,0.0,2,24.0,0,0.0,4,24.0
437,2024-09-10 110740,微饿,饥饿,1,6.0,7,66.0,1,10.0,15,66.0
439,2024-09-10 110740,微饿,饥饿,1,6.0,6,49.0,1,10.0,15,55.0
440,2024-09-10 110740,微饿,饥饿,1,6.0,6,49.0,1,10.0,15,55.0
441,2024-09-10 110740,微饿,饥饿,1,6.0,6,49.0,1,10.0,15,55.0
442,2024-09-10 110740,微饿,饥饿,1,6.0,5,42.0,1,10.0,13,48.0
443,2024-09-10 110740,微饿,饥饿,1,6.0,5,42.0,1,10.0,13,48.0
459,2024-09-10 110740,中性,饱腹,0,0.0,0,0.0,0,0.0,8,82.0
460,2024-09-10 110740,中性,饱腹,0,0.0,0,0.0,0,0.0,10,92.0
461,2024-09-10 110740,中性,饱腹,0,0.0,0,0.0,0,0.0,10,92.0
462,2024-09-10 110740,中性,饱腹,0,0.0,0,0.0,0,0.0,10,92.0
463,2024-09-10 110740,中性,饱腹,0,0.0,0,0.0,0,0.0,12,208.0
464,2024-09-10 110740,中性,饱腹,0,0.0,0,0.0,0,0.0,12,208.0
465,2024-09-10 110740,中性,饱腹,0,0.0,0,0.0,0,0.0,12,208.0
466,2024-09-10 110740,中性,饱腹,0,0.0,0,0.0,0,0.0,10,207.0
467,2024-09-10 110740,中性,饱腹,0,0.0,0,0.0,0,0.0,8,171.0
468,2024-09-10 110740,中性,饱腹,0,0.0,0,0.0,0,0.0,6,130.0
469,2024-09-10 110740,中性,饱腹,0,0.0,0,0.0,0,0.0,2,116.0
470,2024-09-10 110740,微饿,饱腹,0,0.0,0,0.0,0,0.0,0,0.0
471,2024-09-10 110740,中性,饱腹,0,0.0,0,0.0,0,0.0,0,0.0
472,2024-09-10 110740,中性,饱腹,0,0.0,0,0.0,0,0.0,0,0.0
473,2024-09-10 110740,微饿,饱腹,0,0.0,0,0.0,0,0.0,0,0.0
474,2024-09-10 110740,微饿,饱腹,0,0.0,0,0.0,0,0.0,0,0.0
475,2024-09-10 110740,微饿,饱腹,0,0.0,0,0.0,0,0.0,0,0.0
476,2024-09-10 110740,微饿,饱腹,0,0.0,0,0.0,0,0.0,0,0.0
477,2024-09-10 110740,微饿,饱腹,0,0.0,0,0.0,0,0.0,0,0.0
478,2024-09-10 110740,微饿,饱腹,0,0.0,0,0.0,0,0.0,0,0.0
479,2024-09-10 110740,饥饿,中性,0,0.0,0,0.0,0,0.0,0,0.0
480,2024-09-10 110740,微饿,中性,0,0.0,0,0.0,0,0.0,0,0.0
481,2024-09-10 110740,饥饿,中性,0,0.0,0,0.0,0,0.0,0,0.0
483,2024-09-10 110740,微饿,中性,0,0.0,0,0.0,0,0.0,0,0.0
484,2024-09-10 110740,微饿,中性,0,0.0,0,0.0,0,0.0,0,0.0
485,2024-09-10 110740,微饿,中性,0,0.0,0,0.0,0,0.0,0,0.0
488,2024-09-10 110740,微饿,中性,0,0.0,0,0.0,0,0.0,0,0.0
489,2024-09-10 110740,饥饿,中性,0,0.0,0,0.0,0,0.0,0,0.0
490,2024-09-10 110740,饥饿,中性,0,0.0,0,0.0,0,0.0,0,0.0
491,2024-09-10 110740,微饿,中性,0,0.0,0,0.0,0,0.0,0,0.0
492,2024-09-10 110740,微饿,中性,0,0.0,0,0.0,0,0.0,0,0.0
493,2024-09-10 110740,微饿,中性,0,0.0,0,0.0,0,0.0,0,0.0
494,2024-09-10 110740,微饿,中性,0,0.0,0,0.0,0,0.0,0,0.0
495,2024-09-10 110740,微饿,中性,0,0.0,0,0.0,0,0.0,0,0.0
496,2024-09-10 110740,微饿,中性,0,0.0,0,0.0,0,0.0,0,0.0
497,2024-09-10 110740,微饿,中性,0,0.0,0,0.0,0,0.0,0,0.0
498,2024-09-10 110740,微饿,中性,0,0.0,0,0.0,0,0.0,0,0.0
499,2024-09-10 110740,微饿,中性,0,0.0,0,0.0,0,0.0,0,0.0
501,2024-09-10 110740,微饿,中性,0,0.0,0,0.0,0,0.0,0,0.0
502,2024-09-10 110740,微饿,中性,0,0.0,0,0.0,0,0.0,0,0.0
503,2024-09-10 110740,微饿,中性,0,0.0,0,0.0,0,0.0,0,0.0
504,2024-09-10 110740,微饿,中性,0,0.0,0,0.0,0,0.0,0,0.0
506,2024-09-10 110740,微饿,中性,0,0.0,0,0.0,0,0.0,0,0.0
507,2024-09-10 110740,微饿,中性,0,0.0,0,0.0,0,0.0,0,0.0
508,2024-09-10 110740,微饿,中性,0,0.0,0,0.0,0,0.0,0,0.0
513,2024-10-15 143045,饥饿,微饿,1,4.0,1,25.0,1,2.0,7,31.0
514,2024-10-15 143045,饥饿,微饿,1,4.0,2,45.0,0,0.0,6,49.0
516,2024-10-15 143045,饥饿,微饿,1,4.0,2,45.0,0,0.0,6,49.0
517,2024-10-15 143045,饥饿,微饿,0,0.0,2,45.0,0,0.0,4,45.0
518,2024-10-15 143045,饥饿,微饿,0,0.0,2,45.0,0,0.0,4,45.0
519,2024-10-15 143045,饥饿,微饿,1,3.0,2,45.0,0,0.0,10,64.0
520,2024-10-15 143045,饥饿,微饿,2,8.0,3,46.0,2,2.0,16,71.0
521,2024-10-15 143045,饥饿,微饿,3,12.0,8,88.0,4,10.0,27,113.0
522,2024-10-15 143045,饥饿,微饿,3,12.0,8,92.0,5,12.0,29,119.0
523,2024-10-15 143045,饥饿,微饿,3,12.0,8,90.0,5,12.0,29,117.0
524,2024-10-15 143045,饥饿,微饿,3,12.0,8,90.0,5,12.0,29,117.0
525,2024-10-15 143045,饥饿,微饿,3,12.0,8,90.0,5,12.0,29,117.0
526,2024-10-15 143045,饥饿,微饿,3,12.0,8,90.0,5,12.0,29,117.0
527,2024-10-15 143045,饥饿,微饿,3,12.0,8,90.0,5,12.0,29,117.0
528,2024-10-15 143045,饥饿,微饿,4,22.0,8,90.0,5,12.0,31,127.0
529,2024-10-15 143045,饥饿,微饿,2,14.0,8,90.0,5,12.0,23,103.0
531,2024-10-15 143045,饥饿,微饿,4,27.0,4,32.0,1,2.0,17,56.0
536,2024-10-15 143045,饥饿,微饿,4,27.0,4,18.0,0,0.0,15,40.0
537,2024-10-15 143045,饥饿,微饿,3,17.0,4,18.0,0,0.0,13,30.0
538,2024-10-15 143045,饥饿,微饿,3,17.0,4,18.0,0,0.0,15,34.0
540,2024-10-15 143045,微饿,饥饿,4,18.0,7,32.0,1,1.0,23,49.0
551,2024-10-15 143045,微饿,饥饿,5,19.0,0,0.0,1,2.0,10,19.0
552,2024-10-15 143045,微饿,饥饿,5,19.0,0,0.0,1,2.0,10,19.0
556,2024-10-15 143045,微饿,饥饿,4,13.0,0,0.0,1,2.0,8,13.0
557,2024-10-15 143045,微饿,饥饿,4,13.0,0,0.0,1,2.0,8,13.0
564,2024-10-15 143045,微饿,饥饿,3,7.0,8,40.0,0,0.0,18,44.0
566,2024-10-15 143045,微饿,饥饿,3,7.0,8,40.0,0,0.0,18,44.0
567,2024-10-15 143045,微饿,饥饿,4,10.0,9,45.0,0,0.0,22,52.0
581,2024-10-15 143045,中性,饱腹,0,0.0,0,0.0,0,0.0,4,130.0
582,2024-10-15 143045,中性,饱腹,0,0.0,0,0.0,0,0.0,4,130.0
585,2024-10-15 143045,中性,饱腹,0,0.0,0,0.0,0,0.0,2,62.0
586,2024-10-15 143045,中性,饱腹,0,0.0,0,0.0,0,0.0,2,62.0
587,2024-10-15 143045,中性,饱腹,0,0.0,0,0.0,0,0.0,4,224.0
588,2024-10-15 143045,中性,饱腹,0,0.0,0,0.0,0,0.0,2,162.0
589,2024-10-15 143045,中性,饱腹,0,0.0,0,0.0,0,0.0,2,162.0
590,2024-10-15 143045,中性,饱腹,0,0.0,0,0.0,0,0.0,2,162.0
591,2024-10-15 143045,中性,饱腹,0,0.0,0,0.0,0,0.0,2,162.0
592,2024-10-15 143045,微饿,饱腹,0,0.0,0,0.0,0,0.0,0,0.0
594,2024-10-15 143045,饥饿,饱腹,0,0.0,0,0.0,0,0.0,0,0.0
595,2024-10-15 143045,微饿,饱腹,0,0.0,0,0.0,0,0.0,0,0.0
596,2024-10-15 143045,饥饿,饱腹,0,0.0,0,0.0,0,0.0,0,0.0
597,2024-10-15 143045,微饿,饱腹,0,0.0,0,0.0,0,0.0,0,0.0
598,2024-10-15 143045,微饿,饱腹,0,0.0,0,0.0,0,0.0,0,0.0
599,2024-10-15 143045,饥饿,中性,0,0.0,0,0.0,0,0.0,0,0.0
600,2024-10-15 143045,饥饿,中性,0,0.0,0,0.0,0,0.0,0,0.0
601,2024-10-15 143045,微饿,中性,0,0.0,0,0.0,0,0.0,0,0.0
603,2024-10-15 143045,饱腹,中性,0,0.0,0,0.0,0,0.0,0,0.0
604,2024-10-15 143045,饱腹,中性,0,0.0,0,0.0,0,0.0,0,0.0
605,2024-10-15 143045,饱腹,中性,0,0.0,0,0.0,0,0.0,0,0.0
606,2024-10-15 143045,饱腹,中性,0,0.0,0,0.0,0,0.0,0,0.0
607,2024-10-15 143045,饱腹,中性,0,0.0,0,0.0,0,0.0,0,0.0
608,2024-10-15 143045,饱腹,中性,0,0.0,0,0.0,0,0.0,0,0.0
609,2024-10-15 143045,饱腹,中性,0,0.0,0,0.0,0,0.0,0,0.0
610,2024-10-15 143045,饱腹,中性,0,0.0,0,0.0,0,0.0,0,0.0
612,2024-10-15 143045,饱腹,中性,0,0.0,0,0.0,0,0.0,0,0.0
613,2024-10-15 143045,饱腹,中性,0,0.0,0,0.0,0,0.0,0,0.0
614,2024-10-15 143045,饱腹,中性,0,0.0,0,0.0,0,0.0,0,0.0
616,2024-10-15 143045,饥饿,中性,0,0.0,0,0.0,0,0.0,0,0.0
617,2024-10-15 143045,饱腹,中性,0,0.0,0,0.0,0,0.0,0,0.0
618,2024-10-15 143045,饱腹,中性,0,0.0,0,0.0,0,0.0,0,0.0
619,2024-10-15 143045,饱腹,中性,0,0.0,0,0.0,0,0.0,0,0.0
620,2024-10-15 143045,饱腹,中性,0,0.0,0,0.0,0,0.0,0,0.0
621,2024-10-15 143045,饱腹,中性,0,0.0,0,0.0,0,0.0,0,0.0
622,2024-10-15 143045,饱腹,中性,0,0.0,0,0.0,0,0.0,0,0.0
623,2024-10-15 143045,饱腹,中性,0,0.0,0,0.0,0,0.0,0,0.0
624,2024-10-15 143045,饱腹,中性,0,0.0,0,0.0,0,0.0,0,0.0
625,2024-10-15 143045,饱腹,中性,0,0.0,0,0.0,0,0.0,0,0.0
626,2024-10-15 143045,饱腹,中性,0,0.0,0,0.0,0,0.0,0,0.0
627,2024-10-15 143045,饱腹,中性,0,0.0,0,0.0,0,0.0,0,0.0
628,2024-10-15 143045,饱腹,中性,0,0.0,0,0.0,0,0.0,0,0.0
629,2024-10-16 142455,中性,微饿,0,0.0,0,0.0,0,0.0,0,0.0
630,2024-10-16 142455,中性,微饿,0,0.0,0,0.0,0,0.0,0,0.0
631,2024-10-16 142455,中性,微饿,0,0.0,0,0.0,0,0.0,0,0.0
632,2024-10-16 142455,中性,微饿,0,0.0,0,0.0,0,0.0,0,0.0
633,2024-10-16 142455,中性,微饿,0,0.0,0,0.0,0,0.0,0,0.0
634,2024-10-16 142455,中性,微饿,0,0.0,0,0.0,0,0.0,0,0.0
635,2024-10-16 142455,中性,微饿,0,0.0,0,0.0,0,0.0,0,0.0
636,2024-10-16 142455,中性,微饿,0,0.0,0,0.0,0,0.0,0,0.0
637,2024-10-16 142455,中性,微饿,0,0.0,0,0.0,0,0.0,0,0.0
638,2024-10-16 142455,中性,微饿,0,0.0,0,0.0,0,0.0,0,0.0
639,2024-10-16 142455,中性,微饿,0,0.0,0,0.0,0,0.0,0,0.0
640,2024-10-16 142455,中性,微饿,0,0.0,0,0.0,0,0.0,0,0.0
641,2024-10-16 142455,中性,微饿,0,0.0,0,0.0,0,0.0,0,0.0
642,2024-10-16 142455,中性,微饿,0,0.0,0,0.0,0,0.0,0,0.0
644,2024-10-16 142455,中性,微饿,0,0.0,0,0.0,0,0.0,0,0.0
645,2024-10-16 142455,中性,微饿,0,0.0,0,0.0,0,0.0,0,0.0
646,2024-10-16 142455,中性,微饿,0,0.0,0,0.0,0,0.0,0,0.0
647,2024-10-16 142455,中性,微饿,0,0.0,0,0.0,0,0.0,0,0.0
648,2024-10-16 142455,中性,微饿,0,0.0,0,0.0,0,0.0,0,0.0
649,2024-10-16 142455,中性,微饿,0,0.0,0,0.0,0,0.0,0,0.0
650,2024-10-16 142455,中性,微饿,0,0.0,0,0.0,0,0.0,0,0.0
652,2024-10-16 142455,中性,微饿,0,0.0,0,0.0,0,0.0,0,0.0
653,2024-10-16 142455,中性,微饿,0,0.0,0,0.0,0,0.0,0,0.0
654,2024-10-16 142455,中性,微饿,0,0.0,0,0.0,0,0.0,0,0.0
655,2024-10-16 142455,中性,微饿,0,0.0,0,0.0,0,0.0,0,0.0
656,2024-10-16 142455,中性,微饿,0,0.0,0,0.0,0,0.0,0,0.0
657,2024-10-16 142455,中性,微饿,0,0.0,0,0.0,0,0.0,0,0.0
658,2024-10-16 142455,中性,微饿,0,0.0,0,0.0,0,0.0,0,0.0
659,2024-10-16 142455,中性,饥饿,0,0.0,0,0.0,0,0.0,0,0.0
660,2024-10-16 142455,中性,饥饿,0,0.0,0,0.0,0,0.0,0,0.0
661,2024-10-16 142455,中性,饥饿,0,0.0,0,0.0,0,0.0,0,0.0
662,2024-10-16 142455,中性,饥饿,0,0.0,0,0.0,0,0.0,0,0.0
663,2024-10-16 142455,中性,饥饿,0,0.0,0,0.0,0,0.0,0,0.0
664,2024-10-16 142455,微饿,饥饿,0,0.0,0,0.0,0,0.0,0,0.0
665,2024-10-16 142455,中性,饥饿,0,0.0,0,0.0,0,0.0,0,0.0
666,2024-10-16 142455,中性,饥饿,0,0.0,0,0.0,0,0.0,0,0.0
667,2024-10-16 142455,饱腹,饥饿,0,0.0,0,0.0,0,0.0,0,0.0
668,2024-10-16 142455,中性,饥饿,0,0.0,0,0.0,0,0.0,0,0.0
669,2024-10-16 142455,中性,饥饿,0,0.0,0,0.0,0,0.0,0,0.0
670,2024-10-16 142455,中性,饥饿,0,0.0,0,0.0,0,0.0,0,0.0
671,2024-10-16 142455,中性,饥饿,0,0.0,0,0.0,0,0.0,0,0.0
672,2024-10-16 142455,中性,饥饿,0,0.0,0,0.0,0,0.0,0,0.0
673,2024-10-16 142455,中性,饥饿,0,0.0,0,0.0,0,0.0,0,0.0
675,2024-10-16 142455,微饿,饥饿,0,0.0,1,9.0,0,0.0,3,9.0
676,2024-10-16 142455,微饿,饥饿,0,0.0,1,9.0,0,0.0,3,9.0
677,2024-10-16 142455,微饿,饥饿,0,0.0,1,9.0,0,0.0,5,10.0
678,2024-10-16 142455,微饿,饥饿,0,0.0,1,9.0,0,0.0,5,10.0
679,2024-10-16 142455,饱腹,饥饿,0,0.0,1,9.0,0,0.0,5,10.0
680,2024-10-16 142455,微饿,饥饿,0,0.0,1,9.0,0,0.0,5,10.0
681,2024-10-16 142455,微饿,饥饿,0,0.0,1,9.0,0,0.0,7,19.0
682,2024-10-16 142455,微饿,饥饿,0,0.0,2,38.0,0,0.0,9,48.0
683,2024-10-16 142455,微饿,饥饿,0,0.0,2,38.0,0,0.0,9,48.0
684,2024-10-16 142455,微饿,饥饿,0,0.0,1,29.0,0,0.0,6,39.0
685,2024-10-16 142455,微饿,饥饿,0,0.0,1,29.0,0,0.0,6,39.0
687,2024-10-16 142455,微饿,饥饿,0,0.0,2,39.0,0,0.0,6,48.0
688,2024-10-16 142455,微饿,饥饿,0,0.0,2,39.0,0,0.0,6,48.0
718,2024-10-16 142455,中性,饱腹,0,0.0,0,0.0,0,0.0,4,50.0
724,2024-10-16 142455,饱腹,中性,0,0.0,0,0.0,0,0.0,4,50.0
726,2024-10-16 142455,饱腹,中性,0,0.0,0,0.0,0,0.0,2,207.0
727,2024-10-16 142455,饱腹,中性,0,0.0,0,0.0,0,0.0,2,207.0
731,2024-10-16 142455,饱腹,中性,0,0.0,0,0.0,0,0.0,4,121.0
738,2024-10-16 142455,饱腹,中性,0,0.0,0,0.0,0,0.0,4,125.0
739,2024-10-16 142455,饱腹,中性,0,0.0,0,0.0,0,0.0,4,125.0
741,2024-10-16 142455,饱腹,中性,0,0.0,0,0.0,0,0.0,2,112.0
742,2024-10-16 142455,饥饿,中性,0,0.0,0,0.0,0,0.0,0,0.0
743,2024-10-16 142455,饥饿,中性,0,0.0,0,0.0,0,0.0,0,0.0
745,2024-10-16 142455,饱腹,中性,0,0.0,0,0.0,0,0.0,4,172.0
746,2024-10-16 142455,饱腹,中性,0,0.0,0,0.0,0,0.0,4,172.0
747,2024-10-16 142455,饱腹,中性,0,0.0,0,0.0,0,0.0,4,172.0
749,2024-10-19 231445,饥饿,微饿,0,0.0,0,0.0,1,2.0,2,2.0
750,2024-10-19 231445,饥饿,微饿,0,0.0,0,0.0,1,2.0,2,2.0
751,2024-10-19 231445,饥饿,微饿,0,0.0,0,0.0,1,2.0,2,2.0
752,2024-10-19 231445,饥饿,微饿,0,0.0,0,0.0,1,2.0,2,2.0
753,2024-10-19 231445,饥饿,微饿,0,0.0,1,10.0,1,2.0,4,12.0
754,2024-10-19 231445,饥饿,微饿,0,0.0,1,10.0,1,2.0,4,12.0
755,2024-10-19 231445,饥饿,微饿,0,0.0,1,10.0,0,0.0,2,10.0
756,2024-10-19 231445,饥饿,微饿,0,0.0,1,10.0,0,0.0,2,10.0
757,2024-10-19 231445,饥饿,微饿,0,0.0,1,10.0,0,0.0,2,10.0
758,2024-10-19 231445,饥饿,微饿,0,0.0,1,10.0,0,0.0,2,10.0
759,2024-10-19 231445,饥饿,微饿,0,0.0,1,10.0,0,0.0,2,10.0
760,2024-10-19 231445,饥饿,微饿,0,0.0,1,10.0,0,0.0,2,10.0
761,2024-10-19 231445,饥饿,微饿,0,0.0,1,10.0,0,0.0,2,10.0
763,2024-10-19 231445,饥饿,微饿,1,3.0,3,36.0,1,1.0,8,37.0
766,2024-10-19 231445,饥饿,微饿,1,3.0,3,36.0,1,1.0,8,37.0
768,2024-10-19 231445,饥饿,微饿,1,3.0,3,36.0,1,1.0,8,37.0
769,2024-10-19 231445,饥饿,微饿,1,3.0,3,36.0,1,1.0,8,37.0
770,2024-10-19 231445,饥饿,微饿,2,5.0,5,45.0,1,1.0,12,46.0
771,2024-10-19 231445,饥饿,微饿,2,5.0,5,42.0,1,1.0,12,43.0
774,2024-10-19 231445,饥饿,微饿,1,2.0,3,24.0,0,0.0,6,24.0
775,2024-10-19 231445,饥饿,微饿,1,2.0,3,24.0,0,0.0,6,24.0
776,2024-10-19 231445,饥饿,微饿,1,2.0,3,24.0,0,0.0,6,24.0
777,2024-10-19 231445,饥饿,微饿,1,2.0,3,24.0,0,0.0,6,24.0
780,2024-10-19 231445,微饿,饥饿,0,0.0,1,33.0,0,0.0,2,33.0
781,2024-10-19 231445,微饿,饥饿,0,0.0,1,33.0,0,0.0,2,33.0
782,2024-10-19 231445,微饿,饥饿,0,0.0,1,33.0,0,0.0,2,33.0
784,2024-10-19 231445,微饿,饥饿,0,0.0,1,33.0,0,0.0,2,33.0
786,2024-10-19 231445,微饿,饥饿,0,0.0,1,33.0,0,0.0,2,33.0
787,2024-10-19 231445,微饿,饥饿,0,0.0,2,43.0,0,0.0,4,43.0
801,2024-10-19 231445,微饿,饥饿,0,0.0,0,0.0,0,0.0,0,0.0
803,2024-10-19 231445,微饿,饥饿,0,0.0,1,4.0,0,0.0,2,4.0
824,2024-10-19 231445,中性,饱腹,0,0.0,0,0.0,0,0.0,2,72.0
825,2024-10-19 231445,中性,饱腹,0,0.0,0,0.0,0,0.0,2,72.0
826,2024-10-19 231445,中性,饱腹,0,0.0,0,0.0,0,0.0,2,72.0
827,2024-10-19 231445,中性,饱腹,0,0.0,0,0.0,0,0.0,2,72.0
828,2024-10-19 231445,中性,饱腹,0,0.0,0,0.0,0,0.0,2,72.0
829,2024-10-19 231445,中性,饱腹,0,0.0,0,0.0,0,0.0,2,72.0
830,2024-10-19 231445,中性,饱腹,0,0.0,0,0.0,0,0.0,2,72.0
832,2024-10-19 231445,饥饿,饱腹,0,0.0,0,0.0,0,0.0,0,0.0
833,2024-10-19 231445,微饿,饱腹,0,0.0,0,0.0,0,0.0,0,0.0
834,2024-10-19 231445,微饿,饱腹,0,0.0,0,0.0,0,0.0,0,0.0
835,2024-10-19 231445,饥饿,饱腹,0,0.0,0,0.0,0,0.0,0,0.0
836,2024-10-19 231445,饥饿,饱腹,0,0.0,0,0.0,0,0.0,0,0.0
837,2024-10-19 231445,中性,饱腹,0,0.0,0,0.0,0,0.0,0,0.0
838,2024-10-19 231445,中性,饱腹,0,0.0,0,0.0,0,0.0,0,0.0
852,2024-10-19 231445,微饿,中性,0,0.0,0,0.0,0,0.0,0,0.0
853,2024-10-19 231445,微饿,中性,0,0.0,0,0.0,0,0.0,0,0.0
857,2024-10-19 231445,微饿,中性,0,0.0,0,0.0,0,0.0,0,0.0
858,2024-10-19 231445,饱腹,中性,0,0.0,0,0.0,0,0.0,0,0.0
859,2024-10-19 231445,饱腹,中性,0,0.0,0,0.0,0,0.0,0,0.0
860,2024-10-19 231445,饱腹,中性,0,0.0,0,0.0,0,0.0,0,0.0
864,2024-10-19 231445,饱腹,中性,0,0.0,0,0.0,0,0.0,0,0.0
866,2024-10-19 231445,饱腹,中性,0,0.0,0,0.0,0,0.0,0,0.0
867,2024-10-19 231445,饱腹,中性,0,0.0,0,0.0,0,0.0,0,0.0
869,2024-11-13 134739,中性,微饿,0,0.0,0,0.0,0,0.0,0,0.0
870,2024-11-13 134739,中性,微饿,0,0.0,0,0.0,0,0.0,0,0.0
871,2024-11-13 134739,中性,微饿,0,0.0,0,0.0,0,0.0,0,0.0
874,2024-11-13 134739,饥饿,微饿,0,0.0,6,25.0,4,19.0,17,34.0
875,2024-11-13 134739,饥饿,微饿,0,0.0,9,38.0,6,30.0,25,57.0
876,2024-11-13 134739,饥饿,微饿,0,0.0,9,38.0,6,30.0,25,57.0
880,2024-11-13 134739,饥饿,微饿,0,0.0,9,38.0,6,30.0,25,57.0
881,2024-11-13 134739,饥饿,微饿,0,0.0,9,38.0,6,30.0,25,57.0
882,2024-11-13 134739,饥饿,微饿,0,0.0,7,29.0,5,24.0,20,48.0
883,2024-11-13 134739,饥饿,微饿,0,0.0,6,26.0,3,15.0,14,36.0
886,2024-11-13 134739,饱腹,微饿,0,0.0,0,0.0,0,0.0,0,0.0
889,2024-11-13 134739,饥饿,微饿,2,10.0,0,0.0,1,4.0,6,14.0
893,2024-11-13 134739,饥饿,微饿,2,10.0,2,23.0,2,5.0,12,38.0
894,2024-11-13 134739,饥饿,微饿,2,10.0,2,23.0,2,5.0,12,38.0
901,2024-11-13 134739,微饿,饥饿,2,14.0,0,0.0,0,0.0,6,16.0
902,2024-11-13 134739,微饿,饥饿,2,14.0,0,0.0,0,0.0,6,16.0
903,2024-11-13 134739,微饿,饥饿,2,14.0,1,3.0,0,0.0,10,23.0
904,2024-11-13 134739,微饿,饥饿,2,14.0,1,3.0,0,0.0,10,23.0
907,2024-11-13 134739,微饿,饥饿,1,4.0,1,3.0,0,0.0,8,13.0
908,2024-11-13 134739,微饿,饥饿,0,0.0,1,3.0,0,0.0,4,7.0
909,2024-11-13 134739,微饿,饥饿,0,0.0,1,3.0,0,0.0,4,7.0
910,2024-11-13 134739,微饿,饥饿,0,0.0,1,3.0,0,0.0,4,7.0
911,2024-11-13 134739,微饿,饥饿,0,0.0,1,3.0,0,0.0,4,7.0
912,2024-11-13 134739,微饿,饥饿,0,0.0,1,3.0,0,0.0,4,7.0
913,2024-11-13 134739,饱腹,饥饿,0,0.0,0,0.0,0,0.0,0,0.0
914,2024-11-13 134739,中性,饥饿,0,0.0,0,0.0,0,0.0,0,0.0
915,2024-11-13 134739,微饿,饥饿,0,0.0,0,0.0,1,7.0,2,7.0
916,2024-11-13 134739,微饿,饥饿,0,0.0,0,0.0,1,7.0,2,7.0
918,2024-11-13 134739,微饿,饥饿,0,0.0,0,0.0,1,7.0,2,7.0
920,2024-11-13 134739,微饿,饥饿,0,0.0,0,0.0,1,7.0,2,7.0
924,2024-11-13 134739,微饿,饥饿,0,0.0,1,7.0,1,7.0,4,14.0
927,2024-11-13 134739,微饿,饥饿,0,0.0,2,11.0,0,0.0,4,11.0
936,2024-11-13 134739,微饿,饱腹,0,0.0,1,4.0,0,0.0,14,23.0
944,2024-11-13 134739,中性,饱腹,0,0.0,0,0.0,0,0.0,2,132.0
945,2024-11-13 134739,中性,饱腹,0,0.0,0,0.0,0,0.0,0,0.0
946,2024-11-13 134739,中性,饱腹,0,0.0,0,0.0,0,0.0,0,0.0
947,2024-11-13 134739,中性,饱腹,0,0.0,0,0.0,0,0.0,0,0.0
949,2024-11-13 134739,中性,饱腹,0,0.0,0,0.0,0,0.0,0,0.0
951,2024-11-13 134739,中性,饱腹,0,0.0,0,0.0,0,0.0,0,0.0
952,2024-11-13 134739,中性,饱腹,0,0.0,0,0.0,0,0.0,0,0.0
953,2024-11-13 134739,中性,饱腹,0,0.0,0,0.0,0,0.0,0,0.0
954,2024-11-13 134739,中性,饱腹,0,0.0,0,0.0,0,0.0,0,0.0
955,2024-11-13 134739,中性,饱腹,0,0.0,0,0.0,0,0.0,0,0.0
956,2024-11-13 134739,中性,饱腹,0,0.0,0,0.0,0,0.0,0,0.0
958,2024-11-13 134739,饱腹,中性,0,0.0,0,0.0,0,0.0,0,0.0
960,2024-11-13 134739,饱腹,中性,0,0.0,0,0.0,0,0.0,0,0.0
961,2024-11-13 134739,饱腹,中性,0,0.0,0,0.0,0,0.0,0,0.0
963,2024-11-13 134739,饱腹,中性,0,0.0,0,0.0,0,0.0,0,0.0
965,2024-11-13 134739,饱腹,中性,0,0.0,0,0.0,0,0.0,0,0.0
966,2024-11-13 134739,饱腹,中性,0,0.0,0,0.0,0,0.0,0,0.0
969,2024-11-13 134739,饱腹,中性,0,0.0,0,0.0,0,0.0,2,8.0
970,2024-11-13 134739,饱腹,中性,0,0.0,0,0.0,0,0.0,2,8.0
974,2024-11-13 134739,饱腹,中性,0,0.0,0,0.0,0,0.0,2,8.0
977,2024-11-13 134739,饱腹,中性,0,0.0,0,0.0,0,0.0,2,8.0
988,2024-11-14 140612,饥饿,微饿,0,0.0,1,5.0,4,8.0,11,13.0
998,2024-11-14 140612,微饿,饥饿,2,7.0,3,46.0,0,0.0,10,53.0
999,2024-11-14 140612,微饿,饥饿,2,7.0,3,69.0,0,0.0,10,76.0
1000,2024-11-14 140612,微饿,饥饿,2,7.0,2,38.0,0,0.0,8,45.0
1001,2024-11-14 140612,微饿,饥饿,1,1.0,2,38.0,0,0.0,6,39.0
1002,2024-11-14 140612,微饿,饥饿,1,1.0,2,38.0,0,0.0,6,39.0
1003,2024-11-14 140612,微饿,饥饿,1,1.0,2,38.0,0,0.0,6,39.0
1004,2024-11-14 140612,微饿,饥饿,2,19.0,2,38.0,0,0.0,8,57.0
1005,2024-11-14 140612,微饿,饥饿,2,19.0,2,38.0,1,2.0,10,59.0
1006,2024-11-14 140612,微饿,饥饿,2,19.0,2,38.0,1,2.0,10,59.0
1007,2024-11-14 140612,微饿,饥饿,1,18.0,2,38.0,1,2.0,8,58.0
1008,2024-11-14 140612,微饿,饥饿,1,18.0,0,0.0,1,2.0,4,20.0
1009,2024-11-14 140612,微饿,饥饿,1,18.0,0,0.0,2,7.0,6,25.0
1013,2024-11-14 140612,微饿,饥饿,0,0.0,1,14.0,2,7.0,10,39.0
1019,2024-11-14 140612,微饿,饥饿,0,0.0,9,134.0,0,0.0,26,161.0
1020,2024-11-14 140612,微饿,饥饿,0,0.0,9,134.0,0,0.0,24,146.0
1032,2024-11-14 140612,饥饿,饱腹,0,0.0,1,9.0,0,0.0,10,22.0
1036,2024-11-14 140612,微饿,饱腹,0,0.0,0,0.0,0,0.0,0,0.0
1037,2024-11-14 140612,微饿,饱腹,0,0.0,0,0.0,0,0.0,0,0.0
1042,2024-11-14 140612,中性,饱腹,0,0.0,0,0.0,0,0.0,6,142.0
1047,2024-11-14 140612,中性,饱腹,0,0.0,0,0.0,0,0.0,8,55.0
1051,2024-11-14 140612,中性,饱腹,0,0.0,0,0.0,0,0.0,6,47.0
1052,2024-11-14 140612,中性,饱腹,0,0.0,0,0.0,0,0.0,4,33.0
1053,2024-11-14 140612,中性,饱腹,0,0.0,0,0.0,0,0.0,4,11.0
1055,2024-11-14 140612,中性,饱腹,0,0.0,0,0.0,0,0.0,2,2.0
1058,2024-11-14 140612,饱腹,中性,0,0.0,0,0.0,0,0.0,6,47.0
1059,2024-11-14 140612,饱腹,中性,0,0.0,0,0.0,0,0.0,6,47.0
1060,2024-11-14 140612,饱腹,中性,0,0.0,0,0.0,0,0.0,6,47.0
1061,2024-11-14 140612,饱腹,中性,0,0.0,0,0.0,0,0.0,6,47.0
1063,2024-11-14 140612,饱腹,中性,0,0.0,0,0.0,0,0.0,6,72.0
1082,2024-11-14 140612,饱腹,中性,0,0.0,0,0.0,0,0.0,4,153.0
1085,2024-11-14 140612,饥饿,中性,0,0.0,0,0.0,0,0.0,0,0.0
1086,2024-11-14 140612,饥饿,中性,0,0.0,0,0.0,0,0.0,0,0.0
1091,2024-11-15 135858,饥饿,微饿,2,4.0,23,176.0,1,4.0,56,239.0
1093,2024-11-15 135858,饥饿,微饿,2,8.0,25,232.0,1,4.0,56,243.0
1096,2024-11-15 135858,饥饿,微饿,1,6.0,29,245.0,3,16.0,62,256.0
1098,2024-11-15 135858,饥饿,微饿,1,6.0,28,256.0,4,26.0,60,267.0
1099,2024-11-15 135858,饥饿,微饿,1,6.0,28,257.0,5,29.0,61,268.0
1100,2024-11-15 135858,饥饿,微饿,1,6.0,27,252.0,4,25.0,59,263.0
1101,2024-11-15 135858,饥饿,微饿,1,6.0,27,218.0,4,25.0,59,229.0
1102,2024-11-15 135858,饥饿,微饿,1,6.0,27,218.0,4,25.0,59,229.0
1103,2024-11-15 135858,饥饿,微饿,0,0.0,30,275.0,4,25.0,63,280.0
1105,2024-11-15 135858,饥饿,微饿,0,0.0,25,243.0,3,19.0,53,248.0
1106,2024-11-15 135858,饥饿,微饿,0,0.0,21,225.0,2,13.0,43,225.0
1107,2024-11-15 135858,饥饿,微饿,0,0.0,19,192.0,2,13.0,39,192.0
1108,2024-11-15 135858,饥饿,微饿,0,0.0,16,235.0,0,0.0,32,235.0
1109,2024-11-15 135858,饥饿,微饿,0,0.0,13,205.0,0,0.0,26,205.0
1110,2024-11-15 135858,饥饿,微饿,0,0.0,9,181.0,0,0.0,18,181.0
1111,2024-11-15 135858,饥饿,微饿,0,0.0,9,132.0,1,2.0,20,145.0
1116,2024-11-15 135858,饥饿,微饿,0,0.0,9,131.0,1,2.0,22,156.0
1117,2024-11-15 135858,微饿,饥饿,2,27.0,9,131.0,1,2.0,26,183.0
1122,2024-11-15 135858,微饿,饥饿,3,36.0,7,102.0,0,0.0,26,158.0
1123,2024-11-15 135858,微饿,饥饿,3,36.0,6,97.0,1,1.0,28,162.0
1131,2024-11-15 135858,微饿,饥饿,1,8.0,15,173.0,6,36.0,47,213.0
1132,2024-11-15 135858,微饿,饥饿,1,8.0,17,179.0,6,36.0,53,226.0
1134,2024-11-15 135858,微饿,饥饿,1,8.0,12,130.0,2,22.0,38,168.0
1137,2024-11-15 135858,微饿,饥饿,1,8.0,11,45.0,4,10.0,44,116.0
1139,2024-11-15 135858,微饿,饥饿,1,8.0,11,46.0,4,10.0,46,134.0
1141,2024-11-15 135858,微饿,饥饿,0,0.0,12,105.0,4,10.0,42,181.0
1142,2024-11-15 135858,微饿,饥饿,0,0.0,13,121.0,4,10.0,44,191.0
1143,2024-11-15 135858,微饿,饥饿,0,0.0,13,115.0,4,10.0,48,195.0
1144,2024-11-15 135858,微饿,饥饿,2,8.0,13,115.0,4,10.0,52,203.0
1146,2024-11-15 135858,微饿,饥饿,2,8.0,11,112.0,2,6.0,42,166.0
1150,2024-11-15 135858,饥饿,饱腹,2,8.0,5,26.0,0,0.0,26,52.0
1151,2024-11-15 135858,饥饿,饱腹,2,8.0,3,5.0,0,0.0,20,27.0
1152,2024-11-15 135858,饥饿,饱腹,2,8.0,1,3.0,0,0.0,14,24.0
1159,2024-11-15 135858,中性,饱腹,0,0.0,0,0.0,0,0.0,6,139.0
1165,2024-11-15 135858,中性,饱腹,0,0.0,0,0.0,0,0.0,2,85.0
1166,2024-11-15 135858,中性,饱腹,0,0.0,0,0.0,0,0.0,0,0.0
1167,2024-11-15 135858,中性,饱腹,0,0.0,0,0.0,0,0.0,0,0.0
1174,2024-11-19 134453,饥饿,微饿,0,0.0,1,1.0,0,0.0,2,1.0
1177,2024-11-19 134453,饥饿,微饿,0,0.0,1,1.0,2,5.0,8,10.0
1179,2024-11-19 134453,饥饿,微饿,0,0.0,1,1.0,2,5.0,8,10.0
1180,2024-11-19 134453,饥饿,微饿,0,0.0,0,0.0,2,5.0,6,9.0
1181,2024-11-19 134453,饥饿,微饿,0,0.0,0,0.0,2,5.0,6,9.0
1182,2024-11-19 134453,饥饿,微饿,0,0.0,0,0.0,2,5.0,6,9.0
1183,2024-11-19 134453,饥饿,微饿,0,0.0,1,66.0,2,5.0,8,75.0
1184,2024-11-19 134453,饥饿,微饿,0,0.0,1,66.0,2,5.0,8,75.0
1185,2024-11-19 134453,饥饿,微饿,0,0.0,2,102.0,1,1.0,8,107.0
1186,2024-11-19 134453,饥饿,微饿,0,0.0,2,102.0,0,0.0,4,102.0
1187,2024-11-19 134453,饥饿,微饿,0,0.0,2,102.0,0,0.0,4,102.0
1188,2024-11-19 134453,饥饿,微饿,0,0.0,2,102.0,0,0.0,4,102.0
1189,2024-11-19 134453,饥饿,微饿,0,0.0,2,102.0,0,0.0,4,102.0
1190,2024-11-19 134453,饥饿,微饿,0,0.0,2,102.0,0,0.0,4,102.0
1191,2024-11-19 134453,饥饿,微饿,0,0.0,1,36.0,0,0.0,2,36.0
1192,2024-11-19 134453,饥饿,微饿,0,0.0,2,97.0,0,0.0,4,97.0
1193,2024-11-19 134453,饥饿,微饿,0,0.0,2,97.0,0,0.0,4,97.0
1194,2024-11-19 134453,饥饿,微饿,1,4.0,1,61.0,0,0.0,4,65.0
1195,2024-11-19 134453,饥饿,微饿,1,4.0,1,61.0,0,0.0,4,65.0
1196,2024-11-19 134453,饥饿,微饿,1,4.0,1,61.0,0,0.0,4,65.0
1197,2024-11-19 134453,饥饿,微饿,1,4.0,1,61.0,0,0.0,4,65.0
1198,2024-11-19 134453,饥饿,微饿,1,4.0,1,61.0,0,0.0,4,65.0
1199,2024-11-19 134453,饥饿,微饿,1,4.0,1,61.0,0,0.0,4,65.0
1200,2024-11-19 134453,饥饿,微饿,1,4.0,1,7.0,0,0.0,4,11.0
1202,2024-11-19 134453,饥饿,微饿,1,4.0,5,46.0,1,6.0,12,50.0
1203,2024-11-19 134453,饱腹,饥饿,1,4.0,8,65.0,2,17.0,19,69.0
1205,2024-11-19 134453,饱腹,饥饿,1,3.0,8,65.0,2,17.0,19,68.0
1206,2024-11-19 134453,饱腹,饥饿,1,3.0,8,65.0,2,17.0,19,68.0
1207,2024-11-19 134453,微饿,饥饿,2,5.0,8,65.0,2,17.0,21,70.0
1208,2024-11-19 134453,微饿,饥饿,2,5.0,10,117.0,3,24.0,25,122.0
1209,2024-11-19 134453,微饿,饥饿,2,5.0,12,148.0,4,30.0,29,153.0
1210,2024-11-19 134453,微饿,饥饿,2,5.0,11,134.0,4,30.0,27,139.0
1211,2024-11-19 134453,微饿,饥饿,2,5.0,10,119.0,4,30.0,25,124.0
1212,2024-11-19 134453,微饿,饥饿,2,5.0,7,104.0,3,24.0,19,109.0
1213,2024-11-19 134453,微饿,饥饿,2,5.0,5,91.0,2,13.0,14,96.0
1214,2024-11-19 134453,微饿,饥饿,2,5.0,5,91.0,2,13.0,14,96.0
1215,2024-11-19 134453,微饿,饥饿,1,2.0,6,107.0,2,13.0,14,109.0
1216,2024-11-19 134453,微饿,饥饿,0,0.0,6,107.0,2,13.0,12,107.0
1217,2024-11-19 134453,微饿,饥饿,0,0.0,6,99.0,2,13.0,12,99.0
1218,2024-11-19 134453,微饿,饥饿,0,0.0,4,67.0,1,6.0,8,67.0
1219,2024-11-19 134453,微饿,饥饿,1,2.0,2,53.0,0,0.0,6,55.0
1220,2024-11-19 134453,微饿,饥饿,1,2.0,2,53.0,0,0.0,6,55.0
1221,2024-11-19 134453,微饿,饥饿,1,2.0,2,53.0,0,0.0,6,55.0
1222,2024-11-19 134453,微饿,饥饿,1,2.0,2,53.0,0,0.0,6,55.0
1223,2024-11-19 134453,微饿,饥饿,1,2.0,2,53.0,0,0.0,6,55.0
1224,2024-11-19 134453,微饿,饥饿,1,2.0,2,53.0,0,0.0,6,55.0
1225,2024-11-19 134453,微饿,饥饿,1,2.0,1,37.0,0,0.0,4,39.0
1229,2024-11-19 134453,中性,饥饿,0,0.0,0,0.0,0,0.0,0,0.0
1230,2024-11-19 134453,中性,饥饿,0,0.0,0,0.0,0,0.0,0,0.0
1231,2024-11-19 134453,中性,饥饿,0,0.0,0,0.0,0,0.0,0,0.0
1232,2024-11-19 134453,饱腹,饥饿,0,0.0,0,0.0,0,0.0,0,0.0
1248,2024-11-19 134453,中性,饱腹,0,0.0,0,0.0,0,0.0,2,41.0
1250,2024-11-19 134453,微饿,饱腹,0,0.0,0,0.0,0,0.0,0,0.0
1251,2024-11-19 134453,饥饿,饱腹,0,0.0,0,0.0,0,0.0,0,0.0
1256,2024-11-19 134453,中性,饱腹,0,0.0,0,0.0,0,0.0,0,0.0
1257,2024-11-19 134453,中性,饱腹,0,0.0,0,0.0,0,0.0,0,0.0
1258,2024-11-19 134453,中性,饱腹,0,0.0,0,0.0,0,0.0,0,0.0
1259,2024-11-19 134453,中性,饱腹,0,0.0,0,0.0,0,0.0,0,0.0
1260,2024-11-19 134453,饥饿,饱腹,0,0.0,0,0.0,0,0.0,0,0.0
1261,2024-11-19 134453,中性,饱腹,0,0.0,0,0.0,0,0.0,2,18.0
1262,2024-11-19 134453,中性,饱腹,0,0.0,0,0.0,0,0.0,2,18.0
1271,2024-11-19 134453,饱腹,中性,0,0.0,0,0.0,0,0.0,0,0.0
1272,2024-11-19 134453,饥饿,中性,0,0.0,0,0.0,0,0.0,0,0.0
1273,2024-11-19 134453,饱腹,中性,0,0.0,0,0.0,0,0.0,0,0.0
1274,2024-11-19 134453,饱腹,中性,0,0.0,0,0.0,0,0.0,0,0.0
1278,2024-11-19 134453,饥饿,中性,0,0.0,0,0.0,0,0.0,0,0.0
1280,2024-11-19 134453,饱腹,中性,0,0.0,0,0.0,0,0.0,2,13.0
1285,2024-11-20 135807,饥饿,微饿,6,15.0,23,226.0,10,112.0,70,236.0
1286,2024-11-20 135807,饥饿,微饿,6,15.0,21,176.0,9,75.0,63,186.0
1287,2024-11-20 135807,饥饿,微饿,6,15.0,22,252.0,10,153.0,67,262.0
1289,2024-11-20 135807,微饿,饥饿,5,11.0,19,252.0,9,171.0,59,256.0
1290,2024-11-20 135807,微饿,饥饿,3,6.0,16,236.0,6,165.0,41,237.0
1291,2024-11-20 135807,微饿,饥饿,2,2.0,15,276.0,8,231.0,44,281.0
1297,2024-11-20 135807,微饿,饥饿,0,0.0,12,156.0,10,134.0,53,189.0
1303,2024-11-20 135807,微饿,饥饿,1,4.0,11,203.0,3,101.0,30,217.0
1304,2024-11-20 135807,微饿,饥饿,1,4.0,11,225.0,4,136.0,31,239.0
1306,2024-11-20 135807,微饿,饥饿,1,4.0,9,176.0,2,48.0,23,190.0
1307,2024-11-20 135807,微饿,饥饿,1,4.0,9,176.0,2,48.0,23,190.0
1313,2024-11-20 135807,微饿,饥饿,0,0.0,7,112.0,2,21.0,17,112.0
1314,2024-11-20 135807,微饿,饥饿,0,0.0,6,67.0,2,21.0,15,67.0
1316,2024-11-20 135807,微饿,饥饿,0,0.0,6,67.0,2,21.0,15,67.0
1317,2024-11-20 135807,微饿,饥饿,0,0.0,6,67.0,2,21.0,15,67.0
1318,2024-11-20 135807,饥饿,饱腹,0,0.0,7,219.0,3,173.0,19,219.0
1327,2024-11-20 135807,饥饿,饱腹,0,0.0,1,1.0,1,1.0,7,2.0
1328,2024-11-20 135807,微饿,饱腹,0,0.0,1,1.0,1,1.0,7,2.0
1329,2024-11-20 135807,中性,饱腹,0,0.0,0,0.0,0,0.0,0,0.0
1334,2024-11-20 135807,中性,饱腹,0,0.0,0,0.0,0,0.0,10,208.0
1337,2024-11-20 135807,中性,饱腹,0,0.0,0,0.0,0,0.0,8,220.0
1338,2024-11-20 135807,中性,饱腹,0,0.0,0,0.0,0,0.0,8,220.0
1339,2024-11-20 135807,中性,饱腹,0,0.0,0,0.0,0,0.0,8,220.0
1340,2024-11-20 135807,中性,饱腹,0,0.0,0,0.0,0,0.0,8,191.0
1343,2024-11-20 135807,中性,饱腹,0,0.0,0,0.0,0,0.0,4,97.0
1344,2024-11-20 135807,中性,饱腹,0,0.0,0,0.0,0,0.0,6,103.0
1345,2024-11-20 135807,中性,饱腹,0,0.0,0,0.0,0,0.0,6,103.0
1346,2024-11-20 135807,中性,饱腹,0,0.0,0,0.0,0,0.0,6,103.0
1347,2024-11-20 135807,中性,饱腹,0,0.0,0,0.0,0,0.0,6,103.0
1348,2024-11-20 135807,中性,饱腹,0,0.0,0,0.0,0,0.0,6,103.0
1362,2024-11-22 140008,饥饿,微饿,0,0.0,4,35.0,0,0.0,10,44.0
1372,2024-11-22 140008,饥饿,微饿,0,0.0,7,61.0,0,0.0,16,67.0
1374,2024-11-22 140008,饥饿,微饿,0,0.0,5,44.0,1,4.0,15,54.0
1375,2024-11-22 140008,饥饿,微饿,0,0.0,5,49.0,3,20.0,25,65.0
1377,2024-11-22 140008,饥饿,微饿,0,0.0,6,58.0,7,66.0,33,97.0
1379,2024-11-22 140008,饥饿,微饿,0,0.0,6,58.0,8,93.0,35,124.0
1380,2024-11-22 140008,饥饿,微饿,0,0.0,6,58.0,8,93.0,37,127.0
1382,2024-11-22 140008,饥饿,微饿,0,0.0,11,92.0,11,118.0,51,161.0
1384,2024-11-22 140008,饥饿,微饿,0,0.0,16,123.0,13,142.0,62,196.0
1385,2024-11-22 140008,饥饿,微饿,0,0.0,20,145.0,13,128.0,64,195.0
1386,2024-11-22 140008,饥饿,微饿,0,0.0,23,156.0,13,128.0,66,198.0
1387,2024-11-22 140008,微饿,饥饿,0,0.0,20,127.0,12,112.0,60,175.0
1388,2024-11-22 140008,微饿,饥饿,0,0.0,20,127.0,11,85.0,58,148.0
1389,2024-11-22 140008,微饿,饥饿,0,0.0,20,127.0,11,85.0,58,148.0
1390,2024-11-22 140008,微饿,饥饿,0,0.0,20,127.0,11,85.0,56,145.0
1392,2024-11-22 140008,微饿,饥饿,0,0.0,22,108.0,9,57.0,56,133.0
1393,2024-11-22 140008,微饿,饥饿,0,0.0,23,119.0,8,50.0,57,136.0
1394,2024-11-22 140008,微饿,饥饿,0,0.0,20,96.0,7,38.0,49,113.0
1396,2024-11-22 140008,微饿,饥饿,0,0.0,18,140.0,8,96.0,44,153.0
1397,2024-11-22 140008,微饿,饥饿,0,0.0,21,160.0,7,90.0,50,168.0
1404,2024-11-22 140008,微饿,饥饿,0,0.0,13,84.0,4,47.0,40,107.0
1405,2024-11-22 140008,微饿,饥饿,0,0.0,11,47.0,2,10.0,35,70.0
1406,2024-11-22 140008,微饿,饥饿,0,0.0,9,46.0,1,5.0,33,80.0
1407,2024-11-22 140008,微饿,饥饿,0,0.0,8,34.0,1,5.0,31,73.0
1408,2024-11-22 140008,微饿,饥饿,0,0.0,9,44.0,1,5.0,33,83.0
1409,2024-11-22 140008,微饿,饥饿,0,0.0,13,62.0,1,5.0,41,97.0
1410,2024-11-22 140008,微饿,饥饿,0,0.0,13,62.0,1,5.0,41,102.0
1411,2024-11-22 140008,微饿,饥饿,0,0.0,13,62.0,1,5.0,43,108.0
1412,2024-11-22 140008,微饿,饥饿,0,0.0,17,76.0,3,12.0,53,124.0
1413,2024-11-22 140008,微饿,饥饿,0,0.0,15,70.0,4,19.0,51,125.0
1414,2024-11-22 140008,微饿,饥饿,1,11.0,11,55.0,3,14.0,42,118.0
1415,2024-11-22 140008,微饿,饥饿,1,11.0,11,55.0,3,14.0,42,118.0
1421,2024-11-22 140008,饥饿,饱腹,1,11.0,4,14.0,3,14.0,20,42.0
1422,2024-11-22 140008,饥饿,饱腹,1,11.0,0,0.0,1,7.0,8,20.0
1423,2024-11-22 140008,微饿,饱腹,0,0.0,0,0.0,0,0.0,0,0.0
1424,2024-11-22 140008,微饿,饱腹,0,0.0,0,0.0,0,0.0,0,0.0
1425,2024-11-22 140008,微饿,饱腹,0,0.0,0,0.0,0,0.0,0,0.0
1435,2024-11-22 140008,中性,饱腹,0,0.0,0,0.0,0,0.0,6,166.0
1438,2024-11-22 140008,中性,饱腹,0,0.0,0,0.0,0,0.0,6,235.0
1439,2024-11-22 140008,中性,饱腹,0,0.0,0,0.0,0,0.0,4,220.0
1440,2024-11-22 140008,中性,饱腹,0,0.0,0,0.0,0,0.0,2,131.0
1441,2024-11-22 140008,中性,饱腹,0,0.0,0,0.0,0,0.0,2,131.0
1442,2024-11-22 140008,中性,饱腹,0,0.0,0,0.0,0,0.0,2,131.0
1443,2024-11-22 140008,中性,饱腹,0,0.0,0,0.0,0,0.0,4,280.0
1444,2024-11-22 140008,中性,饱腹,0,0.0,0,0.0,0,0.0,2,149.0
1445,2024-11-22 140008,中性,饱腹,0,0.0,0,0.0,0,0.0,2,149.0
1446,2024-11-22 140008,中性,饱腹,0,0.0,0,0.0,0,0.0,4,236.0
1456,2024-11-22 140008,饥饿,中性,0,0.0,0,0.0,0,0.0,0,0.0
1457,2024-11-22 140008,饥饿,中性,0,0.0,0,0.0,0,0.0,0,0.0
1458,2024-11-22 140008,饥饿,中性,0,0.0,0,0.0,0,0.0,0,0.0
1459,2024-11-22 140008,饥饿,中性,0,0.0,0,0.0,0,0.0,0,0.0
1460,2024-11-22 140008,饥饿,中性,0,0.0,0,0.0,0,0.0,0,0.0
1461,2024-11-22 140008,饥饿,中性,0,0.0,0,0.0,0,0.0,0,0.0
1462,2024-11-22 140008,饥饿,中性,0,0.0,0,0.0,0,0.0,0,0.0
1463,2024-11-22 140008,饥饿,中性,0,0.0,0,0.0,0,0.0,0,0.0
1464,2024-11-22 140008,饥饿,中性,0,0.0,0,0.0,0,0.0,0,0.0
1465,2024-11-22 140008,饥饿,中性,0,0.0,0,0.0,0,0.0,0,0.0
1466,2024-11-22 140008,饥饿,中性,0,0.0,0,0.0,0,0.0,0,0.0
1467,2024-11-22 140008,饥饿,中性,0,0.0,0,0.0,0,0.0,0,0.0
1468,2024-11-22 140008,饥饿,中性,0,0.0,0,0.0,0,0.0,0,0.0
1469,2024-11-22 140008,饥饿,中性,0,0.0,0,0.0,0,0.0,0,0.0
1473,2024-11-22 140008,饱腹,中性,0,0.0,0,0.0,0,0.0,2,9.0
1480,2024-11-25 140700,饥饿,微饿,0,0.0,13,76.0,1,5.0,49,126.0
1483,2024-11-25 140700,饥饿,微饿,0,0.0,6,26.0,1,3.0,32,72.0
1489,2024-11-25 140700,饥饿,微饿,1,10.0,17,76.0,5,21.0,47,106.0
1494,2024-11-25 140700,饥饿,微饿,1,10.0,10,51.0,3,16.0,26,76.0
1495,2024-11-25 140700,饥饿,微饿,1,10.0,5,26.0,1,5.0,16,51.0
1496,2024-11-25 140700,饥饿,微饿,0,0.0,4,18.0,1,5.0,14,50.0
1498,2024-11-25 140700,饥饿,微饿,0,0.0,1,4.0,0,0.0,6,31.0
1499,2024-11-25 140700,饥饿,微饿,0,0.0,1,4.0,0,0.0,6,31.0
1500,2024-11-25 140700,饥饿,微饿,0,0.0,1,4.0,0,0.0,8,36.0
1503,2024-11-25 140700,饥饿,微饿,0,0.0,1,31.0,0,0.0,8,65.0
1506,2024-11-25 140700,饥饿,微饿,0,0.0,1,31.0,0,0.0,10,75.0
1507,2024-11-25 140700,微饿,饥饿,0,0.0,1,31.0,0,0.0,10,75.0
1508,2024-11-25 140700,微饿,饥饿,0,0.0,1,31.0,0,0.0,10,75.0
1509,2024-11-25 140700,微饿,饥饿,0,0.0,1,31.0,0,0.0,8,70.0
1512,2024-11-25 140700,微饿,饥饿,0,0.0,1,11.0,0,0.0,6,38.0
1513,2024-11-25 140700,微饿,饥饿,0,0.0,1,11.0,0,0.0,6,38.0
1521,2024-11-25 140700,微饿,饥饿,0,0.0,2,31.0,0,0.0,6,33.0
1522,2024-11-25 140700,微饿,饥饿,2,27.0,5,62.0,0,0.0,13,64.0
1524,2024-11-25 140700,微饿,饥饿,2,27.0,5,62.0,0,0.0,13,64.0
1525,2024-11-25 140700,微饿,饥饿,2,27.0,5,62.0,0,0.0,13,64.0
1526,2024-11-25 140700,微饿,饥饿,2,27.0,6,164.0,0,0.0,15,166.0
1527,2024-11-25 140700,微饿,饥饿,2,27.0,8,183.0,0,0.0,19,185.0
1528,2024-11-25 140700,微饿,饥饿,2,27.0,8,183.0,0,0.0,21,219.0
1529,2024-11-25 140700,微饿,饥饿,2,27.0,8,183.0,0,0.0,21,219.0
1553,2024-11-25 140700,中性,饱腹,0,0.0,0,0.0,0,0.0,2,24.0
1555,2024-11-25 140700,中性,饱腹,0,0.0,0,0.0,0,0.0,0,0.0
1557,2024-11-25 140700,饥饿,饱腹,0,0.0,0,0.0,0,0.0,0,0.0
1558,2024-11-25 140700,饥饿,饱腹,0,0.0,0,0.0,0,0.0,0,0.0
1559,2024-11-25 140700,饥饿,饱腹,0,0.0,0,0.0,0,0.0,0,0.0
1560,2024-11-25 140700,饥饿,饱腹,0,0.0,0,0.0,0,0.0,0,0.0
1561,2024-11-25 140700,饥饿,饱腹,0,0.0,0,0.0,0,0.0,0,0.0
1562,2024-11-25 140700,饥饿,饱腹,0,0.0,0,0.0,0,0.0,0,0.0
1563,2024-11-25 140700,饥饿,饱腹,0,0.0,0,0.0,0,0.0,0,0.0
1564,2024-11-25 140700,饥饿,饱腹,0,0.0,0,0.0,0,0.0,0,0.0
1565,2024-11-25 140700,饥饿,饱腹,0,0.0,0,0.0,0,0.0,0,0.0
1566,2024-11-25 140700,饥饿,饱腹,0,0.0,0,0.0,0,0.0,0,0.0
1567,2024-11-25 140700,饥饿,中性,0,0.0,0,0.0,0,0.0,0,0.0
1568,2024-11-25 140700,饥饿,中性,0,0.0,0,0.0,0,0.0,0,0.0
1569,2024-11-25 140700,饥饿,中性,0,0.0,0,0.0,0,0.0,0,0.0
1570,2024-11-25 140700,饱腹,中性,0,0.0,0,0.0,0,0.0,0,0.0
1571,2024-11-25 140700,饥饿,中性,0,0.0,0,0.0,0,0.0,0,0.0
1572,2024-11-25 140700,饱腹,中性,0,0.0,0,0.0,0,0.0,0,0.0
1573,2024-11-25 140700,饱腹,中性,0,0.0,0,0.0,0,0.0,0,0.0
1574,2024-11-25 140700,微饿,中性,0,0.0,0,0.0,0,0.0,0,0.0
1575,2024-11-25 140700,饱腹,中性,0,0.0,0,0.0,0,0.0,0,0.0
1576,2024-11-25 140700,饱腹,中性,0,0.0,0,0.0,0,0.0,0,0.0
1577,2024-11-25 140700,饥饿,中性,0,0.0,0,0.0,0,0.0,0,0.0
1578,2024-11-25 140700,饥饿,中性,0,0.0,0,0.0,0,0.0,0,0.0
1579,2024-11-25 140700,微饿,中性,0,0.0,0,0.0,0,0.0,0,0.0
1580,2024-11-25 140700,饱腹,中性,0,0.0,0,0.0,0,0.0,0,0.0
1581,2024-11-25 140700,微饿,中性,0,0.0,0,0.0,0,0.0,0,0.0
1582,2024-11-25 140700,饱腹,中性,0,0.0,0,0.0,0,0.0,0,0.0
1583,2024-11-25 140700,微饿,中性,0,0.0,0,0.0,0,0.0,0,0.0
1584,2024-11-25 140700,微饿,中性,0,0.0,0,0.0,0,0.0,0,0.0
1585,2024-11-25 140700,微饿,中性,0,0.0,0,0.0,0,0.0,0,0.0
1586,2024-11-25 140700,微饿,中性,0,0.0,0,0.0,0,0.0,0,0.0
1587,2024-11-25 140700,微饿,中性,0,0.0,0,0.0,0,0.0,0,0.0
1588,2024-11-25 140700,饥饿,中性,0,0.0,0,0.0,0,0.0,0,0.0
1589,2024-11-25 140700,微饿,中性,0,0.0,0,0.0,0,0.0,0,0.0
1590,2024-11-25 140700,微饿,中性,0,0.0,0,0.0,0,0.0,0,0.0
1591,2024-11-25 140700,微饿,中性,0,0.0,0,0.0,0,0.0,0,0.0
1592,2024-11-25 140700,饱腹,中性,0,0.0,0,0.0,0,0.0,0,0.0
1593,2024-11-25 140700,微饿,中性,0,0.0,0,0.0,0,0.0,0,0.0
1594,2024-11-25 140700,微饿,中性,0,0.0,0,0.0,0,0.0,0,0.0
1595,2024-11-25 140700,微饿,中性,0,0.0,0,0.0,0,0.0,0,0.0
1596,2024-11-27 140411,饥饿,微饿,0,0.0,2,6.0,0,0.0,10,89.0
1597,2024-11-27 140411,饥饿,微饿,0,0.0,2,6.0,0,0.0,10,89.0
1598,2024-11-27 140411,饥饿,微饿,0,0.0,5,68.0,0,0.0,16,151.0
1599,2024-11-27 140411,饥饿,微饿,0,0.0,4,67.0,0,0.0,10,117.0
1600,2024-11-27 140411,饥饿,微饿,0,0.0,4,67.0,0,0.0,10,117.0
1601,2024-11-27 140411,饥饿,微饿,0,0.0,5,150.0,0,0.0,12,200.0
1602,2024-11-27 140411,饥饿,微饿,0,0.0,5,150.0,0,0.0,12,200.0
1603,2024-11-27 140411,饥饿,微饿,0,0.0,5,150.0,0,0.0,14,254.0
1604,2024-11-27 140411,饥饿,微饿,0,0.0,5,150.0,0,0.0,12,204.0
1605,2024-11-27 140411,饥饿,微饿,0,0.0,5,150.0,0,0.0,12,204.0
1606,2024-11-27 140411,饥饿,微饿,0,0.0,3,97.0,0,0.0,8,151.0
1607,2024-11-27 140411,饥饿,微饿,0,0.0,5,114.0,0,0.0,16,259.0
1608,2024-11-27 140411,饥饿,微饿,0,0.0,3,23.0,0,0.0,12,168.0
1609,2024-11-27 140411,饥饿,微饿,0,0.0,3,23.0,0,0.0,12,168.0
1610,2024-11-27 140411,饥饿,微饿,0,0.0,3,23.0,0,0.0,12,168.0
1612,2024-11-27 140411,饥饿,微饿,0,0.0,3,23.0,0,0.0,12,139.0
1613,2024-11-27 140411,饥饿,微饿,0,0.0,4,50.0,0,0.0,14,166.0
1614,2024-11-27 140411,饥饿,微饿,0,0.0,4,50.0,0,0.0,12,85.0
1615,2024-11-27 140411,饥饿,微饿,0,0.0,4,50.0,0,0.0,12,85.0
1616,2024-11-27 140411,饥饿,微饿,0,0.0,4,50.0,0,0.0,12,85.0
1617,2024-11-27 140411,饥饿,微饿,0,0.0,2,33.0,0,0.0,6,58.0
1618,2024-11-27 140411,饥饿,微饿,0,0.0,3,34.0,1,2.0,11,195.0
1619,2024-11-27 140411,饥饿,微饿,0,0.0,3,34.0,1,2.0,11,195.0
1620,2024-11-27 140411,饥饿,微饿,0,0.0,8,91.0,1,2.0,23,252.0
1621,2024-11-27 140411,饥饿,微饿,0,0.0,8,91.0,1,2.0,23,238.0
1622,2024-11-27 140411,饥饿,微饿,0,0.0,11,113.0,1,2.0,30,260.0
1623,2024-11-27 140411,饥饿,微饿,0,0.0,14,124.0,1,2.0,37,271.0
1624,2024-11-27 140411,饥饿,微饿,0,0.0,15,136.0,1,2.0,37,147.0
1625,2024-11-27 140411,饥饿,微饿,0,0.0,15,136.0,1,2.0,37,147.0
1636,2024-11-27 140411,微饿,饥饿,0,0.0,1,42.0,0,0.0,10,239.0
1644,2024-11-27 140411,微饿,饥饿,0,0.0,1,41.0,0,0.0,10,245.0
1649,2024-11-27 140411,微饿,饥饿,0,0.0,1,71.0,0,0.0,6,121.0
1651,2024-11-27 140411,微饿,饥饿,0,0.0,1,71.0,0,0.0,8,218.0
1659,2024-11-27 140411,饥饿,饱腹,0,0.0,1,23.0,0,0.0,10,45.0
1660,2024-11-27 140411,饥饿,饱腹,0,0.0,1,23.0,0,0.0,10,45.0
1661,2024-11-27 140411,饥饿,饱腹,0,0.0,1,23.0,0,0.0,10,45.0
1668,2024-11-27 140411,中性,饱腹,0,0.0,0,0.0,0,0.0,2,127.0
1669,2024-11-27 140411,饥饿,饱腹,0,0.0,0,0.0,0,0.0,0,0.0
1670,2024-11-27 140411,中性,饱腹,0,0.0,0,0.0,0,0.0,0,0.0
1671,2024-11-27 140411,中性,饱腹,0,0.0,0,0.0,0,0.0,0,0.0
1672,2024-11-27 140411,中性,饱腹,0,0.0,0,0.0,0,0.0,0,0.0
1673,2024-11-27 140411,中性,饱腹,0,0.0,0,0.0,0,0.0,0,0.0
1674,2024-11-27 140411,中性,饱腹,0,0.0,0,0.0,0,0.0,0,0.0
1675,2024-11-27 140411,中性,饱腹,0,0.0,0,0.0,0,0.0,2,267.0
1677,2024-11-27 140411,中性,饱腹,0,0.0,0,0.0,0,0.0,0,0.0
1678,2024-11-27 140411,中性,饱腹,0,0.0,0,0.0,0,0.0,2,12.0
1679,2024-11-27 140411,中性,饱腹,0,0.0,0,0.0,0,0.0,2,12.0
1680,2024-11-27 140411,中性,饱腹,0,0.0,0,0.0,0,0.0,2,12.0
1681,2024-11-27 140411,中性,饱腹,0,0.0,0,0.0,0,0.0,4,30.0
1682,2024-11-27 140411,中性,饱腹,0,0.0,0,0.0,0,0.0,4,30.0
1683,2024-11-27 140411,中性,饱腹,0,0.0,0,0.0,0,0.0,6,102.0
1684,2024-11-27 140411,中性,饱腹,0,0.0,0,0.0,0,0.0,6,102.0
1685,2024-11-27 140411,中性,饱腹,0,0.0,0,0.0,0,0.0,6,102.0
1686,2024-11-27 140411,中性,饱腹,0,0.0,0,0.0,0,0.0,8,171.0
1692,2024-11-27 140411,饱腹,中性,0,0.0,0,0.0,0,0.0,4,202.0
1716,2024-11-27 140411,饱腹,中性,0,0.0,0,0.0,0,0.0,6,75.0
1718,2024-11-28 110616,饥饿,微饿,1,5.0,10,74.0,4,35.0,27,84.0
1719,2024-11-28 110616,饥饿,微饿,1,5.0,10,74.0,4,35.0,27,84.0
1720,2024-11-28 110616,饥饿,微饿,1,5.0,6,35.0,2,6.0,18,45.0
1721,2024-11-28 110616,饥饿,微饿,1,5.0,6,35.0,2,6.0,18,45.0
1722,2024-11-28 110616,饥饿,微饿,1,5.0,6,35.0,2,6.0,18,45.0
1723,2024-11-28 110616,饥饿,微饿,1,5.0,6,35.0,2,6.0,18,45.0
1725,2024-11-28 110616,饥饿,微饿,0,0.0,1,38.0,0,0.0,2,38.0
1728,2024-11-28 110616,饥饿,微饿,0,0.0,1,38.0,1,4.0,4,42.0
1729,2024-11-28 110616,饥饿,微饿,0,0.0,1,38.0,1,4.0,4,42.0
1730,2024-11-28 110616,饥饿,微饿,0,0.0,1,38.0,1,4.0,4,42.0
1731,2024-11-28 110616,饥饿,微饿,0,0.0,1,38.0,1,4.0,4,42.0
1732,2024-11-28 110616,饥饿,微饿,0,0.0,6,118.0,2,9.0,14,122.0
1735,2024-11-28 110616,饥饿,微饿,0,0.0,5,80.0,2,9.0,12,84.0
1737,2024-11-28 110616,饥饿,微饿,0,0.0,5,80.0,2,9.0,12,84.0
1740,2024-11-28 110616,饥饿,微饿,0,0.0,4,27.0,1,5.0,8,27.0
1741,2024-11-28 110616,饥饿,微饿,0,0.0,4,27.0,1,5.0,8,27.0
1742,2024-11-28 110616,中性,微饿,0,0.0,0,0.0,0,0.0,0,0.0
1743,2024-11-28 110616,中性,微饿,0,0.0,0,0.0,0,0.0,0,0.0
1744,2024-11-28 110616,中性,微饿,0,0.0,0,0.0,0,0.0,0,0.0
1745,2024-11-28 110616,中性,微饿,0,0.0,0,0.0,0,0.0,0,0.0
1746,2024-11-28 110616,饥饿,微饿,1,3.0,0,0.0,0,0.0,2,3.0
1748,2024-11-28 110616,微饿,饥饿,1,3.0,1,44.0,0,0.0,4,47.0
1749,2024-11-28 110616,微饿,饥饿,1,3.0,1,44.0,0,0.0,4,47.0
1750,2024-11-28 110616,微饿,饥饿,1,3.0,1,44.0,0,0.0,4,47.0
1751,2024-11-28 110616,微饿,饥饿,1,3.0,1,44.0,0,0.0,4,47.0
1752,2024-11-28 110616,微饿,饥饿,1,3.0,1,44.0,0,0.0,4,47.0
1753,2024-11-28 110616,微饿,饥饿,1,3.0,2,59.0,1,5.0,8,67.0
1759,2024-11-28 110616,微饿,饥饿,0,0.0,4,32.0,1,5.0,12,39.0
1762,2024-11-28 110616,微饿,饥饿,0,0.0,4,32.0,1,5.0,12,39.0
1763,2024-11-28 110616,微饿,饥饿,0,0.0,3,17.0,0,0.0,8,19.0
1765,2024-11-28 110616,微饿,饥饿,0,0.0,6,34.0,1,3.0,12,34.0
1766,2024-11-28 110616,微饿,饥饿,0,0.0,4,22.0,1,3.0,8,22.0
1768,2024-11-28 110616,微饿,饥饿,0,0.0,3,17.0,1,3.0,6,17.0
1769,2024-11-28 110616,微饿,饥饿,0,0.0,4,28.0,1,3.0,8,28.0
1770,2024-11-28 110616,微饿,饥饿,0,0.0,8,52.0,5,22.0,19,54.0
1771,2024-11-28 110616,微饿,饥饿,0,0.0,8,52.0,5,22.0,19,54.0
1773,2024-11-28 110616,微饿,饥饿,0,0.0,8,52.0,5,22.0,19,54.0
1774,2024-11-28 110616,微饿,饥饿,0,0.0,5,35.0,4,19.0,13,37.0
1775,2024-11-28 110616,微饿,饥饿,0,0.0,5,35.0,4,19.0,13,37.0
1776,2024-11-28 110616,微饿,饥饿,0,0.0,5,35.0,4,19.0,13,37.0
1783,2024-11-28 110616,中性,饱腹,0,0.0,0,0.0,0,0.0,0,0.0
1784,2024-11-28 110616,中性,饱腹,0,0.0,0,0.0,0,0.0,0,0.0
1785,2024-11-28 110616,中性,饱腹,0,0.0,0,0.0,0,0.0,0,0.0
1786,2024-11-28 110616,中性,饱腹,0,0.0,0,0.0,0,0.0,0,0.0
1787,2024-11-28 110616,中性,饱腹,0,0.0,0,0.0,0,0.0,0,0.0
1788,2024-11-28 110616,中性,饱腹,0,0.0,0,0.0,0,0.0,0,0.0
1789,2024-11-28 110616,中性,饱腹,0,0.0,0,0.0,0,0.0,0,0.0
1790,2024-11-28 110616,中性,饱腹,0,0.0,0,0.0,0,0.0,0,0.0
1791,2024-11-28 110616,中性,饱腹,0,0.0,0,0.0,0,0.0,0,0.0
1792,2024-11-28 110616,中性,饱腹,0,0.0,0,0.0,0,0.0,0,0.0
1793,2024-11-28 110616,中性,饱腹,0,0.0,0,0.0,0,0.0,0,0.0
1794,2024-11-28 110616,中性,饱腹,0,0.0,0,0.0,0,0.0,0,0.0
1795,2024-11-28 110616,中性,饱腹,0,0.0,0,0.0,0,0.0,0,0.0
1796,2024-11-28 110616,中性,饱腹,0,0.0,0,0.0,0,0.0,0,0.0
1797,2024-11-28 110616,中性,饱腹,0,0.0,0,0.0,0,0.0,0,0.0
1798,2024-11-28 110616,中性,饱腹,0,0.0,0,0.0,0,0.0,0,0.0
1799,2024-11-28 110616,中性,饱腹,0,0.0,0,0.0,0,0.0,0,0.0
1800,2024-11-28 110616,中性,饱腹,0,0.0,0,0.0,0,0.0,0,0.0
1801,2024-11-28 110616,中性,饱腹,0,0.0,0,0.0,0,0.0,0,0.0
1802,2024-11-28 110616,中性,饱腹,0,0.0,0,0.0,0,0.0,0,0.0
1803,2024-11-28 110616,中性,饱腹,0,0.0,0,0.0,0,0.0,0,0.0
1804,2024-11-28 110616,中性,饱腹,0,0.0,0,0.0,0,0.0,0,0.0
1805,2024-11-28 110616,中性,饱腹,0,0.0,0,0.0,0,0.0,0,0.0
1806,2024-11-28 110616,中性,饱腹,0,0.0,0,0.0,0,0.0,0,0.0
1838,2024-12-06 135527,饥饿,微饿,0,0.0,1,3.0,1,3.0,5,3.0
1839,2024-12-06 135527,饥饿,微饿,0,0.0,1,3.0,1,3.0,5,3.0
1844,2024-12-06 135527,饥饿,微饿,0,0.0,8,197.0,11,268.0,44,268.0
1845,2024-12-06 135527,饥饿,微饿,0,0.0,6,43.0,12,154.0,41,154.0
1846,2024-12-06 135527,饥饿,微饿,0,0.0,6,43.0,13,188.0,44,188.0
1847,2024-12-06 135527,饥饿,微饿,0,0.0,6,43.0,13,188.0,44,188.0
1848,2024-12-06 135527,饥饿,微饿,0,0.0,6,43.0,13,188.0,44,188.0
1849,2024-12-06 135527,饥饿,微饿,0,0.0,7,134.0,14,279.0,48,279.0
1850,2024-12-06 135527,饥饿,微饿,0,0.0,3,100.0,10,245.0,30,245.0
1851,2024-12-06 135527,饥饿,微饿,0,0.0,3,100.0,9,225.0,27,225.0
1852,2024-12-06 135527,饥饿,微饿,0,0.0,2,95.0,9,267.0,25,267.0
1854,2024-12-06 135527,饥饿,微饿,0,0.0,1,91.0,8,238.0,21,238.0
1855,2024-12-06 135527,饥饿,微饿,0,0.0,1,91.0,5,188.0,14,188.0
1856,2024-12-06 135527,饥饿,微饿,0,0.0,0,0.0,4,97.0,10,97.0
1857,2024-12-06 135527,饥饿,微饿,0,0.0,0,0.0,4,97.0,10,97.0
1868,2024-12-06 135527,微饿,饥饿,0,0.0,5,178.0,8,226.0,30,226.0
1869,2024-12-06 135527,微饿,饥饿,0,0.0,5,178.0,8,226.0,30,226.0
1870,2024-12-06 135527,微饿,饥饿,0,0.0,6,189.0,10,288.0,37,288.0
1871,2024-12-06 135527,微饿,饥饿,0,0.0,6,193.0,10,296.0,37,296.0
1872,2024-12-06 135527,微饿,饥饿,0,0.0,7,201.0,9,272.0,37,282.0
1879,2024-12-06 135527,微饿,饥饿,0,0.0,6,84.0,9,142.0,34,152.0
1880,2024-12-06 135527,微饿,饥饿,0,0.0,5,73.0,9,129.0,31,139.0
1881,2024-12-06 135527,微饿,饥饿,1,1.0,3,53.0,10,125.0,29,125.0
1882,2024-12-06 135527,微饿,饥饿,2,13.0,2,30.0,10,118.0,30,130.0
1883,2024-12-06 135527,微饿,饥饿,2,13.0,0,0.0,10,93.0,25,105.0
1887,2024-12-06 135527,微饿,饥饿,2,13.0,1,3.0,13,129.0,34,141.0
1890,2024-12-06 135527,饥饿,饱腹,2,13.0,1,3.0,10,110.0,31,123.0
1891,2024-12-06 135527,饥饿,饱腹,0,0.0,1,3.0,8,104.0,24,105.0
1903,2024-12-06 135527,中性,饱腹,0,0.0,0,0.0,0,0.0,2,63.0
1904,2024-12-06 135527,中性,饱腹,0,0.0,0,0.0,0,0.0,2,63.0
1906,2024-12-06 135527,中性,饱腹,0,0.0,0,0.0,0,0.0,0,0.0
1907,2024-12-06 135527,中性,饱腹,0,0.0,0,0.0,0,0.0,0,0.0
1914,2024-12-06 135527,微饿,饱腹,0,0.0,0,0.0,0,0.0,0,0.0
1915,2024-12-06 135527,中性,饱腹,0,0.0,0,0.0,0,0.0,0,0.0
1917,2024-12-06 135527,中性,饱腹,0,0.0,0,0.0,0,0.0,2,33.0
1918,2024-12-06 135527,饱腹,中性,0,0.0,0,0.0,0,0.0,4,41.0
1921,2024-12-06 135527,饱腹,中性,0,0.0,0,0.0,0,0.0,6,101.0
1948,2024-12-06 110804,饱腹,微饿,0,0.0,0,0.0,2,5.0,9,11.0
1950,2024-12-06 110804,饱腹,微饿,0,0.0,0,0.0,2,5.0,13,22.0
1951,2024-12-06 110804,饱腹,微饿,0,0.0,0,0.0,1,4.0,10,21.0
1953,2024-12-06 110804,饥饿,微饿,0,0.0,0,0.0,0,0.0,8,17.0
1954,2024-12-06 110804,饥饿,微饿,0,0.0,0,0.0,0,0.0,8,17.0
1960,2024-12-06 110804,中性,饥饿,0,0.0,0,0.0,0,0.0,0,0.0
1961,2024-12-06 110804,中性,饥饿,0,0.0,0,0.0,0,0.0,0,0.0
1962,2024-12-06 110804,中性,饥饿,0,0.0,0,0.0,0,0.0,0,0.0
1963,2024-12-06 110804,饱腹,饥饿,0,0.0,0,0.0,0,0.0,0,0.0
1964,2024-12-06 110804,微饿,饥饿,0,0.0,1,5.0,0,0.0,2,5.0
1967,2024-12-06 110804,微饿,饥饿,0,0.0,1,5.0,0,0.0,2,5.0
1969,2024-12-06 110804,微饿,饥饿,0,0.0,1,5.0,0,0.0,2,5.0
1970,2024-12-06 110804,微饿,饥饿,0,0.0,1,5.0,1,10.0,4,15.0
1971,2024-12-06 110804,微饿,饥饿,0,0.0,1,5.0,1,10.0,4,15.0
1972,2024-12-06 110804,微饿,饥饿,0,0.0,1,5.0,1,10.0,4,15.0
1980,2024-12-06 110804,饱腹,饥饿,0,0.0,0,0.0,0,0.0,0,0.0
1981,2024-12-06 110804,中性,饥饿,0,0.0,0,0.0,0,0.0,0,0.0
1982,2024-12-06 110804,中性,饥饿,0,0.0,0,0.0,0,0.0,0,0.0
1983,2024-12-06 110804,中性,饥饿,0,0.0,0,0.0,0,0.0,0,0.0
1984,2024-12-06 110804,中性,饥饿,0,0.0,0,0.0,0,0.0,0,0.0
1985,2024-12-06 110804,中性,饥饿,0,0.0,0,0.0,0,0.0,0,0.0
1999,2024-12-06 110804,中性,饱腹,0,0.0,0,0.0,0,0.0,6,17.0
2000,2024-12-06 110804,中性,饱腹,0,0.0,0,0.0,0,0.0,6,17.0
2001,2024-12-06 110804,中性,饱腹,0,0.0,0,0.0,0,0.0,6,17.0
2002,2024-12-06 110804,中性,饱腹,0,0.0,0,0.0,0,0.0,6,17.0
2003,2024-12-06 110804,中性,饱腹,0,0.0,0,0.0,0,0.0,6,17.0
2005,2024-12-06 110804,中性,饱腹,0,0.0,0,0.0,0,0.0,6,17.0
2006,2024-12-06 110804,中性,饱腹,0,0.0,0,0.0,0,0.0,2,3.0
2007,2024-12-06 110804,中性,饱腹,0,0.0,0,0.0,0,0.0,2,3.0
2008,2024-12-06 110804,中性,饱腹,0,0.0,0,0.0,0,0.0,0,0.0
2009,2024-12-06 110804,中性,饱腹,0,0.0,0,0.0,0,0.0,0,0.0
2010,2024-12-06 110804,中性,饱腹,0,0.0,0,0.0,0,0.0,4,64.0
2011,2024-12-06 110804,中性,饱腹,0,0.0,0,0.0,0,0.0,4,64.0
2012,2024-12-06 110804,中性,饱腹,0,0.0,0,0.0,0,0.0,6,101.0
2013,2024-12-06 110804,中性,饱腹,0,0.0,0,0.0,0,0.0,6,101.0
2014,2024-12-06 110804,中性,饱腹,0,0.0,0,0.0,0,0.0,6,101.0
2015,2024-12-06 110804,中性,饱腹,0,0.0,0,0.0,0,0.0,8,198.0
2025,2024-12-06 110804,饱腹,中性,0,0.0,0,0.0,0,0.0,8,173.0
2026,2024-12-06 110804,饱腹,中性,0,0.0,0,0.0,0,0.0,8,173.0
2041,2024-12-06 110804,饱腹,中性,0,0.0,0,0.0,0,0.0,6,81.0
2046,2024-12-09 110631,中性,微饿,0,0.0,0,0.0,0,0.0,0,0.0
2047,2024-12-09 110631,中性,微饿,0,0.0,0,0.0,0,0.0,0,0.0
2048,2024-12-09 110631,中性,微饿,0,0.0,0,0.0,0,0.0,0,0.0
2049,2024-12-09 110631,中性,微饿,0,0.0,0,0.0,0,0.0,0,0.0
2050,2024-12-09 110631,中性,微饿,0,0.0,0,0.0,0,0.0,0,0.0
2051,2024-12-09 110631,中性,微饿,0,0.0,0,0.0,0,0.0,0,0.0
2052,2024-12-09 110631,中性,微饿,0,0.0,0,0.0,0,0.0,0,0.0
2063,2024-12-09 110631,饱腹,微饿,0,0.0,0,0.0,1,1.0,4,5.0
2064,2024-12-09 110631,饱腹,微饿,0,0.0,0,0.0,1,1.0,4,5.0
2065,2024-12-09 110631,饥饿,微饿,0,0.0,0,0.0,1,1.0,4,5.0
2067,2024-12-09 110631,微饿,饥饿,0,0.0,0,0.0,1,1.0,4,5.0
2068,2024-12-09 110631,微饿,饥饿,0,0.0,0,0.0,1,1.0,4,5.0
2069,2024-12-09 110631,微饿,饥饿,0,0.0,0,0.0,1,1.0,4,5.0
2070,2024-12-09 110631,微饿,饥饿,0,0.0,0,0.0,1,1.0,2,1.0
2071,2024-12-09 110631,微饿,饥饿,0,0.0,0,0.0,1,1.0,2,1.0
2072,2024-12-09 110631,中性,饥饿,0,0.0,0,0.0,0,0.0,0,0.0
2073,2024-12-09 110631,中性,饥饿,0,0.0,0,0.0,0,0.0,0,0.0
2074,2024-12-09 110631,饱腹,饥饿,0,0.0,0,0.0,0,0.0,0,0.0
2075,2024-12-09 110631,中性,饥饿,0,0.0,0,0.0,0,0.0,0,0.0
2076,2024-12-09 110631,中性,饥饿,0,0.0,0,0.0,0,0.0,0,0.0
2077,2024-12-09 110631,中性,饥饿,0,0.0,0,0.0,0,0.0,0,0.0
2078,2024-12-09 110631,中性,饥饿,0,0.0,0,0.0,0,0.0,0,0.0
2079,2024-12-09 110631,中性,饥饿,0,0.0,0,0.0,0,0.0,0,0.0
2080,2024-12-09 110631,微饿,饥饿,0,0.0,0,0.0,1,6.0,2,6.0
2085,2024-12-09 110631,微饿,饥饿,0,0.0,0,0.0,1,6.0,2,6.0
2087,2024-12-09 110631,微饿,饥饿,0,0.0,0,0.0,1,6.0,2,6.0
2089,2024-12-09 110631,饱腹,饥饿,0,0.0,0,0.0,0,0.0,0,0.0
2090,2024-12-09 110631,中性,饥饿,0,0.0,0,0.0,0,0.0,0,0.0
2091,2024-12-09 110631,中性,饥饿,0,0.0,0,0.0,0,0.0,0,0.0
2092,2024-12-09 110631,中性,饥饿,0,0.0,0,0.0,0,0.0,0,0.0
2093,2024-12-09 110631,饱腹,饥饿,0,0.0,0,0.0,0,0.0,0,0.0
2094,2024-12-09 110631,中性,饥饿,0,0.0,0,0.0,0,0.0,0,0.0
2095,2024-12-09 110631,中性,饥饿,0,0.0,0,0.0,0,0.0,0,0.0
2101,2024-12-09 110631,中性,饱腹,0,0.0,0,0.0,0,0.0,0,0.0
2102,2024-12-09 110631,中性,饱腹,0,0.0,0,0.0,0,0.0,0,0.0
2110,2024-12-09 110631,中性,饱腹,0,0.0,0,0.0,0,0.0,2,10.0
2111,2024-12-09 110631,中性,饱腹,0,0.0,0,0.0,0,0.0,2,10.0
2113,2024-12-09 110631,中性,饱腹,0,0.0,0,0.0,0,0.0,4,177.0
2114,2024-12-09 110631,中性,饱腹,0,0.0,0,0.0,0,0.0,2,167.0
2115,2024-12-09 110631,中性,饱腹,0,0.0,0,0.0,0,0.0,2,167.0
2116,2024-12-09 110631,中性,饱腹,0,0.0,0,0.0,0,0.0,2,167.0
2117,2024-12-09 110631,中性,饱腹,0,0.0,0,0.0,0,0.0,2,167.0
2118,2024-12-09 110631,中性,饱腹,0,0.0,0,0.0,0,0.0,0,0.0
2119,2024-12-09 110631,中性,饱腹,0,0.0,0,0.0,0,0.0,0,0.0
2120,2024-12-09 110631,中性,饱腹,0,0.0,0,0.0,0,0.0,0,0.0
2121,2024-12-09 110631,中性,饱腹,0,0.0,0,0.0,0,0.0,0,0.0
2122,2024-12-09 110631,中性,饱腹,0,0.0,0,0.0,0,0.0,0,0.0
2123,2024-12-09 110631,中性,饱腹,0,0.0,0,0.0,0,0.0,0,0.0
2124,2024-12-09 110631,中性,饱腹,0,0.0,0,0.0,0,0.0,0,0.0
2125,2024-12-09 110631,中性,饱腹,0,0.0,0,0.0,0,0.0,0,0.0
2137,2024-12-10 135100,饥饿,微饿,0,0.0,4,75.0,0,0.0,8,75.0
2145,2024-12-10 135100,饥饿,微饿,0,0.0,13,96.0,2,8.0,28,102.0
2146,2024-12-10 135100,饱腹,微饿,0,0.0,11,81.0,2,8.0,28,101.0
2149,2024-12-10 135100,饥饿,微饿,0,0.0,13,107.0,2,8.0,41,167.0
2150,2024-12-10 135100,饥饿,微饿,0,0.0,12,94.0,2,8.0,41,159.0
2151,2024-12-10 135100,饥饿,微饿,0,0.0,12,94.0,2,8.0,41,159.0
2152,2024-12-10 135100,饥饿,微饿,0,0.0,7,78.0,0,0.0,31,143.0
2153,2024-12-10 135100,饥饿,微饿,0,0.0,6,86.0,0,0.0,30,151.0
2156,2024-12-10 135100,饥饿,微饿,0,0.0,13,166.0,0,0.0,40,211.0
2157,2024-12-10 135100,饥饿,微饿,0,0.0,13,166.0,0,0.0,38,199.0
2158,2024-12-10 135100,饥饿,微饿,0,0.0,12,154.0,0,0.0,31,163.0
2159,2024-12-10 135100,饥饿,微饿,0,0.0,11,140.0,0,0.0,25,140.0
2162,2024-12-10 135100,饥饿,微饿,0,0.0,15,144.0,1,5.0,34,144.0
2164,2024-12-10 135100,微饿,饥饿,0,0.0,10,102.0,1,5.0,22,102.0
2165,2024-12-10 135100,微饿,饥饿,0,0.0,8,62.0,1,5.0,17,62.0
2166,2024-12-10 135100,微饿,饥饿,0,0.0,8,54.0,2,6.0,17,54.0
2167,2024-12-10 135100,微饿,饥饿,0,0.0,13,73.0,4,14.0,27,73.0
2168,2024-12-10 135100,微饿,饥饿,0,0.0,15,114.0,4,14.0,31,114.0
2169,2024-12-10 135100,微饿,饥饿,0,0.0,15,114.0,4,14.0,31,114.0
2171,2024-12-10 135100,微饿,饥饿,0,0.0,13,112.0,3,9.0,27,112.0
2176,2024-12-10 135100,微饿,饥饿,0,0.0,19,231.0,2,8.0,42,231.0
2177,2024-12-10 135100,微饿,饥饿,0,0.0,14,217.0,0,0.0,32,217.0
2178,2024-12-10 135100,微饿,饥饿,0,0.0,15,212.0,0,0.0,34,212.0
2179,2024-12-10 135100,微饿,饥饿,0,0.0,14,191.0,0,0.0,32,191.0
2180,2024-12-10 135100,微饿,饥饿,0,0.0,12,184.0,0,0.0,27,184.0
2181,2024-12-10 135100,微饿,饥饿,0,0.0,12,184.0,0,0.0,27,184.0
2182,2024-12-10 135100,微饿,饥饿,0,0.0,10,182.0,0,0.0,23,182.0
2183,2024-12-10 135100,微饿,饥饿,0,0.0,8,164.0,0,0.0,18,164.0
2184,2024-12-10 135100,微饿,饥饿,0,0.0,8,231.0,1,3.0,20,234.0
2186,2024-12-10 135100,微饿,饥饿,0,0.0,8,207.0,1,3.0,20,210.0
2187,2024-12-10 135100,微饿,饥饿,0,0.0,8,207.0,1,3.0,20,210.0
2188,2024-12-10 135100,微饿,饥饿,0,0.0,8,204.0,1,3.0,20,207.0
2189,2024-12-10 135100,微饿,饥饿,0,0.0,8,204.0,1,3.0,20,207.0
2190,2024-12-10 135100,微饿,饥饿,0,0.0,7,96.0,1,3.0,17,99.0
2192,2024-12-10 135100,微饿,饥饿,0,0.0,11,152.0,1,3.0,28,171.0
2193,2024-12-10 135100,微饿,饥饿,0,0.0,11,152.0,1,3.0,28,171.0
2214,2024-12-10 135100,中性,饱腹,0,0.0,0,0.0,0,0.0,0,0.0
2215,2024-12-10 135100,中性,饱腹,0,0.0,0,0.0,0,0.0,0,0.0
2219,2024-12-10 135100,饥饿,饱腹,0,0.0,0,0.0,0,0.0,0,0.0
2220,2024-12-10 135100,中性,饱腹,0,0.0,0,0.0,0,0.0,0,0.0
2221,2024-12-10 135100,中性,饱腹,0,0.0,0,0.0,0,0.0,0,0.0
2223,2024-12-10 135100,中性,饱腹,0,0.0,0,0.0,0,0.0,2,85.0
2229,2024-12-10 135100,饱腹,中性,0,0.0,0,0.0,0,0.0,4,257.0
2233,2024-12-10 135100,饥饿,中性,0,0.0,0,0.0,0,0.0,0,0.0
2234,2024-12-10 135100,微饿,中性,0,0.0,0,0.0,0,0.0,0,0.0
2241,2024-12-10 135100,饱腹,中性,0,0.0,0,0.0,0,0.0,2,89.0
2248,2024-12-10 135100,饱腹,中性,0,0.0,0,0.0,0,0.0,2,93.0
2252,2024-12-10 135100,饱腹,中性,0,0.0,0,0.0,0,0.0,2,93.0
2253,2024-12-10 135100,饱腹,中性,0,0.0,0,0.0,0,0.0,4,205.0
2259,2024-12-11 110852,饥饿,微饿,1,10.0,0,0.0,0,0.0,2,10.0
2271,2024-12-11 110852,饱腹,微饿,0,0.0,0,0.0,0,0.0,0,0.0
2273,2024-12-11 110852,饥饿,微饿,0,0.0,1,5.0,0,0.0,2,5.0
2274,2024-12-11 110852,饥饿,微饿,0,0.0,1,5.0,0,0.0,2,5.0
2275,2024-12-11 110852,饥饿,微饿,0,0.0,1,5.0,0,0.0,2,5.0
2276,2024-12-11 110852,饥饿,微饿,0,0.0,1,5.0,0,0.0,2,5.0
2277,2024-12-11 110852,饥饿,微饿,0,0.0,1,5.0,0,0.0,2,5.0
2278,2024-12-11 110852,饥饿,微饿,0,0.0,1,5.0,0,0.0,2,5.0
2279,2024-12-11 110852,饥饿,微饿,0,0.0,1,5.0,0,0.0,2,5.0
2280,2024-12-11 110852,饥饿,微饿,0,0.0,1,5.0,0,0.0,2,5.0
2281,2024-12-11 110852,饥饿,微饿,0,0.0,1,5.0,0,0.0,2,5.0
2282,2024-12-11 110852,中性,微饿,0,0.0,0,0.0,0,0.0,0,0.0
2283,2024-12-11 110852,中性,微饿,0,0.0,0,0.0,0,0.0,0,0.0
2285,2024-12-11 110852,微饿,饥饿,0,0.0,1,5.0,1,4.0,4,9.0
2286,2024-12-11 110852,微饿,饥饿,0,0.0,5,27.0,4,21.0,13,31.0
2287,2024-12-11 110852,微饿,饥饿,0,0.0,5,27.0,5,35.0,15,45.0
2288,2024-12-11 110852,微饿,饥饿,0,0.0,5,27.0,5,35.0,15,45.0
2291,2024-12-11 110852,微饿,饥饿,0,0.0,7,35.0,7,45.0,21,58.0
2292,2024-12-11 110852,微饿,饥饿,0,0.0,7,35.0,7,45.0,21,58.0
2293,2024-12-11 110852,微饿,饥饿,0,0.0,7,35.0,7,45.0,21,58.0
2300,2024-12-11 110852,中性,饥饿,0,0.0,0,0.0,0,0.0,0,0.0
2301,2024-12-11 110852,中性,饥饿,0,0.0,0,0.0,0,0.0,0,0.0
2302,2024-12-11 110852,中性,饥饿,0,0.0,0,0.0,0,0.0,0,0.0
2303,2024-12-11 110852,中性,饥饿,0,0.0,0,0.0,0,0.0,0,0.0
2304,2024-12-11 110852,中性,饥饿,0,0.0,0,0.0,0,0.0,0,0.0
2305,2024-12-11 110852,中性,饥饿,0,0.0,0,0.0,0,0.0,0,0.0
2306,2024-12-11 110852,中性,饥饿,0,0.0,0,0.0,0,0.0,0,0.0
2307,2024-12-11 110852,中性,饥饿,0,0.0,0,0.0,0,0.0,0,0.0
2308,2024-12-11 110852,中性,饥饿,0,0.0,0,0.0,0,0.0,0,0.0
2309,2024-12-11 110852,中性,饥饿,0,0.0,0,0.0,0,0.0,0,0.0
2310,2024-12-11 110852,中性,饥饿,0,0.0,0,0.0,0,0.0,0,0.0
2311,2024-12-11 110852,中性,饥饿,0,0.0,0,0.0,0,0.0,0,0.0
2312,2024-12-11 110852,中性,饥饿,0,0.0,0,0.0,0,0.0,0,0.0
2313,2024-12-11 110852,中性,饥饿,0,0.0,0,0.0,0,0.0,0,0.0
2317,2024-12-11 110852,中性,饱腹,0,0.0,0,0.0,0,0.0,0,0.0
2324,2024-12-11 110852,中性,饱腹,0,0.0,0,0.0,0,0.0,0,0.0
2330,2024-12-11 110852,中性,饱腹,0,0.0,0,0.0,0,0.0,0,0.0
2331,2024-12-11 110852,中性,饱腹,0,0.0,0,0.0,0,0.0,0,0.0
2332,2024-12-11 110852,中性,饱腹,0,0.0,0,0.0,0,0.0,0,0.0
2333,2024-12-11 110852,中性,饱腹,0,0.0,0,0.0,0,0.0,0,0.0
2334,2024-12-11 110852,中性,饱腹,0,0.0,0,0.0,0,0.0,2,80.0
2335,2024-12-11 110852,中性,饱腹,0,0.0,0,0.0,0,0.0,4,98.0
2336,2024-12-11 110852,中性,饱腹,0,0.0,0,0.0,0,0.0,4,98.0
2341,2024-12-11 110852,中性,饱腹,0,0.0,0,0.0,0,0.0,4,73.0
2343,2024-12-11 110852,中性,饱腹,0,0.0,0,0.0,0,0.0,6,226.0
2344,2024-12-11 110852,饱腹,中性,0,0.0,0,0.0,0,0.0,6,226.0
2371,2024-12-11 110852,饱腹,中性,0,0.0,0,0.0,0,0.0,0,0.0
2372,2024-12-11 110852,微饿,中性,0,0.0,0,0.0,0,0.0,0,0.0
2373,2024-12-11 110852,微饿,中性,0,0.0,0,0.0,0,0.0,0,0.0
2375,2024-12-13 134629,饥饿,微饿,0,0.0,7,85.0,1,3.0,17,89.0
2377,2024-12-13 134629,饥饿,微饿,0,0.0,11,118.0,3,14.0,26,125.0
2378,2024-12-13 134629,饥饿,微饿,0,0.0,10,108.0,3,14.0,24,115.0
2379,2024-12-13 134629,饥饿,微饿,0,0.0,9,99.0,3,14.0,20,102.0
2381,2024-12-13 134629,饥饿,微饿,0,0.0,8,96.0,2,11.0,18,99.0
2383,2024-12-13 134629,饥饿,微饿,0,0.0,8,84.0,2,11.0,20,92.0
2384,2024-12-13 134629,饥饿,微饿,0,0.0,7,69.0,2,11.0,20,81.0
2387,2024-12-13 134629,饥饿,微饿,0,0.0,1,14.0,0,0.0,8,30.0
2388,2024-12-13 134629,饥饿,微饿,0,0.0,1,14.0,0,0.0,8,30.0
2389,2024-12-13 134629,饥饿,微饿,0,0.0,1,14.0,0,0.0,8,30.0
2390,2024-12-13 134629,饥饿,微饿,0,0.0,1,14.0,0,0.0,8,30.0
2393,2024-12-13 134629,微饿,饥饿,0,0.0,0,0.0,0,0.0,4,11.0
2397,2024-12-13 134629,微饿,饥饿,0,0.0,3,60.0,1,10.0,8,70.0
2398,2024-12-13 134629,微饿,饥饿,0,0.0,3,60.0,1,10.0,8,70.0
2399,2024-12-13 134629,微饿,饥饿,0,0.0,3,60.0,1,10.0,8,70.0
2400,2024-12-13 134629,微饿,饥饿,0,0.0,3,60.0,1,10.0,10,85.0
2401,2024-12-13 134629,微饿,饥饿,0,0.0,3,60.0,1,10.0,10,85.0
2403,2024-12-13 134629,微饿,饥饿,0,0.0,3,32.0,3,23.0,12,65.0
2404,2024-12-13 134629,微饿,饥饿,0,0.0,2,27.0,3,23.0,10,60.0
2405,2024-12-13 134629,微饿,饥饿,0,0.0,2,27.0,3,23.0,10,60.0
2406,2024-12-13 134629,微饿,饥饿,0,0.0,3,39.0,3,23.0,12,72.0
2407,2024-12-13 134629,微饿,饥饿,0,0.0,4,50.0,2,13.0,12,73.0
2411,2024-12-13 134629,微饿,饥饿,0,0.0,5,80.0,2,13.0,12,88.0
2413,2024-12-13 134629,微饿,饥饿,0,0.0,5,89.0,0,0.0,10,89.0
2416,2024-12-13 134629,微饿,饥饿,0,0.0,4,77.0,0,0.0,8,77.0
2417,2024-12-13 134629,微饿,饥饿,0,0.0,3,66.0,0,0.0,6,66.0
2420,2024-12-13 134629,微饿,饥饿,0,0.0,4,69.0,0,0.0,8,69.0
2436,2024-12-13 134629,中性,饱腹,0,0.0,0,0.0,0,0.0,8,214.0
2438,2024-12-13 134629,中性,饱腹,0,0.0,0,0.0,0,0.0,8,203.0
2439,2024-12-13 134629,中性,饱腹,0,0.0,0,0.0,0,0.0,6,185.0
2440,2024-12-13 134629,中性,饱腹,0,0.0,0,0.0,0,0.0,8,239.0
2441,2024-12-13 134629,中性,饱腹,0,0.0,0,0.0,0,0.0,6,200.0
2442,2024-12-13 134629,中性,饱腹,0,0.0,0,0.0,0,0.0,8,230.0
2443,2024-12-13 134629,中性,饱腹,0,0.0,0,0.0,0,0.0,6,121.0
2444,2024-12-13 134629,中性,饱腹,0,0.0,0,0.0,0,0.0,6,121.0
2445,2024-12-13 134629,中性,饱腹,0,0.0,0,0.0,0,0.0,6,121.0
2447,2024-12-13 134629,中性,饱腹,0,0.0,0,0.0,0,0.0,6,191.0
2448,2024-12-13 134629,中性,饱腹,0,0.0,0,0.0,0,0.0,6,191.0
2449,2024-12-13 134629,中性,饱腹,0,0.0,0,0.0,0,0.0,4,137.0
2450,2024-12-13 134629,中性,饱腹,0,0.0,0,0.0,0,0.0,6,251.0
2456,2024-12-13 134629,饱腹,中性,0,0.0,0,0.0,0,0.0,0,0.0
2457,2024-12-13 134629,饱腹,中性,0,0.0,0,0.0,0,0.0,0,0.0
2458,2024-12-13 134629,饱腹,中性,0,0.0,0,0.0,0,0.0,0,0.0
2459,2024-12-13 134629,饱腹,中性,0,0.0,0,0.0,0,0.0,0,0.0
2461,2024-12-13 134629,饱腹,中性,0,0.0,0,0.0,0,0.0,0,0.0
2462,2024-12-13 134629,饱腹,中性,0,0.0,0,0.0,0,0.0,0,0.0
2464,2024-12-13 134629,饱腹,中性,0,0.0,0,0.0,0,0.0,0,0.0
2469,2024-12-13 134629,饱腹,中性,0,0.0,0,0.0,0,0.0,0,0.0
2471,2024-12-13 134629,饱腹,中性,0,0.0,0,0.0,0,0.0,0,0.0
2472,2024-12-13 134629,饱腹,中性,0,0.0,0,0.0,0,0.0,0,0.0
2476,2024-12-13 134629,饱腹,中性,0,0.0,0,0.0,0,0.0,0,0.0
2477,2024-12-13 134629,饱腹,中性,0,0.0,0,0.0,0,0.0,0,0.0
2478,2024-12-13 134629,饱腹,中性,0,0.0,0,0.0,0,0.0,0,0.0
2481,2024-12-13 134629,饱腹,中性,0,0.0,0,0.0,0,0.0,0,0.0
2488,2024-12-16 190348,饱腹,微饿,0,0.0,0,0.0,0,0.0,0,0.0
2490,2024-12-16 190348,饥饿,微饿,0,0.0,0,0.0,0,0.0,0,0.0
2492,2024-12-16 190348,饥饿,微饿,0,0.0,0,0.0,0,0.0,0,0.0
2501,2024-12-16 190348,饥饿,微饿,0,0.0,0,0.0,0,0.0,0,0.0
2504,2024-12-16 190348,饱腹,微饿,0,0.0,0,0.0,0,0.0,0,0.0
2505,2024-12-16 190348,饱腹,微饿,0,0.0,0,0.0,0,0.0,0,0.0
2506,2024-12-16 190348,中性,微饿,0,0.0,0,0.0,0,0.0,0,0.0
2507,2024-12-16 190348,中性,微饿,0,0.0,0,0.0,0,0.0,0,0.0
2511,2024-12-16 190348,中性,微饿,0,0.0,2,12.0,0,0.0,4,12.0
2512,2024-12-16 190348,饱腹,饥饿,0,0.0,2,12.0,0,0.0,4,12.0
2513,2024-12-16 190348,饱腹,饥饿,0,0.0,2,12.0,0,0.0,4,12.0
2514,2024-12-16 190348,饱腹,饥饿,0,0.0,2,12.0,0,0.0,4,12.0
2515,2024-12-16 190348,微饿,饥饿,0,0.0,2,12.0,0,0.0,4,12.0
2516,2024-12-16 190348,微饿,饥饿,0,0.0,2,12.0,0,0.0,4,12.0
2517,2024-12-16 190348,微饿,饥饿,0,0.0,3,64.0,0,0.0,6,64.0
2518,2024-12-16 190348,微饿,饥饿,0,0.0,3,64.0,0,0.0,6,64.0
2519,2024-12-16 190348,微饿,饥饿,0,0.0,3,64.0,0,0.0,6,64.0
2520,2024-12-16 190348,微饿,饥饿,0,0.0,2,61.0,0,0.0,4,61.0
2521,2024-12-16 190348,微饿,饥饿,0,0.0,1,52.0,0,0.0,2,52.0
2522,2024-12-16 190348,微饿,饥饿,0,0.0,1,52.0,0,0.0,2,52.0
2523,2024-12-16 190348,微饿,饥饿,0,0.0,1,52.0,0,0.0,2,52.0
2524,2024-12-16 190348,微饿,饥饿,0,0.0,1,52.0,0,0.0,2,52.0
2525,2024-12-16 190348,中性,饥饿,0,0.0,0,0.0,0,0.0,0,0.0
2526,2024-12-16 190348,饱腹,饥饿,0,0.0,0,0.0,0,0.0,0,0.0
2527,2024-12-16 190348,饱腹,饥饿,0,0.0,0,0.0,0,0.0,0,0.0
2528,2024-12-16 190348,饱腹,饥饿,0,0.0,0,0.0,0,0.0,0,0.0
2529,2024-12-16 190348,饱腹,饥饿,0,0.0,0,0.0,0,0.0,0,0.0
2530,2024-12-16 190348,饱腹,饥饿,0,0.0,0,0.0,0,0.0,0,0.0
2531,2024-12-16 190348,饱腹,饥饿,0,0.0,0,0.0,0,0.0,0,0.0
2532,2024-12-16 190348,饱腹,饥饿,0,0.0,0,0.0,0,0.0,0,0.0
2533,2024-12-16 190348,饱腹,饥饿,0,0.0,0,0.0,0,0.0,0,0.0
2534,2024-12-16 190348,饱腹,饥饿,0,0.0,0,0.0,0,0.0,0,0.0
2535,2024-12-16 190348,饱腹,饥饿,0,0.0,0,0.0,0,0.0,0,0.0
2536,2024-12-16 190348,饱腹,饥饿,0,0.0,0,0.0,0,0.0,0,0.0
2537,2024-12-16 190348,饱腹,饥饿,0,0.0,0,0.0,0,0.0,0,0.0
2538,2024-12-16 190348,饱腹,饥饿,0,0.0,0,0.0,0,0.0,0,0.0
2539,2024-12-16 190348,饱腹,饥饿,0,0.0,0,0.0,0,0.0,0,0.0
2540,2024-12-16 190348,中性,饥饿,0,0.0,0,0.0,0,0.0,0,0.0
2541,2024-12-16 190348,饱腹,饥饿,0,0.0,0,0.0,0,0.0,0,0.0
2556,2024-12-16 190348,中性,饱腹,0,0.0,0,0.0,0,0.0,2,102.0
2558,2024-12-16 190348,中性,饱腹,0,0.0,0,0.0,0,0.0,2,102.0
2560,2024-12-16 190348,中性,饱腹,0,0.0,0,0.0,0,0.0,0,0.0
2561,2024-12-16 190348,中性,饱腹,0,0.0,0,0.0,0,0.0,0,0.0
2563,2024-12-16 190348,中性,饱腹,0,0.0,0,0.0,0,0.0,0,0.0
2566,2024-12-16 190348,中性,饱腹,0,0.0,0,0.0,0,0.0,2,14.0
2569,2024-12-16 190348,中性,饱腹,0,0.0,0,0.0,0,0.0,2,14.0
2570,2024-12-16 190348,中性,饱腹,0,0.0,0,0.0,0,0.0,2,14.0
2571,2024-12-16 190348,中性,饱腹,0,0.0,0,0.0,0,0.0,2,14.0
2575,2024-12-16 190348,饥饿,中性,0,0.0,0,0.0,0,0.0,0,0.0
2577,2024-12-16 190348,饱腹,中性,0,0.0,0,0.0,0,0.0,0,0.0
2578,2024-12-16 190348,饥饿,中性,0,0.0,0,0.0,0,0.0,0,0.0
2581,2024-12-16 190348,饥饿,中性,0,0.0,0,0.0,0,0.0,0,0.0
2582,2024-12-16 190348,饥饿,中性,0,0.0,0,0.0,0,0.0,0,0.0
2583,2024-12-16 190348,饥饿,中性,0,0.0,0,0.0,0,0.0,0,0.0
2584,2024-12-16 190348,饥饿,中性,0,0.0,0,0.0,0,0.0,0,0.0
2585,2024-12-16 190348,饥饿,中性,0,0.0,0,0.0,0,0.0,0,0.0
2586,2024-12-16 190348,微饿,中性,0,0.0,0,0.0,0,0.0,0,0.0
2587,2024-12-16 190348,饥饿,中性,0,0.0,0,0.0,0,0.0,0,0.0
2588,2024-12-16 190348,饥饿,中性,0,0.0,0,0.0,0,0.0,0,0.0
2589,2024-12-16 190348,饥饿,中性,0,0.0,0,0.0,0,0.0,0,0.0
2590,2024-12-16 190348,饥饿,中性,0,0.0,0,0.0,0,0.0,0,0.0
2592,2024-12-16 190348,微饿,中性,0,0.0,0,0.0,0,0.0,0,0.0
2597,2024-12-16 190348,饱腹,中性,0,0.0,0,0.0,0,0.0,0,0.0
2601,2024-12-16 190348,饱腹,中性,0,0.0,0,0.0,0,0.0,0,0.0
2608,2024-12-17 135256,饥饿,微饿,0,0.0,11,77.0,4,16.0,30,103.0
2611,2024-12-17 135256,饥饿,微饿,0,0.0,12,73.0,1,3.0,30,95.0
2612,2024-12-17 135256,饥饿,微饿,0,0.0,11,73.0,2,20.0,28,104.0
2613,2024-12-17 135256,饥饿,微饿,0,0.0,11,73.0,3,28.0,30,112.0
2615,2024-12-17 135256,饥饿,微饿,0,0.0,12,106.0,3,28.0,34,150.0
2616,2024-12-17 135256,饥饿,微饿,0,0.0,15,116.0,4,34.0,41,160.0
2619,2024-12-17 135256,饥饿,微饿,0,0.0,21,147.0,6,40.0,51,180.0
2621,2024-12-17 135256,饥饿,微饿,1,3.0,16,126.0,6,40.0,41,157.0
2624,2024-12-17 135256,微饿,饥饿,1,3.0,19,104.0,5,18.0,53,131.0
2627,2024-12-17 135256,微饿,饥饿,1,3.0,19,117.0,7,27.0,61,164.0
2628,2024-12-17 135256,微饿,饥饿,1,3.0,17,99.0,9,39.0,61,158.0
2629,2024-12-17 135256,微饿,饥饿,1,3.0,15,91.0,8,37.0,57,150.0
2631,2024-12-17 135256,微饿,饥饿,0,0.0,14,85.0,9,49.0,55,153.0
2632,2024-12-17 135256,微饿,饥饿,0,0.0,13,79.0,9,49.0,51,145.0
2633,2024-12-17 135256,微饿,饥饿,0,0.0,11,85.0,8,46.0,45,147.0
2634,2024-12-17 135256,微饿,饥饿,0,0.0,8,71.0,7,43.0,33,120.0
2636,2024-12-17 135256,微饿,饥饿,0,0.0,11,91.0,8,52.0,31,122.0
2637,2024-12-17 135256,微饿,饥饿,0,0.0,10,99.0,6,40.0,26,123.0
2642,2024-12-17 135256,微饿,饥饿,0,0.0,7,97.0,3,20.0,22,132.0
2643,2024-12-17 135256,微饿,饥饿,0,0.0,8,103.0,3,20.0,24,138.0
2645,2024-12-17 135256,微饿,饥饿,0,0.0,7,124.0,3,23.0,24,166.0
2647,2024-12-17 135256,微饿,饥饿,0,0.0,7,134.0,4,39.0,26,187.0
2650,2024-12-17 135256,微饿,饥饿,0,0.0,9,159.0,5,49.0,30,212.0
2651,2024-12-17 135256,微饿,饥饿,0,0.0,9,159.0,5,49.0,26,190.0
2671,2024-12-17 135256,中性,饱腹,0,0.0,0,0.0,0,0.0,0,0.0
2672,2024-12-17 135256,中性,饱腹,0,0.0,0,0.0,0,0.0,0,0.0
2673,2024-12-17 135256,中性,饱腹,0,0.0,0,0.0,0,0.0,0,0.0
2674,2024-12-17 135256,中性,饱腹,0,0.0,0,0.0,0,0.0,0,0.0
2675,2024-12-17 135256,中性,饱腹,0,0.0,0,0.0,0,0.0,0,0.0
2677,2024-12-17 135256,中性,饱腹,0,0.0,0,0.0,0,0.0,2,75.0
2679,2024-12-17 135256,中性,饱腹,0,0.0,0,0.0,0,0.0,2,75.0
2681,2024-12-17 135256,中性,饱腹,0,0.0,0,0.0,0,0.0,4,114.0
2682,2024-12-17 135256,中性,饱腹,0,0.0,0,0.0,0,0.0,4,114.0
2683,2024-12-17 135256,中性,饱腹,0,0.0,0,0.0,0,0.0,6,149.0
2684,2024-12-17 135256,饱腹,中性,0,0.0,0,0.0,0,0.0,8,206.0
2687,2024-12-17 135256,饱腹,中性,0,0.0,0,0.0,0,0.0,8,193.0
2689,2024-12-17 135256,饱腹,中性,0,0.0,0,0.0,0,0.0,10,210.0
2693,2024-12-17 135256,饱腹,中性,0,0.0,0,0.0,0,0.0,4,79.0
2701,2024-12-17 135256,饥饿,中性,0,0.0,0,0.0,0,0.0,0,0.0
2715,2024-12-18 135914,饥饿,微饿,0,0.0,0,0.0,3,27.0,7,27.0
2717,2024-12-18 135914,饥饿,微饿,0,0.0,0,0.0,1,23.0,2,23.0
2718,2024-12-18 135914,中性,微饿,0,0.0,0,0.0,0,0.0,0,0.0
2723,2024-12-18 135914,饥饿,微饿,0,0.0,0,0.0,0,0.0,0,0.0
2724,2024-12-18 135914,饥饿,微饿,0,0.0,0,0.0,0,0.0,0,0.0
2725,2024-12-18 135914,饥饿,微饿,0,0.0,0,0.0,0,0.0,0,0.0
2729,2024-12-18 135914,饱腹,微饿,0,0.0,0,0.0,0,0.0,0,0.0
2730,2024-12-18 135914,中性,微饿,0,0.0,0,0.0,0,0.0,0,0.0
2731,2024-12-18 135914,中性,微饿,0,0.0,0,0.0,0,0.0,0,0.0
2732,2024-12-18 135914,中性,微饿,0,0.0,0,0.0,0,0.0,0,0.0
2733,2024-12-18 135914,饥饿,微饿,0,0.0,0,0.0,0,0.0,0,0.0
2734,2024-12-18 135914,饱腹,微饿,0,0.0,0,0.0,0,0.0,0,0.0
2735,2024-12-18 135914,中性,饥饿,0,0.0,0,0.0,0,0.0,0,0.0
2736,2024-12-18 135914,微饿,饥饿,0,0.0,0,0.0,0,0.0,0,0.0
2737,2024-12-18 135914,微饿,饥饿,0,0.0,0,0.0,0,0.0,0,0.0
2739,2024-12-18 135914,微饿,饥饿,0,0.0,0,0.0,0,0.0,0,0.0
2740,2024-12-18 135914,微饿,饥饿,0,0.0,0,0.0,0,0.0,0,0.0
2741,2024-12-18 135914,中性,饥饿,0,0.0,0,0.0,0,0.0,0,0.0
2742,2024-12-18 135914,中性,饥饿,0,0.0,0,0.0,0,0.0,0,0.0
2743,2024-12-18 135914,饱腹,饥饿,0,0.0,0,0.0,0,0.0,0,0.0
2744,2024-12-18 135914,微饿,饥饿,0,0.0,0,0.0,0,0.0,0,0.0
2745,2024-12-18 135914,微饿,饥饿,0,0.0,0,0.0,0,0.0,0,0.0
2747,2024-12-18 135914,微饿,饥饿,0,0.0,0,0.0,0,0.0,0,0.0
2748,2024-12-18 135914,饱腹,饥饿,0,0.0,0,0.0,0,0.0,0,0.0
2749,2024-12-18 135914,微饿,饥饿,0,0.0,0,0.0,0,0.0,0,0.0
2750,2024-12-18 135914,饱腹,饥饿,0,0.0,0,0.0,0,0.0,0,0.0
2751,2024-12-18 135914,中性,饥饿,0,0.0,0,0.0,0,0.0,0,0.0
2752,2024-12-18 135914,中性,饥饿,0,0.0,0,0.0,0,0.0,0,0.0
2755,2024-12-18 135914,微饿,饥饿,0,0.0,1,7.0,1,2.0,4,9.0
2756,2024-12-18 135914,微饿,饥饿,0,0.0,1,7.0,1,2.0,4,9.0
2757,2024-12-18 135914,微饿,饥饿,0,0.0,1,7.0,1,2.0,4,9.0
2759,2024-12-18 135914,微饿,饥饿,0,0.0,1,7.0,1,2.0,4,9.0
2761,2024-12-18 135914,微饿,饥饿,0,0.0,1,7.0,1,2.0,4,9.0
2762,2024-12-18 135914,微饿,饥饿,0,0.0,1,7.0,2,6.0,6,13.0
2781,2024-12-18 135914,中性,饱腹,0,0.0,0,0.0,0,0.0,6,135.0
2782,2024-12-18 135914,中性,饱腹,0,0.0,0,0.0,0,0.0,4,131.0
2783,2024-12-18 135914,中性,饱腹,0,0.0,0,0.0,0,0.0,2,115.0
2784,2024-12-18 135914,中性,饱腹,0,0.0,0,0.0,0,0.0,4,183.0
2785,2024-12-18 135914,中性,饱腹,0,0.0,0,0.0,0,0.0,4,183.0
2786,2024-12-18 135914,中性,饱腹,0,0.0,0,0.0,0,0.0,2,68.0
2787,2024-12-18 135914,中性,饱腹,0,0.0,0,0.0,0,0.0,2,68.0
2788,2024-12-18 135914,中性,饱腹,0,0.0,0,0.0,0,0.0,2,68.0
2789,2024-12-18 135914,中性,饱腹,0,0.0,0,0.0,0,0.0,2,68.0
2790,2024-12-18 135914,中性,饱腹,0,0.0,0,0.0,0,0.0,2,68.0
2791,2024-12-18 135914,中性,饱腹,0,0.0,0,0.0,0,0.0,4,244.0
2792,2024-12-18 135914,中性,饱腹,0,0.0,0,0.0,0,0.0,2,176.0
2793,2024-12-18 135914,中性,饱腹,0,0.0,0,0.0,0,0.0,2,176.0
2794,2024-12-18 135914,中性,饱腹,0,0.0,0,0.0,0,0.0,2,176.0
2802,2024-12-18 135914,微饿,中性,0,0.0,0,0.0,0,0.0,0,0.0
2805,2024-12-18 135914,微饿,中性,0,0.0,0,0.0,0,0.0,0,0.0
2810,2024-12-18 135914,饥饿,中性,0,0.0,0,0.0,0,0.0,0,0.0
2814,2024-12-18 135914,饥饿,中性,0,0.0,0,0.0,0,0.0,0,0.0
2816,2024-12-18 135914,微饿,中性,0,0.0,0,0.0,0,0.0,0,0.0
2817,2024-12-18 135914,微饿,中性,0,0.0,0,0.0,0,0.0,0,0.0
2821,2024-12-18 135914,饱腹,中性,0,0.0,0,0.0,0,0.0,4,30.0
2826,2024-12-19 135234,饥饿,微饿,0,0.0,2,58.0,1,3.0,5,58.0
2827,2024-12-19 135234,饥饿,微饿,0,0.0,2,58.0,1,3.0,5,58.0
2829,2024-12-19 135234,饥饿,微饿,0,0.0,2,58.0,1,3.0,5,58.0
2830,2024-12-19 135234,饥饿,微饿,0,0.0,2,58.0,1,3.0,5,58.0
2831,2024-12-19 135234,饥饿,微饿,0,0.0,1,3.0,1,3.0,2,3.0
2833,2024-12-19 135234,饱腹,饥饿,0,0.0,0,0.0,0,0.0,0,0.0
2834,2024-12-19 135234,饱腹,饥饿,0,0.0,0,0.0,0,0.0,0,0.0
2835,2024-12-19 135234,饱腹,饥饿,0,0.0,0,0.0,0,0.0,0,0.0
2836,2024-12-19 135234,饱腹,饥饿,0,0.0,0,0.0,0,0.0,0,0.0
2837,2024-12-19 135234,饱腹,饥饿,0,0.0,0,0.0,0,0.0,0,0.0
2839,2024-12-19 135234,微饿,饥饿,0,0.0,1,2.0,1,2.0,4,2.0
2863,2024-12-19 135234,饥饿,饱腹,1,6.0,5,140.0,4,109.0,16,147.0
2865,2024-12-19 135234,饥饿,饱腹,1,6.0,5,140.0,4,109.0,18,148.0
2866,2024-12-19 135234,微饿,饱腹,1,6.0,5,140.0,4,109.0,18,148.0
2867,2024-12-19 135234,饥饿,饱腹,0,0.0,4,122.0,4,109.0,14,124.0
2868,2024-12-19 135234,饥饿,饱腹,0,0.0,2,107.0,3,108.0,10,109.0
2870,2024-12-19 135234,饥饿,饱腹,0,0.0,1,26.0,1,26.0,5,27.0
2871,2024-12-19 135234,微饿,饱腹,0,0.0,1,26.0,1,26.0,5,27.0
2872,2024-12-19 135234,饥饿,饱腹,0,0.0,1,252.0,1,252.0,5,253.0
2873,2024-12-19 135234,饥饿,饱腹,0,0.0,1,252.0,1,252.0,5,253.0
2874,2024-12-19 135234,饥饿,饱腹,0,0.0,0,0.0,0,0.0,0,0.0
2876,2024-12-19 135234,饥饿,饱腹,0,0.0,1,111.0,1,111.0,3,111.0
2881,2024-12-19 135234,饥饿,饱腹,0,0.0,1,111.0,1,111.0,3,111.0
2882,2024-12-19 135234,饥饿,饱腹,0,0.0,0,0.0,0,0.0,0,0.0
2885,2024-12-19 135234,饥饿,饱腹,0,0.0,0,0.0,0,0.0,0,0.0
2886,2024-12-19 135234,饥饿,饱腹,0,0.0,0,0.0,0,0.0,0,0.0
2894,2024-12-19 135234,饥饿,中性,0,0.0,0,0.0,0,0.0,0,0.0
2895,2024-12-19 135234,微饿,中性,0,0.0,0,0.0,0,0.0,0,0.0
2896,2024-12-19 135234,饥饿,中性,0,0.0,0,0.0,0,0.0,0,0.0
2897,2024-12-19 135234,饱腹,中性,0,0.0,0,0.0,0,0.0,2,212.0
2898,2024-12-19 135234,饱腹,中性,0,0.0,0,0.0,0,0.0,2,212.0
2899,2024-12-19 135234,饱腹,中性,0,0.0,0,0.0,0,0.0,2,212.0
2900,2024-12-19 135234,饱腹,中性,0,0.0,0,0.0,0,0.0,0,0.0
2901,2024-12-19 135234,饱腹,中性,0,0.0,0,0.0,0,0.0,0,0.0
2902,2024-12-19 135234,饱腹,中性,0,0.0,0,0.0,0,0.0,0,0.0
2903,2024-12-19 135234,饱腹,中性,0,0.0,0,0.0,0,0.0,2,75.0
2904,2024-12-19 135234,饱腹,中性,0,0.0,0,0.0,0,0.0,2,75.0
2905,2024-12-19 135234,饱腹,中性,0,0.0,0,0.0,0,0.0,4,93.0
2906,2024-12-19 135234,饱腹,中性,0,0.0,0,0.0,0,0.0,4,93.0
2907,2024-12-19 135234,饱腹,中性,0,0.0,0,0.0,0,0.0,8,143.0
2908,2024-12-19 135234,饱腹,中性,0,0.0,0,0.0,0,0.0,8,143.0
2909,2024-12-19 135234,饱腹,中性,0,0.0,0,0.0,0,0.0,8,143.0
2910,2024-12-19 135234,饱腹,中性,0,0.0,0,0.0,0,0.0,10,159.0
2911,2024-12-19 135234,饱腹,中性,0,0.0,0,0.0,0,0.0,10,107.0
2912,2024-12-19 135234,饱腹,中性,0,0.0,0,0.0,0,0.0,10,107.0
2913,2024-12-19 135234,饱腹,中性,0,0.0,0,0.0,0,0.0,10,107.0
2914,2024-12-19 135234,饱腹,中性,0,0.0,0,0.0,0,0.0,10,107.0
2915,2024-12-19 135234,饱腹,中性,0,0.0,0,0.0,0,0.0,8,85.0
2916,2024-12-19 135234,饱腹,中性,0,0.0,0,0.0,0,0.0,8,85.0
2917,2024-12-19 135234,饱腹,中性,0,0.0,0,0.0,0,0.0,6,78.0
2919,2024-12-19 135234,饱腹,中性,0,0.0,0,0.0,0,0.0,6,78.0
2920,2024-12-19 135234,饱腹,中性,0,0.0,0,0.0,0,0.0,4,62.0
2921,2024-12-19 135234,饱腹,中性,0,0.0,0,0.0,0,0.0,2,39.0
2922,2024-12-19 135234,饱腹,中性,0,0.0,0,0.0,0,0.0,2,39.0
2931,2024-12-19 135149,饥饿,微饿,2,3.0,1,9.0,0,0.0,6,12.0
2932,2024-12-19 135149,饥饿,微饿,2,3.0,1,9.0,0,0.0,6,12.0
2933,2024-12-19 135149,饥饿,微饿,2,3.0,1,9.0,0,0.0,6,12.0
2934,2024-12-19 135149,饥饿,微饿,1,2.0,1,9.0,0,0.0,4,11.0
2935,2024-12-19 135149,饥饿,微饿,1,2.0,1,9.0,0,0.0,4,11.0
2936,2024-12-19 135149,饥饿,微饿,1,2.0,1,9.0,0,0.0,4,11.0
2937,2024-12-19 135149,饥饿,微饿,1,2.0,1,9.0,0,0.0,4,11.0
2938,2024-12-19 135149,饥饿,微饿,1,2.0,0,0.0,0,0.0,2,2.0
2939,2024-12-19 135149,中性,微饿,0,0.0,0,0.0,0,0.0,0,0.0
2940,2024-12-19 135149,饱腹,微饿,0,0.0,0,0.0,0,0.0,0,0.0
2941,2024-12-19 135149,中性,微饿,0,0.0,0,0.0,0,0.0,0,0.0
2942,2024-12-19 135149,饥饿,微饿,1,2.0,0,0.0,0,0.0,2,2.0
2943,2024-12-19 135149,饥饿,微饿,2,4.0,0,0.0,0,0.0,4,4.0
2944,2024-12-19 135149,饥饿,微饿,2,4.0,0,0.0,0,0.0,4,4.0
2945,2024-12-19 135149,饥饿,微饿,2,4.0,0,0.0,0,0.0,4,4.0
2965,2024-12-19 135149,微饿,饥饿,5,9.0,0,0.0,0,0.0,10,9.0
2966,2024-12-19 135149,微饿,饥饿,4,7.0,0,0.0,0,0.0,8,7.0
2967,2024-12-19 135149,微饿,饥饿,4,7.0,0,0.0,0,0.0,8,7.0
2968,2024-12-19 135149,微饿,饥饿,4,7.0,0,0.0,0,0.0,8,7.0
2969,2024-12-19 135149,微饿,饥饿,4,7.0,0,0.0,0,0.0,8,7.0
2970,2024-12-19 135149,微饿,饥饿,4,7.0,0,0.0,0,0.0,8,7.0
2972,2024-12-19 135149,中性,饥饿,0,0.0,0,0.0,0,0.0,0,0.0
2973,2024-12-19 135149,饱腹,饥饿,0,0.0,0,0.0,0,0.0,0,0.0
2974,2024-12-19 135149,饱腹,饥饿,0,0.0,0,0.0,0,0.0,0,0.0
2975,2024-12-19 135149,饱腹,饥饿,0,0.0,0,0.0,0,0.0,0,0.0
2984,2024-12-19 135149,中性,饱腹,0,0.0,0,0.0,0,0.0,0,0.0
2985,2024-12-19 135149,中性,饱腹,0,0.0,0,0.0,0,0.0,0,0.0
2986,2024-12-19 135149,中性,饱腹,0,0.0,0,0.0,0,0.0,0,0.0
2987,2024-12-19 135149,中性,饱腹,0,0.0,0,0.0,0,0.0,0,0.0
2988,2024-12-19 135149,中性,饱腹,0,0.0,0,0.0,0,0.0,0,0.0
2989,2024-12-19 135149,中性,饱腹,0,0.0,0,0.0,0,0.0,0,0.0
2990,2024-12-19 135149,中性,饱腹,0,0.0,0,0.0,0,0.0,0,0.0
2991,2024-12-19 135149,中性,饱腹,0,0.0,0,0.0,0,0.0,0,0.0
2992,2024-12-19 135149,中性,饱腹,0,0.0,0,0.0,0,0.0,0,0.0
2993,2024-12-19 135149,中性,饱腹,0,0.0,0,0.0,0,0.0,0,0.0
2994,2024-12-19 135149,中性,饱腹,0,0.0,0,0.0,0,0.0,0,0.0
2995,2024-12-19 135149,中性,饱腹,0,0.0,0,0.0,0,0.0,0,0.0
2996,2024-12-19 135149,中性,饱腹,0,0.0,0,0.0,0,0.0,0,0.0
3000,2024-12-19 135149,中性,饱腹,0,0.0,0,0.0,0,0.0,2,106.0
3001,2024-12-19 135149,中性,饱腹,0,0.0,0,0.0,0,0.0,2,106.0
3003,2024-12-19 135149,中性,饱腹,0,0.0,0,0.0,0,0.0,2,106.0
3005,2024-12-19 135149,中性,饱腹,0,0.0,0,0.0,0,0.0,0,0.0
3010,2024-12-19 135149,饱腹,中性,0,0.0,0,0.0,0,0.0,0,0.0
3018,2024-12-19 135149,饱腹,中性,0,0.0,0,0.0,0,0.0,2,136.0
3024,2024-12-19 135149,饱腹,中性,0,0.0,0,0.0,0,0.0,2,155.0
3025,2024-12-19 135149,饱腹,中性,0,0.0,0,0.0,0,0.0,2,155.0
3026,2024-12-19 135149,饱腹,中性,0,0.0,0,0.0,0,0.0,2,155.0
3030,2024-12-19 135149,饱腹,中性,0,0.0,0,0.0,0,0.0,2,218.0
3031,2024-12-19 135149,饱腹,中性,0,0.0,0,0.0,0,0.0,2,218.0
3033,2024-12-19 135149,饱腹,中性,0,0.0,0,0.0,0,0.0,0,0.0
3035,2024-12-19 135149,饱腹,中性,0,0.0,0,0.0,0,0.0,2,103.0
3037,2024-12-19 110403,饥饿,微饿,0,0.0,7,110.0,1,4.0,14,110.0
3038,2024-12-19 110403,饥饿,微饿,0,0.0,6,105.0,1,4.0,12,105.0
3039,2024-12-19 110403,饥饿,微饿,0,0.0,4,95.0,0,0.0,8,95.0
3040,2024-12-19 110403,饥饿,微饿,0,0.0,4,95.0,0,0.0,8,95.0
3041,2024-12-19 110403,饥饿,微饿,0,0.0,3,60.0,0,0.0,6,60.0
3042,2024-12-19 110403,饥饿,微饿,0,0.0,3,60.0,0,0.0,6,60.0
3043,2024-12-19 110403,饥饿,微饿,0,0.0,2,16.0,0,0.0,4,16.0
3045,2024-12-19 110403,饥饿,微饿,0,0.0,3,26.0,0,0.0,6,26.0
3047,2024-12-19 110403,饥饿,微饿,0,0.0,2,13.0,0,0.0,4,13.0
3052,2024-12-19 110403,饥饿,微饿,0,0.0,5,39.0,0,0.0,10,39.0
3053,2024-12-19 110403,饥饿,微饿,0,0.0,6,49.0,0,0.0,12,49.0
3056,2024-12-19 110403,饥饿,微饿,0,0.0,6,68.0,1,12.0,12,68.0
3057,2024-12-19 110403,饥饿,微饿,0,0.0,7,71.0,1,12.0,14,71.0
3058,2024-12-19 110403,饥饿,微饿,0,0.0,7,71.0,1,12.0,14,71.0
3059,2024-12-19 110403,饥饿,微饿,0,0.0,7,71.0,1,12.0,14,71.0
3061,2024-12-19 110403,饥饿,微饿,0,0.0,8,62.0,1,12.0,16,62.0
3063,2024-12-19 110403,饥饿,微饿,0,0.0,5,46.0,1,12.0,10,46.0
3069,2024-12-19 110403,微饿,饥饿,0,0.0,4,51.0,0,0.0,8,51.0
3073,2024-12-19 110403,微饿,饥饿,0,0.0,2,40.0,0,0.0,4,40.0
3074,2024-12-19 110403,微饿,饥饿,0,0.0,2,40.0,0,0.0,4,40.0
3076,2024-12-19 110403,中性,饥饿,0,0.0,0,0.0,0,0.0,0,0.0
3077,2024-12-19 110403,中性,饥饿,0,0.0,0,0.0,0,0.0,0,0.0
3078,2024-12-19 110403,饱腹,饥饿,0,0.0,0,0.0,0,0.0,0,0.0
3079,2024-12-19 110403,中性,饥饿,0,0.0,0,0.0,0,0.0,0,0.0
3080,2024-12-19 110403,饱腹,饥饿,0,0.0,0,0.0,0,0.0,0,0.0
3081,2024-12-19 110403,中性,饥饿,0,0.0,0,0.0,0,0.0,0,0.0
3082,2024-12-19 110403,中性,饥饿,0,0.0,0,0.0,0,0.0,0,0.0
3083,2024-12-19 110403,中性,饥饿,0,0.0,0,0.0,0,0.0,0,0.0
3084,2024-12-19 110403,中性,饥饿,0,0.0,0,0.0,0,0.0,0,0.0
3085,2024-12-19 110403,中性,饥饿,0,0.0,0,0.0,0,0.0,0,0.0
3086,2024-12-19 110403,饱腹,饥饿,0,0.0,1,1.0,0,0.0,2,1.0
3091,2024-12-19 110403,饱腹,饥饿,0,0.0,1,1.0,0,0.0,2,1.0
3126,2024-12-19 110403,饱腹,中性,0,0.0,0,0.0,0,0.0,0,0.0
3127,2024-12-19 110403,饱腹,中性,0,0.0,0,0.0,0,0.0,0,0.0
3128,2024-12-19 110403,饱腹,中性,0,0.0,0,0.0,0,0.0,0,0.0
3129,2024-12-19 110403,饱腹,中性,0,0.0,0,0.0,0,0.0,0,0.0
3130,2024-12-19 110403,饱腹,中性,0,0.0,0,0.0,0,0.0,0,0.0
3131,2024-12-19 110403,饱腹,中性,0,0.0,0,0.0,0,0.0,0,0.0
3132,2024-12-19 110403,饱腹,中性,0,0.0,0,0.0,0,0.0,0,0.0
3133,2024-12-19 110403,饱腹,中性,0,0.0,0,0.0,0,0.0,0,0.0
3134,2024-12-19 110403,饱腹,中性,0,0.0,0,0.0,0,0.0,0,0.0
3135,2024-12-19 110403,饱腹,中性,0,0.0,0,0.0,0,0.0,0,0.0
3136,2024-12-19 110403,饱腹,中性,0,0.0,0,0.0,0,0.0,0,0.0
3137,2024-12-19 110403,饱腹,中性,0,0.0,0,0.0,0,0.0,0,0.0
3138,2024-12-19 110403,饱腹,中性,0,0.0,0,0.0,0,0.0,0,0.0
3139,2024-12-19 110403,饱腹,中性,0,0.0,0,0.0,0,0.0,0,0.0
3140,2024-12-19 110403,饱腹,中性,0,0.0,0,0.0,0,0.0,0,0.0
3141,2024-12-19 110403,饱腹,中性,0,0.0,0,0.0,0,0.0,0,0.0
3142,2024-12-19 110403,饱腹,中性,0,0.0,0,0.0,0,0.0,0,0.0
3143,2024-12-19 110403,饱腹,中性,0,0.0,0,0.0,0,0.0,0,0.0
3144,2024-12-19 110403,饱腹,中性,0,0.0,0,0.0,0,0.0,0,0.0
3145,2024-12-19 110403,饱腹,中性,0,0.0,0,0.0,0,0.0,0,0.0
3146,2024-12-19 110403,饱腹,中性,0,0.0,0,0.0,0,0.0,0,0.0
3147,2024-12-19 110403,饱腹,中性,0,0.0,0,0.0,0,0.0,0,0.0
3148,2024-12-19 110403,饱腹,中性,0,0.0,0,0.0,0,0.0,0,0.0
3149,2024-12-19 110403,饱腹,中性,0,0.0,0,0.0,0,0.0,0,0.0
3150,2024-12-19 110403,饱腹,中性,0,0.0,0,0.0,0,0.0,0,0.0
3151,2024-12-19 110403,饱腹,中性,0,0.0,0,0.0,0,0.0,0,0.0
3152,2024-12-19 110403,饱腹,中性,0,0.0,0,0.0,0,0.0,0,0.0
3153,2024-12-19 110403,饱腹,中性,0,0.0,0,0.0,0,0.0,0,0.0
3154,2024-12-19 110403,饱腹,中性,0,0.0,0,0.0,0,0.0,0,0.0
3155,2024-12-19 110403,饱腹,中性,0,0.0,0,0.0,0,0.0,0,0.0
3156,2024-12-20 110552,饥饿,微饿,0,0.0,10,98.0,6,44.0,26,101.0
3157,2024-12-20 110552,饥饿,微饿,0,0.0,10,98.0,6,44.0,26,101.0
3158,2024-12-20 110552,饥饿,微饿,0,0.0,10,98.0,6,44.0,26,101.0
3160,2024-12-20 110552,饥饿,微饿,0,0.0,12,129.0,7,70.0,29,132.0
3161,2024-12-20 110552,饥饿,微饿,0,0.0,12,129.0,7,70.0,29,132.0
3162,2024-12-20 110552,饥饿,微饿,0,0.0,10,106.0,6,68.0,23,107.0
3163,2024-12-20 110552,饥饿,微饿,1,5.0,8,76.0,5,54.0,21,82.0
3165,2024-12-20 110552,饥饿,微饿,1,5.0,5,46.0,3,40.0,14,57.0
3166,2024-12-20 110552,饥饿,微饿,1,5.0,9,60.0,7,53.0,25,75.0
3167,2024-12-20 110552,饥饿,微饿,1,5.0,9,60.0,7,53.0,25,75.0
3168,2024-12-20 110552,饥饿,微饿,1,5.0,9,60.0,7,53.0,25,75.0
3169,2024-12-20 110552,饥饿,微饿,1,5.0,7,29.0,6,27.0,21,44.0
3170,2024-12-20 110552,饥饿,微饿,1,5.0,6,24.0,6,27.0,19,39.0
3171,2024-12-20 110552,饥饿,微饿,1,5.0,6,24.0,6,27.0,19,39.0
3174,2024-12-20 110552,饥饿,微饿,0,0.0,6,24.0,5,21.0,15,28.0
3177,2024-12-20 110552,饥饿,微饿,0,0.0,0,0.0,0,0.0,0,0.0
3179,2024-12-20 110552,微饿,饥饿,0,0.0,1,22.0,0,0.0,2,22.0
3180,2024-12-20 110552,微饿,饥饿,0,0.0,1,22.0,0,0.0,2,22.0
3181,2024-12-20 110552,微饿,饥饿,0,0.0,1,22.0,0,0.0,2,22.0
3182,2024-12-20 110552,微饿,饥饿,0,0.0,1,22.0,0,0.0,2,22.0
3184,2024-12-20 110552,微饿,饥饿,0,0.0,2,36.0,0,0.0,4,36.0
3185,2024-12-20 110552,微饿,饥饿,0,0.0,2,36.0,0,0.0,4,36.0
3190,2024-12-20 110552,微饿,饥饿,0,0.0,1,14.0,1,2.0,4,16.0
3192,2024-12-20 110552,微饿,饥饿,0,0.0,1,14.0,1,2.0,4,16.0
3197,2024-12-20 110552,微饿,饥饿,1,3.0,0,0.0,2,3.0,6,6.0
3198,2024-12-20 110552,微饿,饥饿,1,3.0,0,0.0,2,3.0,6,6.0
3207,2024-12-20 110552,微饿,饥饿,0,0.0,0,0.0,0,0.0,0,0.0
3224,2024-12-20 110552,中性,饱腹,0,0.0,0,0.0,0,0.0,2,174.0
3225,2024-12-20 110552,微饿,饱腹,0,0.0,0,0.0,0,0.0,0,0.0
3226,2024-12-20 110552,微饿,饱腹,0,0.0,0,0.0,0,0.0,0,0.0
3227,2024-12-20 110552,饥饿,饱腹,0,0.0,0,0.0,0,0.0,0,0.0
3228,2024-12-20 110552,饥饿,饱腹,0,0.0,0,0.0,0,0.0,0,0.0
3230,2024-12-20 110552,中性,饱腹,0,0.0,0,0.0,0,0.0,2,228.0
3232,2024-12-20 110552,饥饿,饱腹,0,0.0,0,0.0,0,0.0,0,0.0
3233,2024-12-20 110552,微饿,饱腹,0,0.0,0,0.0,0,0.0,0,0.0
3234,2024-12-20 110552,饥饿,饱腹,0,0.0,0,0.0,0,0.0,0,0.0
3235,2024-12-20 110552,微饿,饱腹,0,0.0,0,0.0,0,0.0,0,0.0
3236,2024-12-20 110552,微饿,饱腹,0,0.0,0,0.0,0,0.0,0,0.0
3237,2024-12-20 110552,中性,饱腹,0,0.0,0,0.0,0,0.0,2,218.0
3238,2024-12-20 110552,中性,饱腹,0,0.0,0,0.0,0,0.0,2,218.0
3239,2024-12-20 110552,饥饿,中性,0,0.0,0,0.0,0,0.0,0,0.0
3240,2024-12-20 110552,饥饿,中性,0,0.0,0,0.0,0,0.0,0,0.0
3241,2024-12-20 110552,饥饿,中性,0,0.0,0,0.0,0,0.0,0,0.0
3242,2024-12-20 110552,饥饿,中性,0,0.0,0,0.0,0,0.0,0,0.0
3243,2024-12-20 110552,饥饿,中性,0,0.0,0,0.0,0,0.0,0,0.0
3244,2024-12-20 110552,饥饿,中性,0,0.0,0,0.0,0,0.0,0,0.0
3245,2024-12-20 110552,微饿,中性,0,0.0,0,0.0,0,0.0,0,0.0
3246,2024-12-20 110552,饥饿,中性,0,0.0,0,0.0,0,0.0,0,0.0
3247,2024-12-20 110552,饥饿,中性,0,0.0,0,0.0,0,0.0,0,0.0
3248,2024-12-20 110552,饥饿,中性,0,0.0,0,0.0,0,0.0,0,0.0
3249,2024-12-20 110552,饥饿,中性,0,0.0,0,0.0,0,0.0,0,0.0
3250,2024-12-20 110552,饥饿,中性,0,0.0,0,0.0,0,0.0,0,0.0
3251,2024-12-20 110552,饥饿,中性,0,0.0,0,0.0,0,0.0,0,0.0
3252,2024-12-20 110552,微饿,中性,0,0.0,0,0.0,0,0.0,0,0.0
3254,2024-12-23 105846,饥饿,微饿,0,0.0,1,17.0,0,0.0,2,17.0
3255,2024-12-23 105846,饥饿,微饿,1,16.0,1,17.0,0,0.0,4,33.0
3256,2024-12-23 105846,饥饿,微饿,1,16.0,1,17.0,0,0.0,4,33.0
3257,2024-12-23 105846,饱腹,微饿,1,16.0,1,17.0,0,0.0,4,33.0
3258,2024-12-23 105846,饥饿,微饿,2,19.0,1,17.0,0,0.0,6,36.0
3260,2024-12-23 105846,饥饿,微饿,2,19.0,1,17.0,0,0.0,6,36.0
3261,2024-12-23 105846,饥饿,微饿,2,19.0,0,0.0,0,0.0,4,19.0
3265,2024-12-23 105846,饥饿,微饿,1,3.0,0,0.0,0,0.0,2,3.0
3268,2024-12-23 105846,中性,微饿,0,0.0,0,0.0,0,0.0,0,0.0
3269,2024-12-23 105846,中性,微饿,0,0.0,0,0.0,0,0.0,0,0.0
3270,2024-12-23 105846,中性,微饿,0,0.0,0,0.0,0,0.0,0,0.0
3271,2024-12-23 105846,饱腹,微饿,0,0.0,0,0.0,0,0.0,0,0.0
3272,2024-12-23 105846,中性,微饿,0,0.0,0,0.0,0,0.0,0,0.0
3273,2024-12-23 105846,饥饿,微饿,0,0.0,1,21.0,0,0.0,2,21.0
3274,2024-12-23 105846,饥饿,微饿,1,24.0,1,21.0,0,0.0,4,45.0
3275,2024-12-23 105846,饥饿,微饿,1,24.0,1,21.0,0,0.0,4,45.0
3276,2024-12-23 105846,饥饿,微饿,1,24.0,1,21.0,0,0.0,4,45.0
3277,2024-12-23 105846,饥饿,微饿,1,24.0,1,21.0,0,0.0,4,45.0
3280,2024-12-23 105846,饥饿,微饿,2,44.0,2,88.0,0,0.0,8,132.0
3281,2024-12-23 105846,饥饿,微饿,2,44.0,2,88.0,0,0.0,8,132.0
3304,2024-12-23 105846,微饿,饥饿,3,77.0,2,60.0,2,25.0,9,91.0
3310,2024-12-23 105846,微饿,饥饿,1,11.0,1,11.0,3,85.0,7,85.0
3311,2024-12-23 105846,微饿,饥饿,1,11.0,1,11.0,3,85.0,7,85.0
3333,2024-12-23 105846,饥饿,饱腹,0,0.0,0,0.0,0,0.0,0,0.0
3336,2024-12-23 105846,中性,饱腹,0,0.0,0,0.0,0,0.0,2,202.0
3337,2024-12-23 105846,微饿,饱腹,0,0.0,0,0.0,0,0.0,0,0.0
3338,2024-12-23 105846,饥饿,饱腹,0,0.0,0,0.0,0,0.0,0,0.0
3339,2024-12-23 105846,中性,饱腹,0,0.0,0,0.0,0,0.0,0,0.0
3340,2024-12-23 105846,中性,饱腹,0,0.0,0,0.0,0,0.0,2,166.0
3341,2024-12-23 105846,中性,饱腹,0,0.0,0,0.0,0,0.0,2,166.0
3350,2024-12-24 134112,中性,微饿,0,0.0,0,0.0,0,0.0,0,0.0
3351,2024-12-24 134112,饱腹,微饿,0,0.0,0,0.0,0,0.0,0,0.0
3352,2024-12-24 134112,饱腹,微饿,0,0.0,0,0.0,0,0.0,0,0.0
3354,2024-12-24 134112,中性,微饿,0,0.0,0,0.0,0,0.0,0,0.0
3355,2024-12-24 134112,中性,微饿,0,0.0,0,0.0,0,0.0,0,0.0
3356,2024-12-24 134112,饱腹,微饿,0,0.0,0,0.0,0,0.0,0,0.0
3357,2024-12-24 134112,饱腹,微饿,0,0.0,0,0.0,0,0.0,0,0.0
3358,2024-12-24 134112,饱腹,微饿,0,0.0,0,0.0,0,0.0,0,0.0
3359,2024-12-24 134112,中性,微饿,0,0.0,0,0.0,0,0.0,0,0.0
3360,2024-12-24 134112,饱腹,微饿,0,0.0,0,0.0,0,0.0,0,0.0
3361,2024-12-24 134112,中性,微饿,0,0.0,0,0.0,0,0.0,0,0.0
3362,2024-12-24 134112,中性,微饿,0,0.0,0,0.0,0,0.0,0,0.0
3363,2024-12-24 134112,饥饿,微饿,0,0.0,1,6.0,0,0.0,3,6.0
3364,2024-12-24 134112,微饿,饥饿,0,0.0,1,6.0,1,8.0,5,14.0
3365,2024-12-24 134112,微饿,饥饿,0,0.0,1,6.0,1,8.0,5,14.0
3366,2024-12-24 134112,微饿,饥饿,0,0.0,1,6.0,1,8.0,5,14.0
3367,2024-12-24 134112,微饿,饥饿,0,0.0,1,6.0,1,8.0,5,14.0
3368,2024-12-24 134112,微饿,饥饿,0,0.0,3,36.0,1,8.0,9,44.0
3369,2024-12-24 134112,微饿,饥饿,0,0.0,5,66.0,1,8.0,13,74.0
3370,2024-12-24 134112,微饿,饥饿,0,0.0,5,66.0,1,8.0,13,74.0
3371,2024-12-24 134112,微饿,饥饿,0,0.0,6,134.0,1,8.0,15,142.0
3376,2024-12-24 134112,微饿,饥饿,0,0.0,7,164.0,1,33.0,15,164.0
3378,2024-12-24 134112,微饿,饥饿,0,0.0,4,110.0,1,33.0,9,110.0
3381,2024-12-24 134112,微饿,饥饿,0,0.0,1,3.0,0,0.0,2,3.0
3384,2024-12-24 134112,微饿,饥饿,1,2.0,3,29.0,1,17.0,8,31.0
3385,2024-12-24 134112,微饿,饥饿,1,2.0,3,29.0,1,17.0,8,31.0
3386,2024-12-24 134112,微饿,饥饿,2,6.0,4,63.0,1,17.0,12,69.0
3387,2024-12-24 134112,微饿,饥饿,2,6.0,4,63.0,1,17.0,12,69.0
3388,2024-12-24 134112,微饿,饥饿,2,6.0,4,63.0,1,17.0,12,69.0
3389,2024-12-24 134112,微饿,饥饿,2,6.0,4,63.0,1,17.0,12,69.0
3390,2024-12-24 134112,微饿,饥饿,2,6.0,4,63.0,1,17.0,12,69.0
3391,2024-12-24 134112,微饿,饥饿,2,6.0,4,63.0,1,17.0,12,69.0
3392,2024-12-24 134112,微饿,饥饿,2,6.0,3,56.0,1,17.0,10,62.0
3393,2024-12-24 134112,微饿,饥饿,2,6.0,2,63.0,0,0.0,8,69.0
3394,2024-12-24 134112,微饿,饱腹,1,4.0,2,63.0,0,0.0,8,68.0
3424,2024-12-24 134112,饱腹,中性,0,0.0,0,0.0,0,0.0,0,0.0
3425,2024-12-24 134112,饱腹,中性,0,0.0,0,0.0,0,0.0,0,0.0
3426,2024-12-24 134112,饱腹,中性,0,0.0,0,0.0,0,0.0,0,0.0
3427,2024-12-24 134112,饱腹,中性,0,0.0,0,0.0,0,0.0,4,184.0
3428,2024-12-24 134112,饱腹,中性,0,0.0,0,0.0,0,0.0,8,199.0
3429,2024-12-24 134112,饱腹,中性,0,0.0,0,0.0,0,0.0,10,208.0
3430,2024-12-24 134112,饱腹,中性,0,0.0,0,0.0,0,0.0,8,207.0
3432,2024-12-24 134112,饱腹,中性,0,0.0,0,0.0,0,0.0,6,24.0
3433,2024-12-24 134112,饱腹,中性,0,0.0,0,0.0,0,0.0,8,129.0
3434,2024-12-24 134112,饱腹,中性,0,0.0,0,0.0,0,0.0,8,129.0
3447,2024-12-24 134112,饱腹,中性,0,0.0,0,0.0,0,0.0,2,32.0
3448,2024-12-24 134112,饱腹,中性,0,0.0,0,0.0,0,0.0,2,32.0
3450,2024-12-24 134112,饱腹,中性,0,0.0,0,0.0,0,0.0,2,32.0
3451,2024-12-24 134112,饱腹,中性,0,0.0,0,0.0,0,0.0,0,0.0
3453,2024-12-24 134112,微饿,中性,0,0.0,0,0.0,0,0.0,0,0.0
3457,2024-12-24 105557,饥饿,微饿,2,7.0,6,50.0,5,28.0,19,60.0
3459,2024-12-24 105557,饥饿,微饿,1,3.0,6,50.0,5,28.0,17,56.0
3460,2024-12-24 105557,饥饿,微饿,1,3.0,7,76.0,5,28.0,19,82.0
3461,2024-12-24 105557,饥饿,微饿,1,3.0,8,91.0,5,28.0,21,97.0
3462,2024-12-24 105557,饥饿,微饿,1,3.0,8,91.0,5,28.0,21,97.0
3463,2024-12-24 105557,饥饿,微饿,1,3.0,8,91.0,5,28.0,21,97.0
3464,2024-12-24 105557,饥饿,微饿,1,3.0,5,63.0,5,28.0,15,69.0
3465,2024-12-24 105557,饱腹,微饿,0,0.0,2,41.0,1,5.0,6,46.0
3466,2024-12-24 105557,饥饿,微饿,0,0.0,2,41.0,0,0.0,4,41.0
3468,2024-12-24 105557,饥饿,微饿,0,0.0,2,41.0,0,0.0,4,41.0
3469,2024-12-24 105557,中性,微饿,0,0.0,1,15.0,0,0.0,2,15.0
3470,2024-12-24 105557,饥饿,微饿,0,0.0,1,15.0,0,0.0,2,15.0
3471,2024-12-24 105557,中性,微饿,0,0.0,0,0.0,0,0.0,0,0.0
3472,2024-12-24 105557,中性,微饿,0,0.0,0,0.0,0,0.0,0,0.0
3473,2024-12-24 105557,中性,微饿,0,0.0,0,0.0,0,0.0,0,0.0
3474,2024-12-24 105557,中性,微饿,0,0.0,0,0.0,0,0.0,0,0.0
3475,2024-12-24 105557,中性,微饿,0,0.0,0,0.0,0,0.0,0,0.0
3476,2024-12-24 105557,中性,微饿,0,0.0,0,0.0,0,0.0,0,0.0
3477,2024-12-24 105557,饥饿,微饿,1,10.0,0,0.0,0,0.0,2,10.0
3478,2024-12-24 105557,饥饿,微饿,1,10.0,0,0.0,0,0.0,2,10.0
3479,2024-12-24 105557,饥饿,微饿,1,10.0,0,0.0,0,0.0,2,10.0
3480,2024-12-24 105557,饥饿,微饿,1,10.0,0,0.0,0,0.0,2,10.0
3481,2024-12-24 105557,饥饿,微饿,1,10.0,0,0.0,0,0.0,2,10.0
3482,2024-12-24 105557,饥饿,微饿,2,13.0,0,0.0,0,0.0,4,13.0
3483,2024-12-24 105557,饥饿,微饿,3,16.0,0,0.0,0,0.0,6,16.0
3485,2024-12-24 105557,微饿,饥饿,3,16.0,0,0.0,0,0.0,6,16.0
3487,2024-12-24 105557,微饿,饥饿,3,12.0,0,0.0,0,0.0,6,12.0
3490,2024-12-24 105557,微饿,饥饿,3,12.0,0,0.0,0,0.0,6,12.0
3492,2024-12-24 105557,微饿,饥饿,3,11.0,0,0.0,0,0.0,6,11.0
3496,2024-12-24 105557,微饿,饥饿,3,10.0,0,0.0,0,0.0,6,10.0
3500,2024-12-24 105557,微饿,饥饿,4,14.0,0,0.0,0,0.0,8,14.0
3502,2024-12-24 105557,微饿,饥饿,4,24.0,0,0.0,0,0.0,8,24.0
3503,2024-12-24 105557,微饿,饥饿,4,24.0,0,0.0,0,0.0,8,24.0
3504,2024-12-24 105557,微饿,饥饿,3,22.0,0,0.0,0,0.0,6,22.0
3505,2024-12-24 105557,微饿,饥饿,3,22.0,0,0.0,0,0.0,6,22.0
3522,2024-12-24 105557,微饿,饱腹,0,0.0,0,0.0,0,0.0,0,0.0
3523,2024-12-24 105557,微饿,饱腹,0,0.0,0,0.0,0,0.0,0,0.0
3524,2024-12-24 105557,微饿,饱腹,0,0.0,0,0.0,0,0.0,0,0.0
3528,2024-12-24 105557,饥饿,饱腹,0,0.0,0,0.0,0,0.0,2,9.0
3529,2024-12-24 105557,微饿,饱腹,0,0.0,0,0.0,0,0.0,2,9.0
3530,2024-12-24 105557,饥饿,饱腹,0,0.0,0,0.0,0,0.0,2,9.0
3531,2024-12-24 105557,饥饿,饱腹,0,0.0,0,0.0,0,0.0,2,9.0
3532,2024-12-24 105557,微饿,饱腹,0,0.0,0,0.0,0,0.0,2,9.0
3533,2024-12-24 105557,饥饿,饱腹,0,0.0,0,0.0,0,0.0,2,9.0
3534,2024-12-24 105557,饥饿,饱腹,0,0.0,0,0.0,0,0.0,2,9.0
3535,2024-12-24 105557,饥饿,饱腹,0,0.0,0,0.0,0,0.0,2,9.0
3536,2024-12-24 105557,饥饿,饱腹,0,0.0,0,0.0,0,0.0,2,9.0
3537,2024-12-24 105557,中性,饱腹,0,0.0,0,0.0,0,0.0,0,0.0
3538,2024-12-24 105557,中性,饱腹,0,0.0,0,0.0,0,0.0,0,0.0
3539,2024-12-24 105557,中性,饱腹,0,0.0,0,0.0,0,0.0,0,0.0
3540,2024-12-24 105557,饥饿,饱腹,0,0.0,0,0.0,0,0.0,0,0.0
3541,2024-12-24 105557,饥饿,饱腹,0,0.0,0,0.0,0,0.0,0,0.0
3542,2024-12-24 105557,微饿,饱腹,0,0.0,0,0.0,0,0.0,0,0.0
3543,2024-12-24 105557,微饿,饱腹,0,0.0,0,0.0,0,0.0,0,0.0
3544,2024-12-24 105557,饱腹,中性,0,0.0,0,0.0,0,0.0,0,0.0
3545,2024-12-24 105557,饱腹,中性,0,0.0,0,0.0,0,0.0,0,0.0
3546,2024-12-24 105557,饱腹,中性,0,0.0,0,0.0,0,0.0,0,0.0
3547,2024-12-24 105557,饱腹,中性,0,0.0,0,0.0,0,0.0,0,0.0
3548,2024-12-24 105557,饱腹,中性,0,0.0,0,0.0,0,0.0,0,0.0
3549,2024-12-24 105557,饱腹,中性,0,0.0,0,0.0,0,0.0,0,0.0
3550,2024-12-24 105557,饱腹,中性,0,0.0,0,0.0,0,0.0,0,0.0
3552,2024-12-24 105557,饱腹,中性,0,0.0,0,0.0,0,0.0,0,0.0
3553,2024-12-24 105557,饱腹,中性,0,0.0,0,0.0,0,0.0,0,0.0
3554,2024-12-24 105557,饱腹,中性,0,0.0,0,0.0,0,0.0,4,87.0
3555,2024-12-24 105557,饱腹,中性,0,0.0,0,0.0,0,0.0,4,87.0
3556,2024-12-24 105557,饱腹,中性,0,0.0,0,0.0,0,0.0,6,93.0
3557,2024-12-24 105557,饱腹,中性,0,0.0,0,0.0,0,0.0,8,138.0
3558,2024-12-24 105557,饱腹,中性,0,0.0,0,0.0,0,0.0,8,138.0
3559,2024-12-24 105557,饱腹,中性,0,0.0,0,0.0,0,0.0,8,138.0
3560,2024-12-24 105557,饱腹,中性,0,0.0,0,0.0,0,0.0,6,137.0
3561,2024-12-24 105557,饱腹,中性,0,0.0,0,0.0,0,0.0,4,51.0
3569,2024-12-24 105557,饱腹,中性,0,0.0,0,0.0,0,0.0,10,136.0
3572,2024-12-24 134422,饥饿,微饿,0,0.0,7,151.0,4,66.0,20,161.0
3573,2024-12-24 134422,饥饿,微饿,0,0.0,7,151.0,4,66.0,20,161.0
3574,2024-12-24 134422,饥饿,微饿,0,0.0,7,151.0,4,66.0,20,161.0
3575,2024-12-24 134422,饥饿,微饿,0,0.0,7,136.0,6,79.0,19,147.0
3580,2024-12-24 134422,饥饿,微饿,2,9.0,4,48.0,2,13.0,12,51.0
3581,2024-12-24 134422,饥饿,微饿,2,9.0,4,48.0,2,13.0,12,51.0
3582,2024-12-24 134422,饥饿,微饿,2,9.0,4,48.0,2,13.0,12,51.0
3583,2024-12-24 134422,饥饿,微饿,2,9.0,4,48.0,2,13.0,12,51.0
3584,2024-12-24 134422,饥饿,微饿,2,9.0,3,36.0,2,13.0,10,39.0
3589,2024-12-24 134422,饥饿,微饿,7,41.0,8,50.0,3,12.0,25,58.0
3590,2024-12-24 134422,饥饿,微饿,5,32.0,7,42.0,3,12.0,21,49.0
3591,2024-12-24 134422,饥饿,微饿,5,32.0,7,42.0,3,12.0,21,49.0
3592,2024-12-24 134422,饥饿,微饿,5,32.0,7,42.0,3,12.0,21,49.0
3595,2024-12-24 134422,饥饿,微饿,1,15.0,4,26.0,0,0.0,8,26.0
3596,2024-12-24 134422,饥饿,微饿,0,0.0,1,3.0,0,0.0,2,3.0
3607,2024-12-24 134422,微饿,饥饿,0,0.0,5,27.0,2,17.0,13,32.0
3609,2024-12-24 134422,微饿,饥饿,0,0.0,3,20.0,0,0.0,8,25.0
3617,2024-12-24 134422,中性,饥饿,0,0.0,0,0.0,0,0.0,0,0.0
3618,2024-12-24 134422,中性,饥饿,0,0.0,0,0.0,0,0.0,0,0.0
3619,2024-12-24 134422,中性,饥饿,0,0.0,0,0.0,0,0.0,0,0.0
3620,2024-12-24 134422,中性,饥饿,0,0.0,0,0.0,0,0.0,0,0.0
3621,2024-12-24 134422,中性,饥饿,0,0.0,0,0.0,0,0.0,0,0.0
3623,2024-12-24 134422,饱腹,饥饿,0,0.0,3,43.0,0,0.0,8,45.0
3624,2024-12-24 134422,微饿,饥饿,0,0.0,3,43.0,0,0.0,8,45.0
3625,2024-12-24 134422,微饿,饥饿,0,0.0,3,43.0,0,0.0,8,45.0
3626,2024-12-24 134422,微饿,饥饿,0,0.0,4,57.0,0,0.0,10,59.0
3629,2024-12-24 134422,饥饿,饱腹,2,6.0,4,57.0,1,3.0,18,67.0
3630,2024-12-24 134422,饥饿,饱腹,2,6.0,4,57.0,1,3.0,18,67.0
3631,2024-12-24 134422,饥饿,饱腹,2,6.0,4,57.0,1,3.0,18,67.0
3632,2024-12-24 134422,饥饿,饱腹,2,6.0,2,26.0,1,3.0,12,34.0
3633,2024-12-24 134422,饥饿,饱腹,2,6.0,1,14.0,1,3.0,10,22.0
3634,2024-12-24 134422,饥饿,饱腹,2,6.0,1,14.0,1,3.0,10,22.0
3635,2024-12-24 134422,饥饿,饱腹,2,6.0,1,14.0,1,3.0,10,22.0
3636,2024-12-24 134422,饥饿,饱腹,2,6.0,0,0.0,1,3.0,8,8.0
3639,2024-12-24 134422,中性,饱腹,0,0.0,0,0.0,0,0.0,4,215.0
3640,2024-12-24 134422,中性,饱腹,0,0.0,0,0.0,0,0.0,2,3.0
3641,2024-12-24 134422,中性,饱腹,0,0.0,0,0.0,0,0.0,2,3.0
3642,2024-12-24 134422,中性,饱腹,0,0.0,0,0.0,0,0.0,2,3.0
3643,2024-12-24 134422,中性,饱腹,0,0.0,0,0.0,0,0.0,2,3.0
3644,2024-12-24 134422,中性,饱腹,0,0.0,0,0.0,0,0.0,2,3.0
3645,2024-12-24 134422,中性,饱腹,0,0.0,0,0.0,0,0.0,2,3.0
3646,2024-12-24 134422,中性,饱腹,0,0.0,0,0.0,0,0.0,2,3.0
3647,2024-12-24 134422,中性,饱腹,0,0.0,0,0.0,0,0.0,0,0.0
3648,2024-12-24 134422,中性,饱腹,0,0.0,0,0.0,0,0.0,0,0.0
3649,2024-12-24 134422,中性,饱腹,0,0.0,0,0.0,0,0.0,0,0.0
3650,2024-12-24 134422,中性,饱腹,0,0.0,0,0.0,0,0.0,0,0.0
3651,2024-12-24 134422,中性,饱腹,0,0.0,0,0.0,0,0.0,0,0.0
3652,2024-12-24 134422,中性,饱腹,0,0.0,0,0.0,0,0.0,0,0.0
3653,2024-12-24 134422,中性,饱腹,0,0.0,0,0.0,0,0.0,0,0.0
3654,2024-12-24 134422,中性,饱腹,0,0.0,0,0.0,0,0.0,0,0.0
3655,2024-12-24 134422,中性,饱腹,0,0.0,0,0.0,0,0.0,0,0.0
3656,2024-12-24 134422,中性,饱腹,0,0.0,0,0.0,0,0.0,0,0.0
3694,2024-12-25 110129,饥饿,微饿,2,24.0,23,292.0,5,35.0,53,292.0
3695,2024-12-25 110129,饥饿,微饿,1,4.0,23,259.0,6,44.0,53,259.0
3696,2024-12-25 110129,饥饿,微饿,1,4.0,25,279.0,7,51.0,57,279.0
3697,2024-12-25 110129,饥饿,微饿,1,4.0,28,275.0,10,67.0,66,275.0
3698,2024-12-25 110129,饥饿,微饿,1,4.0,28,290.0,10,82.0,67,290.0
3699,2024-12-25 110129,饥饿,微饿,1,4.0,26,278.0,9,77.0,62,278.0
3700,2024-12-25 110129,饥饿,微饿,1,4.0,24,268.0,10,91.0,59,268.0
3701,2024-12-25 110129,饥饿,微饿,1,4.0,24,283.0,11,98.0,59,283.0
3702,2024-12-25 110129,饥饿,微饿,1,4.0,22,256.0,11,98.0,55,256.0
3703,2024-12-25 110129,饥饿,微饿,0,0.0,19,218.0,11,98.0,48,218.0
3704,2024-12-25 110129,饥饿,微饿,0,0.0,18,274.0,10,155.0,44,274.0
3705,2024-12-25 110129,饥饿,微饿,0,0.0,18,279.0,10,156.0,45,279.0
3706,2024-12-25 110129,饥饿,微饿,0,0.0,17,260.0,9,149.0,43,260.0
3707,2024-12-25 110129,饥饿,微饿,0,0.0,12,211.0,5,105.0,29,211.0
3708,2024-12-25 110129,饥饿,微饿,0,0.0,13,269.0,6,174.0,32,269.0
3709,2024-12-25 110129,饥饿,微饿,0,0.0,12,259.0,6,174.0,30,259.0
3712,2024-12-25 110129,微饿,饥饿,0,0.0,10,255.0,4,153.0,24,255.0
3713,2024-12-25 110129,微饿,饥饿,1,2.0,11,266.0,4,153.0,28,268.0
3714,2024-12-25 110129,微饿,饥饿,1,2.0,9,240.0,3,145.0,23,242.0
3716,2024-12-25 110129,微饿,饥饿,1,2.0,6,154.0,1,66.0,15,156.0
3717,2024-12-25 110129,微饿,饥饿,1,2.0,6,154.0,1,66.0,15,156.0
3718,2024-12-25 110129,微饿,饥饿,1,2.0,4,79.0,0,0.0,10,81.0
3722,2024-12-25 110129,微饿,饥饿,3,12.0,7,195.0,1,150.0,19,199.0
3726,2024-12-25 110129,微饿,饥饿,2,10.0,8,77.0,0,0.0,18,79.0
3730,2024-12-25 110129,微饿,饥饿,1,2.0,4,60.0,0,0.0,10,62.0
3734,2024-12-25 110129,饱腹,饥饿,0,0.0,0,0.0,0,0.0,0,0.0
3735,2024-12-25 110129,微饿,饥饿,0,0.0,0,0.0,0,0.0,0,0.0
3737,2024-12-25 110129,饱腹,饥饿,0,0.0,0,0.0,0,0.0,0,0.0
3738,2024-12-25 110129,中性,饥饿,0,0.0,0,0.0,0,0.0,0,0.0
3739,2024-12-25 110129,饱腹,饥饿,0,0.0,0,0.0,0,0.0,0,0.0
3749,2024-12-25 110129,中性,饱腹,0,0.0,0,0.0,0,0.0,0,0.0
3750,2024-12-25 110129,中性,饱腹,0,0.0,0,0.0,0,0.0,0,0.0
3751,2024-12-25 110129,中性,饱腹,0,0.0,0,0.0,0,0.0,0,0.0
3752,2024-12-25 110129,中性,饱腹,0,0.0,0,0.0,0,0.0,0,0.0
3753,2024-12-25 110129,中性,饱腹,0,0.0,0,0.0,0,0.0,0,0.0
3755,2024-12-25 110129,中性,饱腹,0,0.0,0,0.0,0,0.0,0,0.0
3756,2024-12-25 110129,中性,饱腹,0,0.0,0,0.0,0,0.0,0,0.0
3757,2024-12-25 110129,中性,饱腹,0,0.0,0,0.0,0,0.0,0,0.0
3758,2024-12-25 110129,中性,饱腹,0,0.0,0,0.0,0,0.0,0,0.0
3759,2024-12-25 110129,中性,饱腹,0,0.0,0,0.0,0,0.0,0,0.0
3760,2024-12-25 110129,中性,饱腹,0,0.0,0,0.0,0,0.0,0,0.0
3761,2024-12-25 110129,中性,饱腹,0,0.0,0,0.0,0,0.0,0,0.0
3762,2024-12-25 110129,中性,饱腹,0,0.0,0,0.0,0,0.0,0,0.0
3763,2024-12-25 110129,中性,饱腹,0,0.0,0,0.0,0,0.0,0,0.0
3764,2024-12-25 110129,中性,饱腹,0,0.0,0,0.0,0,0.0,0,0.0
3765,2024-12-25 110129,中性,饱腹,0,0.0,0,0.0,0,0.0,0,0.0
3766,2024-12-25 110129,中性,饱腹,0,0.0,0,0.0,0,0.0,2,160.0
3767,2024-12-25 110129,中性,饱腹,0,0.0,0,0.0,0,0.0,2,160.0
3768,2024-12-25 110129,中性,饱腹,0,0.0,0,0.0,0,0.0,2,160.0
3769,2024-12-25 110129,中性,饱腹,0,0.0,0,0.0,0,0.0,2,160.0
3776,2024-12-25 110129,饱腹,中性,0,0.0,0,0.0,0,0.0,0,0.0
3781,2024-12-25 110129,饱腹,中性,0,0.0,0,0.0,0,0.0,0,0.0
3787,2024-12-25 110129,饥饿,中性,0,0.0,0,0.0,0,0.0,0,0.0
3798,2024-12-25 110129,微饿,中性,0,0.0,0,0.0,0,0.0,0,0.0
3799,2024-12-25 110129,饥饿,中性,0,0.0,0,0.0,0,0.0,0,0.0
3800,2024-12-26 135251,中性,微饿,0,0.0,0,0.0,0,0.0,0,0.0
3801,2024-12-26 135251,中性,微饿,0,0.0,0,0.0,0,0.0,0,0.0
3802,2024-12-26 135251,中性,微饿,0,0.0,0,0.0,0,0.0,0,0.0
3803,2024-12-26 135251,饱腹,微饿,0,0.0,0,0.0,0,0.0,0,0.0
3804,2024-12-26 135251,饱腹,微饿,0,0.0,0,0.0,0,0.0,0,0.0
3805,2024-12-26 135251,中性,微饿,0,0.0,0,0.0,0,0.0,0,0.0
3806,2024-12-26 135251,中性,微饿,0,0.0,0,0.0,0,0.0,0,0.0
3807,2024-12-26 135251,中性,微饿,0,0.0,0,0.0,0,0.0,0,0.0
3813,2024-12-26 135251,饥饿,微饿,1,7.0,1,23.0,1,8.0,7,38.0
3814,2024-12-26 135251,饥饿,微饿,1,7.0,1,23.0,1,8.0,7,38.0
3817,2024-12-26 135251,饥饿,微饿,1,7.0,1,23.0,1,8.0,7,38.0
3820,2024-12-26 135251,微饿,饥饿,0,0.0,1,23.0,1,8.0,4,31.0
3821,2024-12-26 135251,微饿,饥饿,0,0.0,1,23.0,1,8.0,4,31.0
3823,2024-12-26 135251,中性,饥饿,0,0.0,0,0.0,0,0.0,0,0.0
3824,2024-12-26 135251,饱腹,饥饿,0,0.0,0,0.0,0,0.0,0,0.0
3825,2024-12-26 135251,中性,饥饿,0,0.0,0,0.0,0,0.0,0,0.0
3826,2024-12-26 135251,饱腹,饥饿,0,0.0,0,0.0,0,0.0,0,0.0
3836,2024-12-26 135251,中性,饥饿,0,0.0,0,0.0,0,0.0,0,0.0
3837,2024-12-26 135251,中性,饥饿,0,0.0,0,0.0,0,0.0,0,0.0
3838,2024-12-26 135251,中性,饥饿,0,0.0,0,0.0,0,0.0,0,0.0
3839,2024-12-26 135251,中性,饥饿,0,0.0,0,0.0,0,0.0,0,0.0
3840,2024-12-26 135251,中性,饥饿,0,0.0,0,0.0,0,0.0,0,0.0
3841,2024-12-26 135251,中性,饥饿,0,0.0,0,0.0,0,0.0,0,0.0
3842,2024-12-26 135251,饱腹,饥饿,0,0.0,0,0.0,0,0.0,0,0.0
3843,2024-12-26 135251,中性,饥饿,0,0.0,0,0.0,0,0.0,0,0.0
3844,2024-12-26 135251,中性,饥饿,0,0.0,0,0.0,0,0.0,0,0.0
3845,2024-12-26 135251,中性,饥饿,0,0.0,0,0.0,0,0.0,0,0.0
3849,2024-12-26 135251,饱腹,饥饿,0,0.0,1,49.0,0,0.0,2,49.0
3878,2024-12-26 135251,中性,饱腹,0,0.0,0,0.0,0,0.0,2,70.0
3880,2024-12-26 135251,饱腹,中性,0,0.0,0,0.0,0,0.0,4,205.0
3882,2024-12-26 135251,饱腹,中性,0,0.0,0,0.0,0,0.0,6,179.0
3883,2024-12-26 135251,饱腹,中性,0,0.0,0,0.0,0,0.0,8,189.0
3886,2024-12-26 135251,饱腹,中性,0,0.0,0,0.0,0,0.0,6,54.0
3887,2024-12-26 135251,饱腹,中性,0,0.0,0,0.0,0,0.0,6,54.0
3889,2024-12-26 135251,饱腹,中性,0,0.0,0,0.0,0,0.0,6,54.0
3892,2024-12-26 135251,饱腹,中性,0,0.0,0,0.0,0,0.0,0,0.0
3893,2024-12-26 135251,饱腹,中性,0,0.0,0,0.0,0,0.0,0,0.0
3894,2024-12-26 135251,饱腹,中性,0,0.0,0,0.0,0,0.0,0,0.0
3895,2024-12-26 135251,饱腹,中性,0,0.0,0,0.0,0,0.0,0,0.0
3896,2024-12-26 135251,饱腹,中性,0,0.0,0,0.0,0,0.0,0,0.0
3897,2024-12-26 135251,饱腹,中性,0,0.0,0,0.0,0,0.0,0,0.0
3898,2024-12-26 135251,饱腹,中性,0,0.0,0,0.0,0,0.0,0,0.0
3902,2024-12-26 135251,饱腹,中性,0,0.0,0,0.0,0,0.0,2,143.0
3905,2024-12-26 135251,微饿,中性,0,0.0,0,0.0,0,0.0,0,0.0
3910,2024-12-26 135104,饥饿,微饿,0,0.0,4,44.0,1,14.0,9,44.0
3911,2024-12-26 135104,饥饿,微饿,0,0.0,1,11.0,0,0.0,2,11.0
3914,2024-12-26 135104,饥饿,微饿,0,0.0,3,38.0,2,4.0,10,42.0
3915,2024-12-26 135104,饥饿,微饿,0,0.0,3,38.0,2,4.0,10,42.0
3916,2024-12-26 135104,饥饿,微饿,0,0.0,4,99.0,3,65.0,13,103.0
3917,2024-12-26 135104,饥饿,微饿,0,0.0,6,122.0,3,65.0,17,126.0
3918,2024-12-26 135104,饥饿,微饿,0,0.0,6,122.0,3,65.0,17,126.0
3919,2024-12-26 135104,饥饿,微饿,0,0.0,6,122.0,3,65.0,17,126.0
3920,2024-12-26 135104,饥饿,微饿,0,0.0,5,111.0,3,65.0,15,115.0
3922,2024-12-26 135104,饥饿,微饿,0,0.0,8,218.0,5,195.0,23,224.0
3923,2024-12-26 135104,饥饿,微饿,0,0.0,8,218.0,6,200.0,25,229.0
3924,2024-12-26 135104,饥饿,微饿,0,0.0,6,156.0,4,137.0,18,165.0
3928,2024-12-26 135104,饥饿,微饿,0,0.0,10,129.0,6,109.0,29,199.0
3929,2024-12-26 135104,微饿,饥饿,0,0.0,12,160.0,7,129.0,33,230.0
3933,2024-12-26 135104,微饿,饥饿,1,4.0,17,152.0,5,93.0,40,217.0
3938,2024-12-26 135104,微饿,饥饿,1,4.0,13,212.0,4,176.0,30,216.0
3941,2024-12-26 135104,微饿,饥饿,1,4.0,9,139.0,2,105.0,21,143.0
3943,2024-12-26 135104,微饿,饥饿,0,0.0,3,21.0,0,0.0,6,21.0
3951,2024-12-26 135104,微饿,饥饿,0,0.0,8,58.0,7,66.0,25,88.0
3976,2024-12-26 135104,中性,饱腹,0,0.0,0,0.0,0,0.0,6,238.0
3977,2024-12-26 135104,中性,饱腹,0,0.0,0,0.0,0,0.0,2,16.0
3978,2024-12-26 135104,中性,饱腹,0,0.0,0,0.0,0,0.0,2,16.0
3980,2024-12-26 135104,中性,饱腹,0,0.0,0,0.0,0,0.0,4,96.0
3981,2024-12-26 135104,中性,饱腹,0,0.0,0,0.0,0,0.0,4,96.0
3982,2024-12-26 135104,中性,饱腹,0,0.0,0,0.0,0,0.0,4,96.0
3983,2024-12-26 135104,中性,饱腹,0,0.0,0,0.0,0,0.0,6,149.0
3984,2024-12-26 135104,中性,饱腹,0,0.0,0,0.0,0,0.0,4,133.0
3985,2024-12-26 135104,中性,饱腹,0,0.0,0,0.0,0,0.0,6,192.0
3986,2024-12-26 135104,中性,饱腹,0,0.0,0,0.0,0,0.0,4,112.0
3987,2024-12-26 135104,中性,饱腹,0,0.0,0,0.0,0,0.0,6,124.0
3988,2024-12-26 135104,中性,饱腹,0,0.0,0,0.0,0,0.0,6,124.0
3992,2024-12-26 135104,饱腹,中性,0,0.0,0,0.0,0,0.0,6,100.0
3993,2024-12-26 135104,饱腹,中性,0,0.0,0,0.0,0,0.0,4,41.0
3995,2024-12-26 135104,饱腹,中性,0,0.0,0,0.0,0,0.0,4,41.0
3996,2024-12-26 135104,饱腹,中性,0,0.0,0,0.0,0,0.0,6,115.0
3999,2024-12-26 135104,饱腹,中性,0,0.0,0,0.0,0,0.0,2,74.0
4000,2024-12-26 135104,饱腹,中性,0,0.0,0,0.0,0,0.0,2,74.0
4001,2024-12-26 135104,饱腹,中性,0,0.0,0,0.0,0,0.0,2,74.0
4009,2024-12-26 135104,饱腹,中性,0,0.0,0,0.0,0,0.0,4,130.0
4010,2024-12-26 135104,饱腹,中性,0,0.0,0,0.0,0,0.0,4,130.0
4011,2024-12-26 135104,饱腹,中性,0,0.0,0,0.0,0,0.0,4,130.0
4013,2024-12-26 135104,饱腹,中性,0,0.0,0,0.0,0,0.0,6,168.0
4024,2024-12-27 140329,饥饿,微饿,2,21.0,12,190.0,0,0.0,24,190.0
4030,2024-12-27 140329,饥饿,微饿,2,23.0,11,155.0,0,0.0,22,155.0
4033,2024-12-27 140329,饥饿,微饿,4,15.0,12,177.0,0,0.0,25,177.0
4034,2024-12-27 140329,饥饿,微饿,4,15.0,12,162.0,0,0.0,25,162.0
4037,2024-12-27 140329,饥饿,微饿,3,11.0,8,123.0,0,0.0,17,123.0
4038,2024-12-27 140329,饥饿,微饿,3,11.0,10,137.0,0,0.0,21,137.0
4039,2024-12-27 140329,饥饿,微饿,3,11.0,11,142.0,0,0.0,23,142.0
4046,2024-12-27 140329,饥饿,微饿,2,22.0,10,117.0,1,1.0,22,118.0
4048,2024-12-27 140329,饥饿,微饿,2,22.0,12,117.0,1,1.0,26,118.0
4051,2024-12-27 140329,微饿,饥饿,1,2.0,10,149.0,2,18.0,22,150.0
4052,2024-12-27 140329,微饿,饥饿,0,0.0,10,156.0,3,22.0,23,157.0
4059,2024-12-27 140329,微饿,饥饿,0,0.0,14,232.0,3,24.0,29,232.0
4063,2024-12-27 140329,微饿,饥饿,0,0.0,11,206.0,2,5.0,22,206.0
4064,2024-12-27 140329,微饿,饥饿,0,0.0,13,229.0,2,5.0,26,229.0
4065,2024-12-27 140329,微饿,饥饿,0,0.0,11,180.0,2,5.0,22,180.0
4067,2024-12-27 140329,微饿,饥饿,0,0.0,9,156.0,1,2.0,18,156.0
4069,2024-12-27 140329,微饿,饥饿,0,0.0,6,55.0,2,15.0,12,55.0
4070,2024-12-27 140329,微饿,饥饿,0,0.0,8,85.0,3,17.0,16,85.0
4071,2024-12-27 140329,微饿,饥饿,0,0.0,12,115.0,4,34.0,24,115.0
4072,2024-12-27 140329,微饿,饥饿,0,0.0,18,143.0,7,50.0,38,143.0
4084,2024-12-27 140329,饥饿,饱腹,0,0.0,3,108.0,2,105.0,11,110.0
4088,2024-12-27 140329,中性,饱腹,0,0.0,0,0.0,0,0.0,0,0.0
4090,2024-12-27 140329,饥饿,饱腹,0,0.0,0,0.0,0,0.0,0,0.0
4091,2024-12-27 140329,微饿,饱腹,0,0.0,0,0.0,0,0.0,0,0.0
4092,2024-12-27 140329,中性,饱腹,0,0.0,0,0.0,0,0.0,0,0.0
4093,2024-12-27 140329,微饿,饱腹,0,0.0,0,0.0,0,0.0,0,0.0
4094,2024-12-27 140329,中性,饱腹,0,0.0,0,0.0,0,0.0,2,273.0
4095,2024-12-27 140329,中性,饱腹,0,0.0,0,0.0,0,0.0,0,0.0
4097,2024-12-27 140329,中性,饱腹,0,0.0,0,0.0,0,0.0,0,0.0
4100,2024-12-27 140329,中性,饱腹,0,0.0,0,0.0,0,0.0,0,0.0
4101,2024-12-27 140329,微饿,饱腹,0,0.0,0,0.0,0,0.0,0,0.0
4102,2024-12-27 140329,中性,饱腹,0,0.0,0,0.0,0,0.0,0,0.0
4103,2024-12-27 140329,微饿,饱腹,0,0.0,0,0.0,0,0.0,0,0.0
4104,2024-12-27 140329,饥饿,饱腹,0,0.0,0,0.0,0,0.0,0,0.0
4106,2024-12-27 140329,微饿,饱腹,0,0.0,0,0.0,0,0.0,0,0.0
4108,2024-12-27 140329,中性,饱腹,0,0.0,0,0.0,0,0.0,0,0.0
4109,2024-12-27 140329,微饿,中性,0,0.0,0,0.0,0,0.0,0,0.0
4110,2024-12-27 140329,微饿,中性,0,0.0,0,0.0,0,0.0,0,0.0
4111,2024-12-27 140329,微饿,中性,0,0.0,0,0.0,0,0.0,0,0.0
4112,2024-12-27 140329,微饿,中性,0,0.0,0,0.0,0,0.0,0,0.0
4113,2024-12-27 140329,饥饿,中性,0,0.0,0,0.0,0,0.0,0,0.0
4114,2024-12-27 140329,饥饿,中性,0,0.0,0,0.0,0,0.0,0,0.0
4115,2024-12-27 140329,饥饿,中性,0,0.0,0,0.0,0,0.0,0,0.0
4116,2024-12-27 140329,微饿,中性,0,0.0,0,0.0,0,0.0,0,0.0
4117,2024-12-27 140329,饥饿,中性,0,0.0,0,0.0,0,0.0,0,0.0
4118,2024-12-27 140329,微饿,中性,0,0.0,0,0.0,0,0.0,0,0.0
4119,2024-12-27 140329,饥饿,中性,0,0.0,0,0.0,0,0.0,0,0.0
4120,2024-12-27 140329,微饿,中性,0,0.0,0,0.0,0,0.0,0,0.0
4121,2024-12-27 140329,微饿,中性,0,0.0,0,0.0,0,0.0,0,0.0
4122,2024-12-27 140329,微饿,中性,0,0.0,0,0.0,0,0.0,0,0.0
4123,2024-12-27 140329,微饿,中性,0,0.0,0,0.0,0,0.0,0,0.0
4124,2024-12-27 140329,微饿,中性,0,0.0,0,0.0,0,0.0,0,0.0
4125,2024-12-27 140329,微饿,中性,0,0.0,0,0.0,0,0.0,0,0.0
4126,2024-12-27 140329,微饿,中性,0,0.0,0,0.0,0,0.0,0,0.0
4127,2024-12-27 140329,饥饿,中性,0,0.0,0,0.0,0,0.0,0,0.0
4128,2024-12-27 140329,微饿,中性,0,0.0,0,0.0,0,0.0,0,0.0
4129,2024-12-27 140329,微饿,中性,0,0.0,0,0.0,0,0.0,0,0.0
4130,2024-12-27 140329,微饿,中性,0,0.0,0,0.0,0,0.0,0,0.0
4131,2024-12-27 140329,饥饿,中性,0,0.0,0,0.0,0,0.0,0,0.0
4135,2024-12-30 135134,中性,微饿,0,0.0,0,0.0,0,0.0,0,0.0
4136,2024-12-30 135134,中性,微饿,0,0.0,0,0.0,0,0.0,0,0.0
4137,2024-12-30 135134,中性,微饿,0,0.0,0,0.0,0,0.0,0,0.0
4138,2024-12-30 135134,中性,微饿,0,0.0,0,0.0,0,0.0,0,0.0
4148,2024-12-30 135134,微饿,饥饿,1,6.0,4,25.0,1,2.0,15,40.0
4149,2024-12-30 135134,微饿,饥饿,0,0.0,4,25.0,1,2.0,10,28.0
4150,2024-12-30 135134,中性,饥饿,0,0.0,0,0.0,0,0.0,0,0.0
4151,2024-12-30 135134,中性,饥饿,0,0.0,0,0.0,0,0.0,0,0.0
4152,2024-12-30 135134,中性,饥饿,0,0.0,0,0.0,0,0.0,0,0.0
4153,2024-12-30 135134,饱腹,饥饿,0,0.0,0,0.0,0,0.0,0,0.0
4155,2024-12-30 135134,饱腹,饥饿,0,0.0,0,0.0,0,0.0,0,0.0
4156,2024-12-30 135134,饱腹,饥饿,0,0.0,0,0.0,0,0.0,0,0.0
4157,2024-12-30 135134,饱腹,饥饿,0,0.0,0,0.0,0,0.0,0,0.0
4158,2024-12-30 135134,微饿,饥饿,0,0.0,1,14.0,1,14.0,4,15.0
4162,2024-12-30 135134,微饿,饥饿,1,4.0,1,14.0,1,14.0,6,19.0
4163,2024-12-30 135134,微饿,饥饿,1,4.0,2,25.0,1,14.0,8,30.0
4167,2024-12-30 135134,微饿,饥饿,1,4.0,6,150.0,3,121.0,18,155.0
4168,2024-12-30 135134,微饿,饥饿,1,4.0,5,136.0,3,111.0,16,144.0
4169,2024-12-30 135134,微饿,饥饿,1,4.0,5,136.0,3,111.0,16,144.0
4170,2024-12-30 135134,微饿,饥饿,1,4.0,5,136.0,3,111.0,16,144.0
4171,2024-12-30 135134,微饿,饥饿,1,4.0,9,235.0,6,200.0,28,243.0
4173,2024-12-30 135134,微饿,饥饿,0,0.0,8,187.0,7,183.0,28,212.0
4174,2024-12-30 135134,微饿,饥饿,0,0.0,8,187.0,7,183.0,28,212.0
4175,2024-12-30 135134,微饿,饥饿,0,0.0,7,175.0,8,193.0,28,211.0
4176,2024-12-30 135134,微饿,饥饿,0,0.0,7,175.0,8,193.0,28,211.0
4177,2024-12-30 135134,微饿,饥饿,0,0.0,6,168.0,8,193.0,26,204.0
4208,2024-12-30 135134,饱腹,中性,0,0.0,0,0.0,0,0.0,6,237.0
4209,2024-12-30 135134,饱腹,中性,0,0.0,0,0.0,0,0.0,4,218.0
4210,2024-12-30 135134,饱腹,中性,0,0.0,0,0.0,0,0.0,2,150.0
4211,2024-12-30 135134,饱腹,中性,0,0.0,0,0.0,0,0.0,2,150.0
4212,2024-12-30 135134,饱腹,中性,0,0.0,0,0.0,0,0.0,2,150.0
4214,2024-12-30 135134,饱腹,中性,0,0.0,0,0.0,0,0.0,0,0.0
4215,2024-12-30 135134,饱腹,中性,0,0.0,0,0.0,0,0.0,0,0.0
4217,2024-12-30 135134,饱腹,中性,0,0.0,0,0.0,0,0.0,0,0.0
4218,2024-12-30 135134,饱腹,中性,0,0.0,0,0.0,0,0.0,0,0.0
4219,2024-12-30 135134,饱腹,中性,0,0.0,0,0.0,0,0.0,0,0.0
4220,2024-12-30 135134,饱腹,中性,0,0.0,0,0.0,0,0.0,0,0.0
4221,2024-12-30 135134,饱腹,中性,0,0.0,0,0.0,0,0.0,0,0.0
4222,2024-12-30 135134,饱腹,中性,0,0.0,0,0.0,0,0.0,0,0.0
4223,2024-12-30 135134,饱腹,中性,0,0.0,0,0.0,0,0.0,0,0.0
4224,2024-12-30 135134,饱腹,中性,0,0.0,0,0.0,0,0.0,0,0.0
4228,2024-12-30 135134,饥饿,中性,0,0.0,0,0.0,0,0.0,0,0.0
4233,2024-12-30 135134,饱腹,中性,0,0.0,0,0.0,0,0.0,0,0.0
4235,2024-12-30 135134,饱腹,中性,0,0.0,0,0.0,0,0.0,0,0.0
4236,2024-12-30 135134,饱腹,中性,0,0.0,0,0.0,0,0.0,0,0.0
4237,2024-12-30 135134,饱腹,中性,0,0.0,0,0.0,0,0.0,0,0.0
4238,2024-12-31 103046,中性,微饿,0,0.0,0,0.0,0,0.0,0,0.0
4239,2024-12-31 103046,中性,微饿,0,0.0,0,0.0,0,0.0,0,0.0
4240,2024-12-31 103046,中性,微饿,0,0.0,0,0.0,0,0.0,0,0.0
4241,2024-12-31 103046,饥饿,微饿,1,9.0,3,18.0,0,0.0,7,18.0
4242,2024-12-31 103046,饥饿,微饿,1,9.0,5,34.0,1,9.0,11,34.0
4243,2024-12-31 103046,饥饿,微饿,1,9.0,5,34.0,1,9.0,11,34.0
4244,2024-12-31 103046,饥饿,微饿,1,9.0,5,34.0,1,9.0,11,34.0
4245,2024-12-31 103046,饥饿,微饿,1,9.0,5,34.0,1,9.0,11,34.0
4246,2024-12-31 103046,饥饿,微饿,1,9.0,5,34.0,1,9.0,11,34.0
4247,2024-12-31 103046,饥饿,微饿,1,9.0,5,34.0,1,9.0,11,34.0
4248,2024-12-31 103046,饥饿,微饿,1,9.0,5,34.0,1,9.0,11,34.0
4249,2024-12-31 103046,饥饿,微饿,1,9.0,5,34.0,1,9.0,11,34.0
4250,2024-12-31 103046,饥饿,微饿,1,9.0,5,34.0,1,9.0,11,34.0
4252,2024-12-31 103046,饥饿,微饿,0,0.0,1,1.0,0,0.0,2,1.0
4253,2024-12-31 103046,饥饿,微饿,0,0.0,1,1.0,0,0.0,2,1.0
4254,2024-12-31 103046,饥饿,微饿,0,0.0,1,1.0,0,0.0,2,1.0
4255,2024-12-31 103046,饥饿,微饿,0,0.0,1,1.0,0,0.0,2,1.0
4256,2024-12-31 103046,饥饿,微饿,0,0.0,1,1.0,0,0.0,2,1.0
4257,2024-12-31 103046,饥饿,微饿,0,0.0,1,1.0,0,0.0,2,1.0
4258,2024-12-31 103046,饥饿,微饿,0,0.0,1,1.0,0,0.0,2,1.0
4259,2024-12-31 103046,饥饿,微饿,0,0.0,1,1.0,0,0.0,2,1.0
4261,2024-12-31 103046,中性,饥饿,0,0.0,0,0.0,0,0.0,0,0.0
4262,2024-12-31 103046,中性,饥饿,0,0.0,0,0.0,0,0.0,0,0.0
4263,2024-12-31 103046,饱腹,饥饿,0,0.0,0,0.0,0,0.0,0,0.0
4264,2024-12-31 103046,中性,饥饿,0,0.0,0,0.0,0,0.0,0,0.0
4265,2024-12-31 103046,中性,饥饿,0,0.0,0,0.0,0,0.0,0,0.0
4266,2024-12-31 103046,中性,饥饿,0,0.0,0,0.0,0,0.0,0,0.0
4267,2024-12-31 103046,中性,饥饿,0,0.0,0,0.0,0,0.0,0,0.0
4268,2024-12-31 103046,中性,饥饿,0,0.0,0,0.0,0,0.0,0,0.0
4269,2024-12-31 103046,中性,饥饿,0,0.0,0,0.0,0,0.0,0,0.0
4270,2024-12-31 103046,中性,饥饿,0,0.0,0,0.0,0,0.0,0,0.0
4275,2024-12-31 103046,微饿,饥饿,1,2.0,0,0.0,0,0.0,2,2.0
4277,2024-12-31 103046,微饿,饥饿,2,8.0,0,0.0,0,0.0,4,8.0
4287,2024-12-31 103046,中性,饥饿,0,0.0,0,0.0,0,0.0,0,0.0
4288,2024-12-31 103046,中性,饥饿,0,0.0,0,0.0,0,0.0,0,0.0
4311,2024-12-31 103046,中性,饱腹,0,0.0,0,0.0,0,0.0,0,0.0
4312,2024-12-31 103046,中性,饱腹,0,0.0,0,0.0,0,0.0,2,204.0
4315,2024-12-31 103046,中性,饱腹,0,0.0,0,0.0,0,0.0,2,50.0
4316,2024-12-31 103046,中性,饱腹,0,0.0,0,0.0,0,0.0,2,50.0
4320,2024-12-31 103046,饱腹,中性,0,0.0,0,0.0,0,0.0,4,51.0
4321,2024-12-31 103046,饱腹,中性,0,0.0,0,0.0,0,0.0,4,51.0
4322,2024-12-31 103046,饱腹,中性,0,0.0,0,0.0,0,0.0,6,134.0
4323,2024-12-31 103046,饱腹,中性,0,0.0,0,0.0,0,0.0,4,84.0
4324,2024-12-31 103046,饱腹,中性,0,0.0,0,0.0,0,0.0,6,129.0
4325,2024-12-31 103046,饱腹,中性,0,0.0,0,0.0,0,0.0,6,129.0
4326,2024-12-31 103046,饱腹,中性,0,0.0,0,0.0,0,0.0,6,129.0
4333,2024-12-31 103046,饱腹,中性,0,0.0,0,0.0,0,0.0,0,0.0
4339,2024-12-31 103046,饥饿,中性,0,0.0,0,0.0,0,0.0,0,0.0
4340,2024-12-31 103046,饱腹,中性,0,0.0,0,0.0,0,0.0,0,0.0
4341,2024-12-31 103046,饱腹,中性,0,0.0,0,0.0,0,0.0,0,0.0
4343,2024-12-31 103046,饱腹,中性,0,0.0,0,0.0,0,0.0,0,0.0
4346,2024-12-31 103046,饱腹,中性,0,0.0,0,0.0,0,0.0,2,182.0
4349,2024-12-31 103046,微饿,中性,0,0.0,0,0.0,0,0.0,0,0.0
4358,2024-12-31 104556,饥饿,微饿,0,0.0,2,23.0,0,0.0,4,23.0
4369,2024-12-31 104556,饥饿,微饿,0,0.0,2,14.0,1,7.0,4,14.0
4370,2024-12-31 104556,饥饿,微饿,0,0.0,4,24.0,2,15.0,8,24.0
4377,2024-12-31 104556,饥饿,微饿,0,0.0,5,27.0,2,15.0,12,36.0
4383,2024-12-31 104556,微饿,饥饿,2,15.0,9,146.0,4,40.0,24,185.0
4384,2024-12-31 104556,微饿,饥饿,2,15.0,9,146.0,5,47.0,26,192.0
4385,2024-12-31 104556,微饿,饥饿,2,15.0,9,146.0,5,47.0,26,192.0
4386,2024-12-31 104556,微饿,饥饿,2,15.0,9,146.0,5,47.0,26,192.0
4387,2024-12-31 104556,微饿,饥饿,2,15.0,8,65.0,5,47.0,24,111.0
4391,2024-12-31 104556,微饿,饥饿,1,10.0,0,0.0,3,36.0,8,46.0
4392,2024-12-31 104556,微饿,饥饿,0,0.0,1,6.0,3,36.0,8,42.0
4394,2024-12-31 104556,微饿,饥饿,0,0.0,6,41.0,3,9.0,13,41.0
4401,2024-12-31 104556,微饿,饥饿,0,0.0,8,79.0,3,9.0,17,79.0
4404,2024-12-31 104556,微饿,饥饿,0,0.0,2,27.0,0,0.0,4,27.0
4405,2024-12-31 104556,微饿,饥饿,0,0.0,3,55.0,0,0.0,6,55.0
4406,2024-12-31 104556,微饿,饥饿,0,0.0,2,47.0,0,0.0,4,47.0
4407,2024-12-31 104556,微饿,饥饿,0,0.0,2,47.0,0,0.0,4,47.0
4420,2024-12-31 104556,中性,饱腹,0,0.0,0,0.0,0,0.0,4,183.0
4422,2024-12-31 104556,中性,饱腹,0,0.0,0,0.0,0,0.0,4,183.0
4427,2024-12-31 104556,中性,饱腹,0,0.0,0,0.0,0,0.0,0,0.0
4429,2024-12-31 104556,中性,饱腹,0,0.0,0,0.0,0,0.0,0,0.0
4431,2024-12-31 104556,中性,饱腹,0,0.0,0,0.0,0,0.0,2,165.0
4432,2024-12-31 104556,中性,饱腹,0,0.0,0,0.0,0,0.0,2,165.0
4436,2024-12-31 104556,中性,饱腹,0,0.0,0,0.0,0,0.0,2,36.0
4437,2024-12-31 104556,中性,饱腹,0,0.0,0,0.0,0,0.0,2,36.0
4439,2024-12-31 104556,饱腹,中性,0,0.0,0,0.0,0,0.0,2,36.0
4442,2024-12-31 104556,微饿,中性,0,0.0,0,0.0,0,0.0,0,0.0
4443,2024-12-31 104556,微饿,中性,0,0.0,0,0.0,0,0.0,0,0.0
4445,2024-12-31 104556,饱腹,中性,0,0.0,0,0.0,0,0.0,2,12.0
4448,2024-12-31 104556,饱腹,中性,0,0.0,0,0.0,0,0.0,4,74.0
4449,2024-12-31 104556,饱腹,中性,0,0.0,0,0.0,0,0.0,4,74.0
4450,2024-12-31 104556,饱腹,中性,0,0.0,0,0.0,0,0.0,4,74.0
4451,2024-12-31 104556,饱腹,中性,0,0.0,0,0.0,0,0.0,4,74.0
4452,2024-12-31 104556,饱腹,中性,0,0.0,0,0.0,0,0.0,4,74.0
4453,2024-12-31 104556,饱腹,中性,0,0.0,0,0.0,0,0.0,4,74.0
4455,2024-12-31 104556,饱腹,中性,0,0.0,0,0.0,0,0.0,0,0.0
4456,2024-12-31 104556,饱腹,中性,0,0.0,0,0.0,0,0.0,0,0.0
4462,2024-12-31 104556,饱腹,中性,0,0.0,0,0.0,0,0.0,4,106.0
4464,2024-12-31 104556,饱腹,中性,0,0.0,0,0.0,0,0.0,4,106.0
4465,2024-12-31 104208,饥饿,微饿,0,0.0,3,20.0,1,2.0,7,20.0
4466,2024-12-31 104208,饥饿,微饿,0,0.0,3,20.0,1,2.0,7,20.0
4467,2024-12-31 104208,饥饿,微饿,0,0.0,3,20.0,1,2.0,7,20.0
4468,2024-12-31 104208,饥饿,微饿,0,0.0,3,20.0,1,2.0,7,20.0
4469,2024-12-31 104208,饥饿,微饿,0,0.0,0,0.0,0,0.0,0,0.0
4470,2024-12-31 104208,饥饿,微饿,0,0.0,0,0.0,0,0.0,0,0.0
4471,2024-12-31 104208,饥饿,微饿,0,0.0,0,0.0,0,0.0,0,0.0
4472,2024-12-31 104208,饥饿,微饿,0,0.0,0,0.0,0,0.0,0,0.0
4474,2024-12-31 104208,饥饿,微饿,0,0.0,0,0.0,0,0.0,0,0.0
4475,2024-12-31 104208,饥饿,微饿,0,0.0,0,0.0,0,0.0,0,0.0
4477,2024-12-31 104208,饥饿,微饿,0,0.0,0,0.0,0,0.0,0,0.0
4478,2024-12-31 104208,饱腹,微饿,0,0.0,0,0.0,0,0.0,0,0.0
4479,2024-12-31 104208,饥饿,微饿,0,0.0,0,0.0,0,0.0,0,0.0
4480,2024-12-31 104208,饱腹,微饿,0,0.0,0,0.0,0,0.0,0,0.0
4482,2024-12-31 104208,饱腹,微饿,0,0.0,0,0.0,0,0.0,0,0.0
4483,2024-12-31 104208,微饿,饥饿,0,0.0,0,0.0,0,0.0,0,0.0
4487,2024-12-31 104208,微饿,饥饿,0,0.0,0,0.0,0,0.0,0,0.0
4488,2024-12-31 104208,微饿,饥饿,2,5.0,0,0.0,0,0.0,4,5.0
4490,2024-12-31 104208,微饿,饥饿,2,5.0,1,3.0,0,0.0,6,8.0
4492,2024-12-31 104208,微饿,饥饿,2,5.0,1,3.0,0,0.0,6,8.0
4498,2024-12-31 104208,微饿,饥饿,0,0.0,5,47.0,0,0.0,10,47.0
4500,2024-12-31 104208,微饿,饥饿,0,0.0,4,44.0,0,0.0,8,44.0
4502,2024-12-31 104208,微饿,饥饿,0,0.0,4,44.0,0,0.0,8,44.0
4503,2024-12-31 104208,微饿,饥饿,0,0.0,4,41.0,0,0.0,8,41.0
4504,2024-12-31 104208,微饿,饥饿,0,0.0,5,48.0,0,0.0,10,48.0
4505,2024-12-31 104208,微饿,饥饿,0,0.0,5,48.0,0,0.0,10,48.0
4512,2024-12-31 104208,饱腹,饥饿,0,0.0,3,36.0,0,0.0,6,36.0
4525,2024-12-31 104208,中性,饱腹,0,0.0,0,0.0,0,0.0,4,111.0
4529,2024-12-31 104208,中性,饱腹,0,0.0,0,0.0,0,0.0,2,104.0
4532,2024-12-31 104208,中性,饱腹,0,0.0,0,0.0,0,0.0,2,104.0
4533,2024-12-31 104208,中性,饱腹,0,0.0,0,0.0,0,0.0,4,232.0
4535,2024-12-31 104208,中性,饱腹,0,0.0,0,0.0,0,0.0,2,128.0
4536,2024-12-31 104208,中性,饱腹,0,0.0,0,0.0,0,0.0,4,163.0
4538,2024-12-31 104208,中性,饱腹,0,0.0,0,0.0,0,0.0,4,163.0
4539,2024-12-31 104208,中性,饱腹,0,0.0,0,0.0,0,0.0,2,35.0
4540,2024-12-31 104208,中性,饱腹,0,0.0,0,0.0,0,0.0,2,35.0
4541,2024-12-31 104208,中性,饱腹,0,0.0,0,0.0,0,0.0,4,69.0
4542,2024-12-31 104208,中性,饱腹,0,0.0,0,0.0,0,0.0,4,69.0
4554,2024-12-31 104208,饱腹,中性,0,0.0,0,0.0,0,0.0,2,121.0
4555,2024-12-31 104208,饱腹,中性,0,0.0,0,0.0,0,0.0,0,0.0
4556,2024-12-31 104208,饱腹,中性,0,0.0,0,0.0,0,0.0,0,0.0
4557,2024-12-31 104208,饱腹,中性,0,0.0,0,0.0,0,0.0,0,0.0
4558,2024-12-31 104208,饱腹,中性,0,0.0,0,0.0,0,0.0,0,0.0
4560,2024-12-31 104208,饱腹,中性,0,0.0,0,0.0,0,0.0,2,124.0
4561,2024-12-31 104208,饱腹,中性,0,0.0,0,0.0,0,0.0,4,154.0
4562,2024-12-31 104208,饱腹,中性,0,0.0,0,0.0,0,0.0,6,182.0
4563,2024-12-31 104208,饱腹,中性,0,0.0,0,0.0,0,0.0,6,182.0
4565,2024-12-31 104208,饱腹,中性,0,0.0,0,0.0,0,0.0,6,84.0
4566,2024-12-31 104208,饱腹,中性,0,0.0,0,0.0,0,0.0,6,84.0
4570,2024-12-31 104208,饱腹,中性,0,0.0,0,0.0,0,0.0,6,160.0
4571,2024-12-31 104208,饱腹,中性,0,0.0,0,0.0,0,0.0,4,132.0
4575,2025-01-02 105929,饥饿,微饿,0,0.0,4,19.0,0,0.0,11,24.0
4579,2025-01-02 105929,饥饿,微饿,0,0.0,4,135.0,1,12.0,10,140.0
4580,2025-01-02 105929,饥饿,微饿,0,0.0,5,153.0,1,12.0,12,158.0
4581,2025-01-02 105929,饥饿,微饿,0,0.0,4,146.0,1,12.0,10,151.0
4585,2025-01-02 105929,饱腹,微饿,0,0.0,3,54.0,1,12.0,6,54.0
4587,2025-01-02 105929,饱腹,微饿,0,0.0,4,64.0,1,12.0,8,64.0
4589,2025-01-02 105929,饥饿,微饿,0,0.0,3,52.0,0,0.0,6,52.0
4590,2025-01-02 105929,饱腹,微饿,0,0.0,2,34.0,0,0.0,4,34.0
4591,2025-01-02 105929,饱腹,微饿,0,0.0,2,34.0,0,0.0,4,34.0
4595,2025-01-02 105929,微饿,饥饿,0,0.0,2,11.0,0,0.0,4,11.0
4602,2025-01-02 105929,微饿,饥饿,0,0.0,1,1.0,0,0.0,2,1.0
4604,2025-01-02 105929,饱腹,饥饿,0,0.0,0,0.0,0,0.0,0,0.0
4605,2025-01-02 105929,饱腹,饥饿,0,0.0,0,0.0,0,0.0,0,0.0
4606,2025-01-02 105929,饱腹,饥饿,0,0.0,0,0.0,0,0.0,0,0.0
4607,2025-01-02 105929,饱腹,饥饿,0,0.0,0,0.0,0,0.0,0,0.0
4608,2025-01-02 105929,饱腹,饥饿,0,0.0,0,0.0,0,0.0,0,0.0
4609,2025-01-02 105929,饱腹,饥饿,0,0.0,0,0.0,0,0.0,0,0.0
4610,2025-01-02 105929,饱腹,饥饿,0,0.0,0,0.0,0,0.0,0,0.0
4611,2025-01-02 105929,饱腹,饥饿,0,0.0,0,0.0,0,0.0,0,0.0
4612,2025-01-02 105929,饱腹,饥饿,0,0.0,0,0.0,0,0.0,0,0.0
4613,2025-01-02 105929,饱腹,饥饿,0,0.0,0,0.0,0,0.0,0,0.0
4614,2025-01-02 105929,饱腹,饥饿,0,0.0,0,0.0,0,0.0,0,0.0
4615,2025-01-02 105929,饱腹,饥饿,0,0.0,0,0.0,0,0.0,0,0.0
4616,2025-01-02 105929,饱腹,饥饿,0,0.0,0,0.0,0,0.0,0,0.0
4617,2025-01-02 105929,饱腹,饥饿,0,0.0,0,0.0,0,0.0,0,0.0
4618,2025-01-02 105929,饱腹,饥饿,0,0.0,0,0.0,0,0.0,0,0.0
4619,2025-01-02 105929,饱腹,饥饿,0,0.0,0,0.0,0,0.0,0,0.0
4620,2025-01-02 105929,饱腹,饥饿,0,0.0,0,0.0,0,0.0,0,0.0
4638,2025-01-02 105929,饥饿,饱腹,0,0.0,0,0.0,0,0.0,0,0.0
4639,2025-01-02 105929,中性,饱腹,0,0.0,0,0.0,0,0.0,2,97.0
4640,2025-01-02 105929,中性,饱腹,0,0.0,0,0.0,0,0.0,2,97.0
4641,2025-01-02 105929,中性,饱腹,0,0.0,0,0.0,0,0.0,2,97.0
4642,2025-01-02 105929,中性,饱腹,0,0.0,0,0.0,0,0.0,4,172.0
4643,2025-01-02 105929,中性,饱腹,0,0.0,0,0.0,0,0.0,4,172.0
4644,2025-01-02 105929,中性,饱腹,0,0.0,0,0.0,0,0.0,4,172.0
4645,2025-01-02 105929,中性,饱腹,0,0.0,0,0.0,0,0.0,4,172.0
4646,2025-01-02 105929,中性,饱腹,0,0.0,0,0.0,0,0.0,4,145.0
4647,2025-01-02 105929,中性,饱腹,0,0.0,0,0.0,0,0.0,4,145.0
4648,2025-01-02 105929,中性,饱腹,0,0.0,0,0.0,0,0.0,4,145.0
4649,2025-01-02 105929,中性,饱腹,0,0.0,0,0.0,0,0.0,4,145.0
4650,2025-01-02 105929,中性,饱腹,0,0.0,0,0.0,0,0.0,2,70.0
4651,2025-01-02 105929,中性,饱腹,0,0.0,0,0.0,0,0.0,2,70.0
4652,2025-01-02 105929,饱腹,中性,0,0.0,0,0.0,0,0.0,2,70.0
4654,2025-01-02 105929,饥饿,中性,0,0.0,0,0.0,0,0.0,0,0.0
4655,2025-01-02 105929,饥饿,中性,0,0.0,0,0.0,0,0.0,0,0.0
4656,2025-01-02 105929,饥饿,中性,0,0.0,0,0.0,0,0.0,0,0.0
4658,2025-01-02 105929,饱腹,中性,0,0.0,0,0.0,0,0.0,0,0.0
4659,2025-01-02 105929,饱腹,中性,0,0.0,0,0.0,0,0.0,0,0.0
4660,2025-01-02 105929,饱腹,中性,0,0.0,0,0.0,0,0.0,0,0.0
4662,2025-01-02 105929,饥饿,中性,0,0.0,0,0.0,0,0.0,0,0.0
4663,2025-01-02 105929,饥饿,中性,0,0.0,0,0.0,0,0.0,0,0.0
4664,2025-01-02 105929,饥饿,中性,0,0.0,0,0.0,0,0.0,0,0.0
4665,2025-01-02 105929,饱腹,中性,0,0.0,0,0.0,0,0.0,0,0.0
4666,2025-01-02 105929,饥饿,中性,0,0.0,0,0.0,0,0.0,0,0.0
4668,2025-01-02 105929,饥饿,中性,0,0.0,0,0.0,0,0.0,0,0.0
4682,2025-01-02 105826,中性,微饿,0,0.0,0,0.0,0,0.0,0,0.0
4683,2025-01-02 105826,饥饿,微饿,0,0.0,0,0.0,0,0.0,0,0.0
4684,2025-01-02 105826,中性,微饿,0,0.0,0,0.0,0,0.0,0,0.0
4685,2025-01-02 105826,饱腹,微饿,0,0.0,0,0.0,0,0.0,0,0.0
4686,2025-01-02 105826,饥饿,微饿,0,0.0,1,13.0,0,0.0,3,13.0
4695,2025-01-02 105826,饥饿,微饿,0,0.0,2,44.0,0,0.0,4,44.0
4697,2025-01-02 105826,饥饿,微饿,0,0.0,1,31.0,0,0.0,2,31.0
4698,2025-01-02 105826,饥饿,微饿,0,0.0,1,31.0,0,0.0,2,31.0
4699,2025-01-02 105826,饱腹,微饿,0,0.0,0,0.0,0,0.0,0,0.0
4700,2025-01-02 105826,饱腹,微饿,0,0.0,0,0.0,0,0.0,0,0.0
4701,2025-01-02 105826,饱腹,微饿,0,0.0,0,0.0,0,0.0,0,0.0
4702,2025-01-02 105826,中性,微饿,0,0.0,0,0.0,0,0.0,0,0.0
4703,2025-01-02 105826,饥饿,微饿,0,0.0,1,13.0,0,0.0,2,13.0
4704,2025-01-02 105826,饥饿,微饿,0,0.0,1,13.0,0,0.0,2,13.0
4705,2025-01-02 105826,饥饿,微饿,0,0.0,1,13.0,0,0.0,2,13.0
4706,2025-01-02 105826,饥饿,微饿,0,0.0,2,15.0,0,0.0,4,15.0
4707,2025-01-02 105826,饥饿,微饿,0,0.0,5,43.0,2,11.0,11,43.0
4708,2025-01-02 105826,饥饿,微饿,0,0.0,5,43.0,2,11.0,11,43.0
4709,2025-01-02 105826,饥饿,微饿,0,0.0,5,43.0,2,11.0,11,43.0
4712,2025-01-02 105826,微饿,饥饿,0,0.0,8,50.0,3,17.0,18,50.0
4713,2025-01-02 105826,微饿,饥饿,0,0.0,8,50.0,3,17.0,18,50.0
4714,2025-01-02 105826,微饿,饥饿,0,0.0,9,54.0,3,17.0,20,54.0
4729,2025-01-02 105826,微饿,饥饿,0,0.0,4,54.0,1,11.0,8,54.0
4730,2025-01-02 105826,微饿,饥饿,0,0.0,4,54.0,1,11.0,8,54.0
4732,2025-01-02 105826,微饿,饥饿,0,0.0,2,14.0,0,0.0,4,14.0
4735,2025-01-02 105826,微饿,饥饿,0,0.0,1,18.0,0,0.0,2,18.0
4737,2025-01-02 105826,微饿,饥饿,0,0.0,1,18.0,0,0.0,2,18.0
4738,2025-01-02 105826,微饿,饥饿,0,0.0,1,18.0,0,0.0,2,18.0
4740,2025-01-02 105826,微饿,饥饿,0,0.0,1,18.0,0,0.0,2,18.0
4749,2025-01-02 105826,饥饿,饱腹,0,0.0,0,0.0,0,0.0,0,0.0
4750,2025-01-02 105826,微饿,饱腹,0,0.0,0,0.0,0,0.0,0,0.0
4752,2025-01-02 105826,饥饿,饱腹,0,0.0,0,0.0,0,0.0,0,0.0
4753,2025-01-02 105826,饥饿,饱腹,0,0.0,0,0.0,0,0.0,0,0.0
4754,2025-01-02 105826,微饿,饱腹,0,0.0,0,0.0,0,0.0,0,0.0
4755,2025-01-02 105826,饥饿,饱腹,0,0.0,0,0.0,0,0.0,0,0.0
4758,2025-01-02 105826,中性,饱腹,0,0.0,0,0.0,0,0.0,2,215.0
4759,2025-01-02 105826,微饿,饱腹,0,0.0,0,0.0,0,0.0,0,0.0
4760,2025-01-02 105826,饥饿,饱腹,0,0.0,0,0.0,0,0.0,0,0.0
4761,2025-01-02 105826,饥饿,饱腹,0,0.0,0,0.0,0,0.0,0,0.0
4763,2025-01-02 105826,饥饿,饱腹,0,0.0,0,0.0,0,0.0,0,0.0
4764,2025-01-02 105826,中性,饱腹,0,0.0,0,0.0,0,0.0,0,0.0
4765,2025-01-02 105826,中性,饱腹,0,0.0,0,0.0,0,0.0,0,0.0
4766,2025-01-02 105826,饥饿,饱腹,0,0.0,0,0.0,0,0.0,0,0.0
4767,2025-01-02 105826,微饿,饱腹,0,0.0,0,0.0,0,0.0,0,0.0
4768,2025-01-02 105826,中性,饱腹,0,0.0,0,0.0,0,0.0,0,0.0
4769,2025-01-02 105826,中性,饱腹,0,0.0,0,0.0,0,0.0,0,0.0
4770,2025-01-02 105826,微饿,饱腹,0,0.0,0,0.0,0,0.0,0,0.0
4772,2025-01-02 105826,微饿,中性,0,0.0,0,0.0,0,0.0,0,0.0
4773,2025-01-02 105826,微饿,中性,0,0.0,0,0.0,0,0.0,0,0.0
4774,2025-01-02 105826,微饿,中性,0,0.0,0,0.0,0,0.0,0,0.0
4775,2025-01-02 105826,饥饿,中性,0,0.0,0,0.0,0,0.0,0,0.0
4776,2025-01-02 105826,饥饿,中性,0,0.0,0,0.0,0,0.0,0,0.0
4777,2025-01-02 105826,饱腹,中性,0,0.0,0,0.0,0,0.0,0,0.0
4778,2025-01-02 105826,微饿,中性,0,0.0,0,0.0,0,0.0,0,0.0
4779,2025-01-02 105826,饥饿,中性,0,0.0,0,0.0,0,0.0,0,0.0
4780,2025-01-02 105826,饥饿,中性,0,0.0,0,0.0,0,0.0,0,0.0
4781,2025-01-02 105826,饥饿,中性,0,0.0,0,0.0,0,0.0,0,0.0
4782,2025-01-02 105826,饱腹,中性,0,0.0,0,0.0,0,0.0,0,0.0
4783,2025-01-02 105826,饥饿,中性,0,0.0,0,0.0,0,0.0,0,0.0
4784,2025-01-02 105826,微饿,中性,0,0.0,0,0.0,0,0.0,0,0.0
4785,2025-01-02 105826,微饿,中性,0,0.0,0,0.0,0,0.0,0,0.0
4787,2025-01-02 105826,饥饿,中性,0,0.0,0,0.0,0,0.0,0,0.0
4788,2025-01-02 105826,饱腹,中性,0,0.0,0,0.0,0,0.0,0,0.0
4789,2025-01-02 105826,饱腹,中性,0,0.0,0,0.0,0,0.0,0,0.0
4790,2025-01-02 105826,微饿,中性,0,0.0,0,0.0,0,0.0,0,0.0
4791,2025-01-02 105826,饥饿,中性,0,0.0,0,0.0,0,0.0,0,0.0
4792,2025-01-02 105826,饱腹,中性,0,0.0,0,0.0,0,0.0,0,0.0
4793,2025-01-02 105826,饱腹,中性,0,0.0,0,0.0,0,0.0,0,0.0
4794,2025-01-02 105826,饱腹,中性,0,0.0,0,0.0,0,0.0,0,0.0
4795,2025-01-02 105826,饱腹,中性,0,0.0,0,0.0,0,0.0,0,0.0
4796,2025-01-02 105826,饱腹,中性,0,0.0,0,0.0,0,0.0,0,0.0
4797,2025-01-02 105826,微饿,中性,0,0.0,0,0.0,0,0.0,0,0.0
4798,2025-01-02 105826,饱腹,中性,0,0.0,0,0.0,0,0.0,0,0.0
4799,2025-01-02 105826,微饿,中性,0,0.0,0,0.0,0,0.0,0,0.0
4800,2025-01-02 105826,饥饿,中性,0,0.0,0,0.0,0,0.0,0,0.0
4801,2025-01-02 105826,饱腹,中性,0,0.0,0,0.0,0,0.0,0,0.0
4804,2025-01-03 134319,饥饿,微饿,0,0.0,1,58.0,0,0.0,2,58.0
4805,2025-01-03 134319,饥饿,微饿,0,0.0,1,58.0,0,0.0,2,58.0
4806,2025-01-03 134319,饥饿,微饿,0,0.0,1,58.0,0,0.0,2,58.0
4807,2025-01-03 134319,饥饿,微饿,0,0.0,1,58.0,0,0.0,2,58.0
4808,2025-01-03 134319,饥饿,微饿,0,0.0,1,58.0,0,0.0,2,58.0
4809,2025-01-03 134319,饥饿,微饿,0,0.0,1,58.0,0,0.0,2,58.0
4810,2025-01-03 134319,中性,微饿,0,0.0,0,0.0,0,0.0,0,0.0
4811,2025-01-03 134319,中性,微饿,0,0.0,0,0.0,0,0.0,0,0.0
4812,2025-01-03 134319,饥饿,微饿,0,0.0,1,21.0,0,0.0,2,21.0
4813,2025-01-03 134319,饥饿,微饿,0,0.0,1,21.0,0,0.0,2,21.0
4815,2025-01-03 134319,饥饿,微饿,0,0.0,1,21.0,0,0.0,2,21.0
4818,2025-01-03 134319,饥饿,微饿,0,0.0,1,21.0,0,0.0,2,21.0
4820,2025-01-03 134319,饥饿,微饿,0,0.0,2,82.0,0,0.0,4,82.0
4822,2025-01-03 134319,饥饿,微饿,0,0.0,1,61.0,0,0.0,2,61.0
4823,2025-01-03 134319,饥饿,微饿,0,0.0,1,61.0,0,0.0,2,61.0
4825,2025-01-03 134319,饥饿,微饿,0,0.0,2,91.0,0,0.0,4,91.0
4828,2025-01-03 134319,饥饿,微饿,0,0.0,1,30.0,0,0.0,2,30.0
4832,2025-01-03 134319,微饿,饥饿,0,0.0,1,30.0,0,0.0,2,30.0
4833,2025-01-03 134319,饱腹,饥饿,0,0.0,0,0.0,0,0.0,0,0.0
4835,2025-01-03 134319,微饿,饥饿,0,0.0,3,51.0,1,15.0,6,51.0
4836,2025-01-03 134319,微饿,饥饿,0,0.0,3,51.0,1,15.0,6,51.0
4837,2025-01-03 134319,微饿,饥饿,0,0.0,3,51.0,1,15.0,6,51.0
4838,2025-01-03 134319,微饿,饥饿,0,0.0,3,51.0,1,15.0,6,51.0
4839,2025-01-03 134319,微饿,饥饿,0,0.0,3,51.0,1,15.0,6,51.0
4840,2025-01-03 134319,微饿,饥饿,0,0.0,3,51.0,1,15.0,6,51.0
4842,2025-01-03 134319,微饿,饥饿,0,0.0,3,51.0,1,15.0,6,51.0
4843,2025-01-03 134319,微饿,饥饿,0,0.0,2,43.0,1,15.0,4,43.0
4844,2025-01-03 134319,中性,饥饿,0,0.0,0,0.0,0,0.0,0,0.0
4848,2025-01-03 134319,微饿,饥饿,0,0.0,3,75.0,1,30.0,6,75.0
4849,2025-01-03 134319,微饿,饥饿,0,0.0,3,75.0,1,30.0,6,75.0
4852,2025-01-03 134319,微饿,饥饿,0,0.0,9,176.0,5,94.0,19,176.0
4856,2025-01-03 134319,微饿,饥饿,0,0.0,8,136.0,5,67.0,17,136.0
4857,2025-01-03 134319,微饿,饥饿,0,0.0,8,136.0,5,67.0,17,136.0
4858,2025-01-03 134319,微饿,饥饿,0,0.0,8,136.0,5,67.0,17,136.0
4860,2025-01-03 134319,微饿,饥饿,0,0.0,5,87.0,2,18.0,10,87.0
4876,2025-01-03 134538,饥饿,微饿,0,0.0,4,97.0,0,0.0,9,97.0
4877,2025-01-03 134538,饥饿,微饿,0,0.0,4,97.0,0,0.0,9,97.0
4883,2025-01-03 134538,饥饿,微饿,0,0.0,2,87.0,0,0.0,4,87.0
4884,2025-01-03 134538,饥饿,微饿,0,0.0,2,87.0,0,0.0,4,87.0
4885,2025-01-03 134538,饥饿,微饿,0,0.0,2,87.0,0,0.0,4,87.0
4887,2025-01-03 134538,饥饿,微饿,0,0.0,2,93.0,0,0.0,4,93.0
4888,2025-01-03 134538,饥饿,微饿,0,0.0,3,110.0,0,0.0,6,110.0
4889,2025-01-03 134538,饥饿,微饿,0,0.0,3,110.0,0,0.0,6,110.0
4890,2025-01-03 134538,饥饿,微饿,0,0.0,4,113.0,0,0.0,8,113.0
4891,2025-01-03 134538,饥饿,微饿,0,0.0,3,36.0,0,0.0,6,36.0
4892,2025-01-03 134538,饥饿,微饿,0,0.0,3,36.0,0,0.0,6,36.0
4893,2025-01-03 134538,饥饿,微饿,0,0.0,3,36.0,0,0.0,6,36.0
4894,2025-01-03 134538,饥饿,微饿,0,0.0,3,36.0,0,0.0,6,36.0
4895,2025-01-03 134538,饥饿,微饿,0,0.0,4,136.0,0,0.0,8,136.0
4910,2025-01-03 134538,微饿,饥饿,0,0.0,4,74.0,0,0.0,8,74.0
4916,2025-01-03 134538,微饿,饥饿,0,0.0,5,47.0,0,0.0,10,47.0
4923,2025-01-03 134538,微饿,饥饿,0,0.0,0,0.0,0,0.0,0,0.0
4947,2025-01-03 134538,中性,饱腹,0,0.0,0,0.0,0,0.0,4,140.0
4955,2025-01-03 134538,中性,饱腹,0,0.0,0,0.0,0,0.0,4,62.0
4956,2025-01-03 134538,饱腹,中性,0,0.0,0,0.0,0,0.0,4,62.0
4957,2025-01-03 134538,饱腹,中性,0,0.0,0,0.0,0,0.0,4,62.0
4958,2025-01-03 134538,饱腹,中性,0,0.0,0,0.0,0,0.0,4,62.0
4959,2025-01-03 134538,饱腹,中性,0,0.0,0,0.0,0,0.0,4,62.0
4960,2025-01-03 134538,饱腹,中性,0,0.0,0,0.0,0,0.0,2,38.0
4961,2025-01-03 134538,饱腹,中性,0,0.0,0,0.0,0,0.0,4,255.0
4962,2025-01-03 134538,饱腹,中性,0,0.0,0,0.0,0,0.0,4,218.0
4963,2025-01-03 134538,饱腹,中性,0,0.0,0,0.0,0,0.0,4,218.0
4964,2025-01-03 134538,微饿,中性,0,0.0,0,0.0,0,0.0,0,0.0
4965,2025-01-03 134538,饥饿,中性,0,0.0,0,0.0,0,0.0,0,0.0
4966,2025-01-03 134538,饱腹,中性,0,0.0,0,0.0,0,0.0,4,38.0
4967,2025-01-03 134538,饱腹,中性,0,0.0,0,0.0,0,0.0,4,38.0
4968,2025-01-03 134538,饱腹,中性,0,0.0,0,0.0,0,0.0,4,38.0
4969,2025-01-03 134538,饱腹,中性,0,0.0,0,0.0,0,0.0,4,38.0
4970,2025-01-03 134538,饱腹,中性,0,0.0,0,0.0,0,0.0,4,38.0
4971,2025-01-03 134538,饱腹,中性,0,0.0,0,0.0,0,0.0,4,38.0
4974,2025-01-03 134538,饱腹,中性,0,0.0,0,0.0,0,0.0,4,219.0
4977,2025-01-03 134538,饱腹,中性,0,0.0,0,0.0,0,0.0,4,196.0
4982,2025-01-03 134538,饱腹,中性,0,0.0,0,0.0,0,0.0,4,74.0
4983,2025-01-03 134538,饱腹,中性,0,0.0,0,0.0,0,0.0,6,194.0
4986,2025-01-03 105339,饥饿,微饿,1,4.0,1,16.0,0,0.0,5,20.0
4987,2025-01-03 105339,饥饿,微饿,1,4.0,1,16.0,0,0.0,5,20.0
4988,2025-01-03 105339,饥饿,微饿,1,4.0,1,16.0,0,0.0,5,20.0
4989,2025-01-03 105339,饥饿,微饿,1,4.0,1,16.0,0,0.0,5,20.0
4990,2025-01-03 105339,饥饿,微饿,1,4.0,1,16.0,0,0.0,5,20.0
4991,2025-01-03 105339,饥饿,微饿,1,4.0,1,68.0,0,0.0,4,72.0
4992,2025-01-03 105339,饥饿,微饿,1,4.0,1,68.0,0,0.0,4,72.0
4993,2025-01-03 105339,饥饿,微饿,1,4.0,1,68.0,0,0.0,4,72.0
4994,2025-01-03 105339,饥饿,微饿,1,4.0,1,68.0,0,0.0,4,72.0
4995,2025-01-03 105339,饥饿,微饿,1,4.0,1,68.0,0,0.0,4,72.0
4996,2025-01-03 105339,饥饿,微饿,0,0.0,1,68.0,0,0.0,2,68.0
4997,2025-01-03 105339,饥饿,微饿,0,0.0,1,68.0,0,0.0,2,68.0
4998,2025-01-03 105339,饥饿,微饿,0,0.0,1,68.0,0,0.0,2,68.0
4999,2025-01-03 105339,饥饿,微饿,0,0.0,0,0.0,0,0.0,0,0.0
5000,2025-01-03 105339,饥饿,微饿,0,0.0,1,2.0,0,0.0,2,2.0
5002,2025-01-03 105339,饥饿,微饿,0,0.0,1,2.0,0,0.0,2,2.0
5003,2025-01-03 105339,饥饿,微饿,0,0.0,1,2.0,0,0.0,2,2.0
5004,2025-01-03 105339,饥饿,微饿,0,0.0,1,2.0,0,0.0,2,2.0
5005,2025-01-03 105339,饥饿,微饿,0,0.0,1,2.0,0,0.0,2,2.0
5006,2025-01-03 105339,饥饿,微饿,0,0.0,1,2.0,0,0.0,2,2.0
5007,2025-01-03 105339,饥饿,微饿,0,0.0,2,20.0,0,0.0,4,20.0
5010,2025-01-03 105339,饥饿,微饿,0,0.0,1,18.0,0,0.0,2,18.0
5011,2025-01-03 105339,饥饿,微饿,0,0.0,1,18.0,0,0.0,2,18.0
5012,2025-01-03 105339,饥饿,微饿,0,0.0,1,18.0,0,0.0,2,18.0
5013,2025-01-03 105339,饥饿,微饿,0,0.0,1,18.0,0,0.0,2,18.0
5014,2025-01-03 105339,饥饿,微饿,0,0.0,1,18.0,0,0.0,2,18.0
5015,2025-01-03 105339,饥饿,微饿,0,0.0,1,18.0,0,0.0,2,18.0
5018,2025-01-03 105339,中性,饥饿,0,0.0,0,0.0,0,0.0,0,0.0
5019,2025-01-03 105339,中性,饥饿,0,0.0,0,0.0,0,0.0,0,0.0
5021,2025-01-03 105339,微饿,饥饿,0,0.0,0,0.0,0,0.0,0,0.0
5022,2025-01-03 105339,微饿,饥饿,0,0.0,0,0.0,0,0.0,0,0.0
5024,2025-01-03 105339,中性,饥饿,0,0.0,0,0.0,0,0.0,0,0.0
5025,2025-01-03 105339,中性,饥饿,0,0.0,0,0.0,0,0.0,0,0.0
5027,2025-01-03 105339,中性,饥饿,0,0.0,0,0.0,0,0.0,0,0.0
5028,2025-01-03 105339,中性,饥饿,0,0.0,0,0.0,0,0.0,0,0.0
5029,2025-01-03 105339,中性,饥饿,0,0.0,0,0.0,0,0.0,0,0.0
5030,2025-01-03 105339,微饿,饥饿,0,0.0,0,0.0,0,0.0,0,0.0
5032,2025-01-03 105339,微饿,饥饿,0,0.0,0,0.0,0,0.0,0,0.0
5033,2025-01-03 105339,微饿,饥饿,0,0.0,0,0.0,0,0.0,0,0.0
5035,2025-01-03 105339,微饿,饥饿,0,0.0,1,3.0,0,0.0,2,3.0
5036,2025-01-03 105339,微饿,饥饿,0,0.0,1,3.0,0,0.0,2,3.0
5037,2025-01-03 105339,微饿,饥饿,0,0.0,1,3.0,0,0.0,2,3.0
5039,2025-01-03 105339,微饿,饥饿,0,0.0,2,6.0,0,0.0,4,6.0
5040,2025-01-03 105339,微饿,饥饿,0,0.0,3,9.0,0,0.0,6,9.0
5042,2025-01-03 105339,微饿,饥饿,0,0.0,6,51.0,2,26.0,13,51.0
5043,2025-01-03 105339,微饿,饥饿,0,0.0,7,76.0,3,51.0,17,76.0
5052,2025-01-03 105339,饥饿,饱腹,0,0.0,1,19.0,1,19.0,7,21.0
5076,2025-01-03 105339,饱腹,中性,0,0.0,0,0.0,0,0.0,6,146.0
5077,2025-01-03 105339,饱腹,中性,0,0.0,0,0.0,0,0.0,6,146.0
5078,2025-01-03 105339,饱腹,中性,0,0.0,0,0.0,0,0.0,8,227.0
5079,2025-01-03 105339,饱腹,中性,0,0.0,0,0.0,0,0.0,6,159.0
5080,2025-01-03 105339,饱腹,中性,0,0.0,0,0.0,0,0.0,6,159.0
5081,2025-01-03 105339,饱腹,中性,0,0.0,0,0.0,0,0.0,6,159.0
5082,2025-01-03 105339,饱腹,中性,0,0.0,0,0.0,0,0.0,2,81.0
5083,2025-01-03 105339,饱腹,中性,0,0.0,0,0.0,0,0.0,2,81.0
5084,2025-01-03 105339,饱腹,中性,0,0.0,0,0.0,0,0.0,2,81.0
5085,2025-01-03 105339,饱腹,中性,0,0.0,0,0.0,0,0.0,0,0.0
5086,2025-01-03 105339,饱腹,中性,0,0.0,0,0.0,0,0.0,0,0.0
5087,2025-01-03 105339,饱腹,中性,0,0.0,0,0.0,0,0.0,0,0.0
5088,2025-01-03 105339,饱腹,中性,0,0.0,0,0.0,0,0.0,0,0.0
5090,2025-01-03 105339,饱腹,中性,0,0.0,0,0.0,0,0.0,0,0.0
5092,2025-01-03 105339,饱腹,中性,0,0.0,0,0.0,0,0.0,0,0.0
5099,2025-01-03 105339,饱腹,中性,0,0.0,0,0.0,0,0.0,2,180.0
5100,2025-01-03 105339,饱腹,中性,0,0.0,0,0.0,0,0.0,2,180.0
5101,2025-01-03 105339,饱腹,中性,0,0.0,0,0.0,0,0.0,2,180.0
5105,2025-01-03 105339,饱腹,中性,0,0.0,0,0.0,0,0.0,2,149.0
5106,2025-01-03 134416,中性,微饿,0,0.0,0,0.0,0,0.0,0,0.0
5107,2025-01-03 134416,中性,微饿,0,0.0,0,0.0,0,0.0,0,0.0
5108,2025-01-03 134416,饱腹,微饿,0,0.0,0,0.0,0,0.0,0,0.0
5109,2025-01-03 134416,饱腹,微饿,0,0.0,0,0.0,0,0.0,0,0.0
5110,2025-01-03 134416,饥饿,微饿,0,0.0,1,5.0,0,0.0,3,5.0
5111,2025-01-03 134416,饥饿,微饿,0,0.0,1,5.0,0,0.0,3,5.0
5112,2025-01-03 134416,饥饿,微饿,0,0.0,1,5.0,0,0.0,3,5.0
5113,2025-01-03 134416,饥饿,微饿,0,0.0,1,5.0,0,0.0,3,5.0
5114,2025-01-03 134416,饥饿,微饿,0,0.0,1,5.0,0,0.0,3,5.0
5115,2025-01-03 134416,饥饿,微饿,0,0.0,1,5.0,0,0.0,3,5.0
5116,2025-01-03 134416,饥饿,微饿,0,0.0,1,5.0,0,0.0,3,5.0
5117,2025-01-03 134416,饥饿,微饿,0,0.0,1,5.0,0,0.0,3,5.0
5118,2025-01-03 134416,饥饿,微饿,0,0.0,1,5.0,0,0.0,3,5.0
5119,2025-01-03 134416,饥饿,微饿,0,0.0,1,5.0,0,0.0,3,5.0
5120,2025-01-03 134416,饱腹,微饿,0,0.0,0,0.0,0,0.0,0,0.0
5121,2025-01-03 134416,饱腹,微饿,0,0.0,0,0.0,0,0.0,0,0.0
5122,2025-01-03 134416,饥饿,微饿,0,0.0,0,0.0,0,0.0,0,0.0
5123,2025-01-03 134416,饥饿,微饿,0,0.0,1,12.0,0,0.0,2,12.0
5124,2025-01-03 134416,饥饿,微饿,0,0.0,1,12.0,0,0.0,2,12.0
5125,2025-01-03 134416,饥饿,微饿,0,0.0,1,12.0,0,0.0,2,12.0
5126,2025-01-03 134416,饥饿,微饿,0,0.0,1,12.0,0,0.0,2,12.0
5127,2025-01-03 134416,饥饿,微饿,0,0.0,2,54.0,0,0.0,4,54.0
5128,2025-01-03 134416,饥饿,微饿,1,8.0,2,54.0,0,0.0,6,62.0
5129,2025-01-03 134416,饥饿,微饿,1,8.0,2,54.0,0,0.0,6,62.0
5130,2025-01-03 134416,饥饿,微饿,3,27.0,2,54.0,0,0.0,10,81.0
5131,2025-01-03 134416,饥饿,微饿,3,27.0,2,54.0,0,0.0,10,81.0
5132,2025-01-03 134416,饥饿,微饿,4,37.0,5,90.0,0,0.0,16,117.0
5133,2025-01-03 134416,饥饿,微饿,4,37.0,4,78.0,0,0.0,14,105.0
5134,2025-01-03 134416,饥饿,微饿,4,37.0,4,78.0,0,0.0,14,105.0
5135,2025-01-03 134416,饥饿,微饿,4,37.0,4,78.0,0,0.0,14,105.0
5141,2025-01-03 134416,微饿,饥饿,1,10.0,3,23.0,0,0.0,6,23.0
5146,2025-01-03 134416,中性,饥饿,0,0.0,0,0.0,0,0.0,0,0.0
5147,2025-01-03 134416,中性,饥饿,0,0.0,0,0.0,0,0.0,0,0.0
5162,2025-01-03 134416,微饿,饥饿,0,0.0,4,227.0,0,0.0,8,227.0
5163,2025-01-03 134416,微饿,饥饿,0,0.0,4,227.0,0,0.0,8,227.0
5164,2025-01-03 134416,微饿,饥饿,0,0.0,5,280.0,0,0.0,10,280.0
5165,2025-01-03 134416,微饿,饥饿,0,0.0,3,176.0,0,0.0,6,176.0
5167,2025-01-03 134416,饥饿,饱腹,0,0.0,6,270.0,0,0.0,12,270.0
5168,2025-01-03 134416,微饿,饱腹,0,0.0,5,251.0,0,0.0,10,251.0
5169,2025-01-03 134416,微饿,饱腹,0,0.0,5,218.0,0,0.0,10,218.0
5170,2025-01-03 134416,微饿,饱腹,0,0.0,5,218.0,0,0.0,10,218.0
5171,2025-01-03 134416,微饿,饱腹,0,0.0,5,218.0,0,0.0,10,218.0
5172,2025-01-03 134416,微饿,饱腹,0,0.0,5,235.0,0,0.0,10,235.0
5173,2025-01-03 134416,微饿,饱腹,0,0.0,6,286.0,0,0.0,12,286.0
5174,2025-01-03 134416,微饿,饱腹,0,0.0,5,219.0,0,0.0,10,219.0
5175,2025-01-03 134416,微饿,饱腹,0,0.0,5,219.0,0,0.0,10,219.0
5176,2025-01-03 134416,微饿,饱腹,0,0.0,3,192.0,0,0.0,6,192.0
5177,2025-01-03 134416,饥饿,饱腹,0,0.0,2,121.0,0,0.0,4,121.0
5178,2025-01-03 134416,微饿,饱腹,0,0.0,2,121.0,0,0.0,4,121.0
5179,2025-01-03 134416,饥饿,饱腹,0,0.0,1,51.0,0,0.0,2,51.0
5180,2025-01-03 134416,饥饿,饱腹,0,0.0,1,51.0,0,0.0,2,51.0
5181,2025-01-03 134416,饥饿,饱腹,0,0.0,1,51.0,0,0.0,2,51.0
5182,2025-01-03 134416,中性,饱腹,0,0.0,0,0.0,0,0.0,0,0.0
5192,2025-01-03 134416,中性,饱腹,0,0.0,0,0.0,0,0.0,0,0.0
5194,2025-01-03 134416,中性,饱腹,0,0.0,0,0.0,0,0.0,6,62.0
5195,2025-01-03 134416,中性,饱腹,0,0.0,0,0.0,0,0.0,6,62.0
5196,2025-01-03 134416,饱腹,中性,0,0.0,0,0.0,0,0.0,8,139.0
5197,2025-01-03 134416,饱腹,中性,0,0.0,0,0.0,0,0.0,8,139.0
5198,2025-01-03 134416,饱腹,中性,0,0.0,0,0.0,0,0.0,8,139.0
5199,2025-01-03 134416,饱腹,中性,0,0.0,0,0.0,0,0.0,10,177.0
5200,2025-01-03 134416,饱腹,中性,0,0.0,0,0.0,0,0.0,10,177.0
5219,2025-01-03 134416,饱腹,中性,0,0.0,0,0.0,0,0.0,6,123.0
5226,2025-01-06 110457,饥饿,微饿,3,16.0,4,45.0,0,0.0,13,59.0
5236,2025-01-06 110457,微饿,饥饿,2,10.0,5,32.0,0,0.0,12,40.0
5238,2025-01-06 110457,微饿,饥饿,4,19.0,6,37.0,0,0.0,16,49.0
5239,2025-01-06 110457,微饿,饥饿,5,21.0,9,61.0,0,0.0,22,73.0
5241,2025-01-06 110457,微饿,饥饿,4,13.0,6,41.0,0,0.0,16,47.0
5242,2025-01-06 110457,微饿,饥饿,4,13.0,7,56.0,0,0.0,18,62.0
5243,2025-01-06 110457,微饿,饥饿,5,14.0,7,56.0,0,0.0,20,63.0
5244,2025-01-06 110457,微饿,饥饿,5,14.0,6,51.0,0,0.0,18,58.0
5254,2025-01-06 110457,微饿,饥饿,7,19.0,6,76.0,2,2.0,26,95.0
5257,2025-01-06 110457,微饿,饥饿,5,24.0,2,22.0,2,2.0,18,50.0
5258,2025-01-06 110457,微饿,饥饿,4,19.0,1,10.0,2,2.0,14,33.0
5259,2025-01-06 110457,微饿,饥饿,4,19.0,1,10.0,2,2.0,14,33.0
5260,2025-01-06 110457,微饿,饥饿,2,11.0,1,10.0,2,2.0,10,25.0
5264,2025-01-06 110457,饥饿,饱腹,3,24.0,2,11.0,0,0.0,10,35.0
5265,2025-01-06 110457,饥饿,饱腹,3,24.0,2,11.0,0,0.0,10,35.0
5266,2025-01-06 110457,微饿,饱腹,3,24.0,2,11.0,0,0.0,10,35.0
5267,2025-01-06 110457,微饿,饱腹,2,14.0,2,11.0,0,0.0,8,25.0
5268,2025-01-06 110457,饥饿,饱腹,2,14.0,2,11.0,0,0.0,10,97.0
5269,2025-01-06 110457,饥饿,饱腹,2,14.0,2,11.0,0,0.0,10,97.0
5285,2025-01-06 110457,中性,饱腹,0,0.0,0,0.0,0,0.0,4,207.0
5286,2025-01-06 110457,中性,饱腹,0,0.0,0,0.0,0,0.0,2,119.0
5291,2025-01-06 110457,饱腹,中性,0,0.0,0,0.0,0,0.0,2,130.0
5292,2025-01-06 110457,饱腹,中性,0,0.0,0,0.0,0,0.0,4,138.0
5294,2025-01-06 110457,饱腹,中性,0,0.0,0,0.0,0,0.0,4,138.0
5295,2025-01-06 110457,饱腹,中性,0,0.0,0,0.0,0,0.0,6,217.0
5296,2025-01-06 110457,饱腹,中性,0,0.0,0,0.0,0,0.0,4,87.0
5297,2025-01-06 110457,饱腹,中性,0,0.0,0,0.0,0,0.0,6,126.0
5298,2025-01-06 110457,饱腹,中性,0,0.0,0,0.0,0,0.0,6,126.0
5299,2025-01-06 110457,饱腹,中性,0,0.0,0,0.0,0,0.0,6,126.0
5300,2025-01-06 110457,饱腹,中性,0,0.0,0,0.0,0,0.0,6,126.0
5301,2025-01-06 110457,饱腹,中性,0,0.0,0,0.0,0,0.0,8,261.0
5306,2025-01-06 110457,饱腹,中性,0,0.0,0,0.0,0,0.0,6,213.0
5307,2025-01-06 110457,饱腹,中性,0,0.0,0,0.0,0,0.0,4,78.0
5309,2025-01-06 110457,饱腹,中性,0,0.0,0,0.0,0,0.0,4,78.0
5310,2025-01-06 110457,饱腹,中性,0,0.0,0,0.0,0,0.0,4,78.0
5311,2025-01-06 110457,饱腹,中性,0,0.0,0,0.0,0,0.0,4,199.0
5312,2025-01-06 110457,饱腹,中性,0,0.0,0,0.0,0,0.0,4,199.0
5313,2025-01-06 110457,饱腹,中性,0,0.0,0,0.0,0,0.0,2,127.0
5314,2025-01-06 110457,饱腹,中性,0,0.0,0,0.0,0,0.0,2,127.0
5315,2025-01-06 110457,饱腹,中性,0,0.0,0,0.0,0,0.0,2,127.0
5317,2025-01-06 110457,饱腹,中性,0,0.0,0,0.0,0,0.0,2,156.0
5320,2025-01-06 110457,饱腹,中性,0,0.0,0,0.0,0,0.0,2,156.0
5321,2025-01-07 102421,饥饿,微饿,3,31.0,1,12.0,0,0.0,11,45.0
5322,2025-01-07 102421,饥饿,微饿,3,31.0,1,12.0,0,0.0,8,43.0
5323,2025-01-07 102421,饥饿,微饿,3,31.0,1,12.0,0,0.0,8,43.0
5324,2025-01-07 102421,饥饿,微饿,3,31.0,1,12.0,0,0.0,8,43.0
5325,2025-01-07 102421,饥饿,微饿,3,31.0,1,12.0,0,0.0,8,43.0
5331,2025-01-07 102421,中性,微饿,0,0.0,1,55.0,0,0.0,2,55.0
5334,2025-01-07 102421,饱腹,微饿,0,0.0,0,0.0,0,0.0,0,0.0
5335,2025-01-07 102421,饱腹,微饿,0,0.0,0,0.0,0,0.0,0,0.0
5336,2025-01-07 102421,饱腹,微饿,0,0.0,0,0.0,0,0.0,0,0.0
5340,2025-01-07 102421,饥饿,微饿,1,2.0,0,0.0,0,0.0,2,2.0
5341,2025-01-07 102421,饱腹,微饿,1,2.0,1,5.0,0,0.0,4,7.0
5351,2025-01-07 102421,微饿,饥饿,1,12.0,1,62.0,1,4.0,6,78.0
5352,2025-01-07 102421,微饿,饥饿,1,12.0,0,0.0,1,4.0,4,16.0
5353,2025-01-07 102421,微饿,饥饿,1,12.0,0,0.0,1,4.0,4,16.0
5354,2025-01-07 102421,微饿,饥饿,1,12.0,0,0.0,1,4.0,4,16.0
5358,2025-01-07 102421,微饿,饥饿,0,0.0,0,0.0,0,0.0,0,0.0
5359,2025-01-07 102421,饱腹,饥饿,0,0.0,0,0.0,0,0.0,0,0.0
5360,2025-01-07 102421,微饿,饥饿,0,0.0,0,0.0,0,0.0,0,0.0
5361,2025-01-07 102421,微饿,饥饿,0,0.0,0,0.0,0,0.0,0,0.0
5362,2025-01-07 102421,中性,饥饿,0,0.0,0,0.0,0,0.0,0,0.0
5363,2025-01-07 102421,中性,饥饿,0,0.0,0,0.0,0,0.0,0,0.0
5364,2025-01-07 102421,中性,饥饿,0,0.0,0,0.0,0,0.0,0,0.0
5365,2025-01-07 102421,微饿,饥饿,0,0.0,0,0.0,0,0.0,0,0.0
5366,2025-01-07 102421,微饿,饥饿,0,0.0,0,0.0,0,0.0,0,0.0
5367,2025-01-07 102421,中性,饥饿,0,0.0,0,0.0,0,0.0,0,0.0
5369,2025-01-07 102421,中性,饥饿,0,0.0,0,0.0,0,0.0,0,0.0
5370,2025-01-07 102421,中性,饥饿,0,0.0,0,0.0,0,0.0,0,0.0
5371,2025-01-07 102421,饱腹,饥饿,0,0.0,0,0.0,0,0.0,0,0.0
5372,2025-01-07 102421,微饿,饥饿,0,0.0,0,0.0,0,0.0,0,0.0
5373,2025-01-07 102421,微饿,饥饿,0,0.0,0,0.0,0,0.0,0,0.0
5374,2025-01-07 102421,微饿,饥饿,0,0.0,0,0.0,0,0.0,0,0.0
5375,2025-01-07 102421,中性,饥饿,0,0.0,0,0.0,0,0.0,0,0.0
5376,2025-01-07 102421,饱腹,饥饿,0,0.0,0,0.0,0,0.0,0,0.0
5377,2025-01-07 102421,中性,饥饿,0,0.0,0,0.0,0,0.0,0,0.0
5378,2025-01-07 102421,饱腹,饥饿,0,0.0,0,0.0,0,0.0,0,0.0
5379,2025-01-07 102421,饱腹,饥饿,0,0.0,0,0.0,0,0.0,0,0.0
5388,2025-01-07 102421,饥饿,饱腹,0,0.0,1,6.0,0,0.0,8,164.0
5391,2025-01-07 102421,中性,饱腹,0,0.0,0,0.0,0,0.0,6,215.0
5392,2025-01-07 102421,中性,饱腹,0,0.0,0,0.0,0,0.0,4,214.0
5393,2025-01-07 102421,中性,饱腹,0,0.0,0,0.0,0,0.0,2,58.0
5394,2025-01-07 102421,中性,饱腹,0,0.0,0,0.0,0,0.0,2,58.0
5395,2025-01-07 102421,中性,饱腹,0,0.0,0,0.0,0,0.0,2,58.0
5396,2025-01-07 102421,中性,饱腹,0,0.0,0,0.0,0,0.0,2,58.0
5397,2025-01-07 102421,中性,饱腹,0,0.0,0,0.0,0,0.0,2,58.0
5398,2025-01-07 102421,中性,饱腹,0,0.0,0,0.0,0,0.0,2,58.0
5401,2025-01-07 102421,微饿,饱腹,0,0.0,0,0.0,0,0.0,0,0.0
5403,2025-01-07 102421,微饿,饱腹,0,0.0,0,0.0,0,0.0,0,0.0
5404,2025-01-07 102421,微饿,饱腹,0,0.0,0,0.0,0,0.0,0,0.0
5405,2025-01-07 102421,中性,饱腹,0,0.0,0,0.0,0,0.0,0,0.0
5406,2025-01-07 102421,中性,饱腹,0,0.0,0,0.0,0,0.0,0,0.0
5407,2025-01-07 102421,微饿,饱腹,0,0.0,0,0.0,0,0.0,0,0.0
5408,2025-01-07 102421,微饿,饱腹,0,0.0,0,0.0,0,0.0,0,0.0
5409,2025-01-07 102421,微饿,饱腹,0,0.0,0,0.0,0,0.0,0,0.0
5411,2025-01-07 102421,微饿,中性,0,0.0,0,0.0,0,0.0,0,0.0
5415,2025-01-07 102421,微饿,中性,0,0.0,0,0.0,0,0.0,0,0.0
5416,2025-01-07 102421,微饿,中性,0,0.0,0,0.0,0,0.0,0,0.0
5418,2025-01-07 102421,饱腹,中性,0,0.0,0,0.0,0,0.0,0,0.0
5419,2025-01-07 102421,微饿,中性,0,0.0,0,0.0,0,0.0,0,0.0
5420,2025-01-07 102421,微饿,中性,0,0.0,0,0.0,0,0.0,0,0.0
5421,2025-01-07 102421,微饿,中性,0,0.0,0,0.0,0,0.0,0,0.0
5422,2025-01-07 102421,微饿,中性,0,0.0,0,0.0,0,0.0,0,0.0
5423,2025-01-07 102421,微饿,中性,0,0.0,0,0.0,0,0.0,0,0.0
5424,2025-01-07 102421,饱腹,中性,0,0.0,0,0.0,0,0.0,0,0.0
5425,2025-01-07 102421,微饿,中性,0,0.0,0,0.0,0,0.0,0,0.0
5426,2025-01-07 102421,微饿,中性,0,0.0,0,0.0,0,0.0,0,0.0
5427,2025-01-07 102421,微饿,中性,0,0.0,0,0.0,0,0.0,0,0.0
5428,2025-01-07 102421,微饿,中性,0,0.0,0,0.0,0,0.0,0,0.0
5429,2025-01-07 102421,微饿,中性,0,0.0,0,0.0,0,0.0,0,0.0
5430,2025-01-07 102421,微饿,中性,0,0.0,0,0.0,0,0.0,0,0.0
5431,2025-01-07 102421,微饿,中性,0,0.0,0,0.0,0,0.0,0,0.0
5432,2025-01-07 102421,饱腹,中性,0,0.0,0,0.0,0,0.0,0,0.0
5433,2025-01-07 102421,饱腹,中性,0,0.0,0,0.0,0,0.0,0,0.0
5435,2025-01-07 102421,饱腹,中性,0,0.0,0,0.0,0,0.0,0,0.0
5437,2025-01-07 102421,微饿,中性,0,0.0,0,0.0,0,0.0,0,0.0
5438,2025-01-07 102421,微饿,中性,0,0.0,0,0.0,0,0.0,0,0.0
5439,2025-01-07 102421,微饿,中性,0,0.0,0,0.0,0,0.0,0,0.0
5443,2025-01-07 135013,饥饿,微饿,3,64.0,9,132.0,4,52.0,26,142.0
5444,2025-01-07 135013,饥饿,微饿,3,64.0,10,162.0,4,52.0,28,172.0
5445,2025-01-07 135013,饥饿,微饿,3,64.0,10,162.0,4,52.0,28,172.0
5447,2025-01-07 135013,饥饿,微饿,3,148.0,5,182.0,3,35.0,16,189.0
5448,2025-01-07 135013,饥饿,微饿,3,128.0,7,197.0,2,7.0,18,204.0
5449,2025-01-07 135013,饥饿,微饿,2,95.0,6,164.0,2,7.0,16,171.0
5450,2025-01-07 135013,饥饿,微饿,3,139.0,6,204.0,2,7.0,16,211.0
5451,2025-01-07 135013,饥饿,微饿,3,139.0,6,204.0,1,2.0,14,206.0
5452,2025-01-07 135013,饥饿,微饿,3,139.0,6,204.0,0,0.0,12,204.0
5453,2025-01-07 135013,饥饿,微饿,3,139.0,5,174.0,0,0.0,10,174.0
5455,2025-01-07 135013,饥饿,微饿,2,52.0,5,224.0,1,137.0,11,224.0
5456,2025-01-07 135013,饥饿,微饿,4,108.0,6,275.0,1,137.0,15,280.0
5457,2025-01-07 135013,饥饿,微饿,4,108.0,5,252.0,1,137.0,13,257.0
5459,2025-01-07 135013,饥饿,微饿,3,83.0,3,215.0,1,137.0,9,220.0
5460,2025-01-07 135013,饥饿,微饿,3,83.0,4,113.0,1,31.0,11,118.0
5461,2025-01-07 135013,饥饿,微饿,3,83.0,4,113.0,1,31.0,11,118.0
5462,2025-01-07 135013,饥饿,微饿,4,90.0,4,113.0,1,31.0,13,125.0
5465,2025-01-07 135013,微饿,饥饿,3,39.0,3,62.0,1,31.0,13,79.0
5470,2025-01-07 135013,微饿,饥饿,2,29.0,0,0.0,0,0.0,6,34.0
5471,2025-01-07 135013,微饿,饥饿,2,29.0,0,0.0,0,0.0,6,34.0
5472,2025-01-07 135013,微饿,饥饿,1,22.0,0,0.0,0,0.0,4,27.0
5473,2025-01-07 135013,微饿,饥饿,1,22.0,0,0.0,0,0.0,4,27.0
5474,2025-01-07 135013,微饿,饥饿,2,25.0,0,0.0,0,0.0,6,30.0
5475,2025-01-07 135013,微饿,饥饿,1,3.0,0,0.0,0,0.0,4,7.0
5476,2025-01-07 135013,微饿,饥饿,2,6.0,2,16.0,0,0.0,8,23.0
5477,2025-01-07 135013,微饿,饥饿,2,6.0,3,50.0,0,0.0,10,57.0
5480,2025-01-07 135013,微饿,饥饿,4,9.0,5,60.0,0,0.0,17,69.0
5481,2025-01-07 135013,微饿,饥饿,4,9.0,8,103.0,0,0.0,23,112.0
5482,2025-01-07 135013,微饿,饥饿,5,23.0,10,124.0,0,0.0,27,133.0
5483,2025-01-07 135013,微饿,饥饿,5,23.0,11,144.0,0,0.0,29,153.0
5484,2025-01-07 135013,微饿,饥饿,4,20.0,12,172.0,0,0.0,29,178.0
5485,2025-01-07 135013,微饿,饥饿,4,20.0,12,172.0,1,10.0,29,184.0
5487,2025-01-07 135013,微饿,饥饿,4,33.0,9,122.0,1,10.0,25,150.0
5492,2025-01-07 135013,微饿,饥饿,2,19.0,4,83.0,1,10.0,12,109.0
5496,2025-01-07 135013,饥饿,饱腹,1,3.0,3,55.0,0,0.0,10,57.0
5501,2025-01-07 135013,中性,饱腹,0,0.0,0,0.0,0,0.0,16,108.0
5502,2025-01-07 135013,中性,饱腹,0,0.0,0,0.0,0,0.0,18,128.0
5503,2025-01-07 135013,中性,饱腹,0,0.0,0,0.0,0,0.0,16,127.0
5504,2025-01-07 135013,中性,饱腹,0,0.0,0,0.0,0,0.0,16,127.0
5506,2025-01-07 135013,中性,饱腹,0,0.0,0,0.0,0,0.0,12,108.0
5507,2025-01-07 135013,中性,饱腹,0,0.0,0,0.0,0,0.0,14,111.0
5508,2025-01-07 135013,中性,饱腹,0,0.0,0,0.0,0,0.0,14,111.0
5509,2025-01-07 135013,中性,饱腹,0,0.0,0,0.0,0,0.0,12,41.0
5510,2025-01-07 135013,中性,饱腹,0,0.0,0,0.0,0,0.0,12,41.0
5511,2025-01-07 135013,中性,饱腹,0,0.0,0,0.0,0,0.0,2,3.0
5512,2025-01-07 135013,中性,饱腹,0,0.0,0,0.0,0,0.0,2,3.0
5513,2025-01-07 135013,中性,饱腹,0,0.0,0,0.0,0,0.0,2,3.0
5514,2025-01-07 135013,中性,饱腹,0,0.0,0,0.0,0,0.0,2,3.0
5515,2025-01-07 135013,中性,饱腹,0,0.0,0,0.0,0,0.0,2,3.0
5516,2025-01-07 135013,中性,饱腹,0,0.0,0,0.0,0,0.0,2,3.0
5517,2025-01-07 135013,微饿,饱腹,0,0.0,0,0.0,0,0.0,0,0.0
5518,2025-01-07 135013,微饿,饱腹,0,0.0,0,0.0,0,0.0,0,0.0
5519,2025-01-07 135013,微饿,饱腹,0,0.0,0,0.0,0,0.0,0,0.0
5520,2025-01-07 135013,中性,饱腹,0,0.0,0,0.0,0,0.0,0,0.0
5521,2025-01-07 135013,微饿,饱腹,0,0.0,0,0.0,0,0.0,0,0.0
5522,2025-01-07 135013,中性,饱腹,0,0.0,0,0.0,0,0.0,0,0.0
5524,2025-01-07 135013,微饿,中性,0,0.0,0,0.0,0,0.0,0,0.0
5527,2025-01-07 135013,饥饿,中性,0,0.0,0,0.0,0,0.0,0,0.0
5528,2025-01-07 135013,饱腹,中性,0,0.0,0,0.0,0,0.0,0,0.0
5532,2025-01-07 135013,饥饿,中性,0,0.0,0,0.0,0,0.0,0,0.0
5535,2025-01-07 135013,饱腹,中性,0,0.0,0,0.0,0,0.0,0,0.0
5538,2025-01-07 135013,微饿,中性,0,0.0,0,0.0,0,0.0,0,0.0
5539,2025-01-07 135013,微饿,中性,0,0.0,0,0.0,0,0.0,0,0.0
5545,2025-01-10 110622,饥饿,微饿,28,75.0,0,0.0,0,0.0,56,75.0
5548,2025-01-10 110622,饥饿,微饿,20,50.0,1,34.0,0,0.0,42,84.0
5549,2025-01-10 110622,饥饿,微饿,17,42.0,1,34.0,0,0.0,36,76.0
5552,2025-01-10 110622,饥饿,微饿,9,15.0,1,34.0,0,0.0,20,49.0
5557,2025-01-10 110622,微饿,饥饿,7,7.0,11,72.0,4,12.0,36,79.0
5558,2025-01-10 110622,微饿,饥饿,8,8.0,11,72.0,4,12.0,38,80.0
5560,2025-01-10 110622,微饿,饥饿,9,31.0,11,72.0,4,12.0,40,103.0
5561,2025-01-10 110622,微饿,饥饿,9,31.0,11,72.0,4,12.0,40,103.0
5562,2025-01-10 110622,微饿,饥饿,9,32.0,11,72.0,4,12.0,40,104.0
5586,2025-01-10 110622,微饿,饱腹,1,2.0,6,75.0,3,60.0,20,80.0
5587,2025-01-10 110622,饥饿,饱腹,1,2.0,6,75.0,3,60.0,20,80.0
5593,2025-01-10 110622,中性,饱腹,0,0.0,1,1.0,0,0.0,12,67.0
5594,2025-01-10 110622,中性,饱腹,0,0.0,0,0.0,0,0.0,8,64.0
5595,2025-01-10 110622,中性,饱腹,0,0.0,0,0.0,0,0.0,8,64.0
5596,2025-01-10 110622,中性,饱腹,0,0.0,0,0.0,0,0.0,8,64.0
5597,2025-01-10 110622,中性,饱腹,0,0.0,0,0.0,0,0.0,8,64.0
5598,2025-01-10 110622,中性,饱腹,0,0.0,0,0.0,0,0.0,8,64.0
5599,2025-01-10 110622,中性,饱腹,0,0.0,0,0.0,0,0.0,10,211.0
5600,2025-01-10 110622,中性,饱腹,0,0.0,0,0.0,0,0.0,6,186.0
5601,2025-01-10 110622,中性,饱腹,0,0.0,0,0.0,0,0.0,6,186.0
5602,2025-01-10 110622,中性,饱腹,0,0.0,0,0.0,0,0.0,4,150.0
5603,2025-01-10 110622,中性,饱腹,0,0.0,0,0.0,0,0.0,6,209.0
5604,2025-01-10 110622,中性,饱腹,0,0.0,0,0.0,0,0.0,4,206.0
5606,2025-01-10 110622,中性,饱腹,0,0.0,0,0.0,0,0.0,2,59.0
5607,2025-01-10 110622,中性,饱腹,0,0.0,0,0.0,0,0.0,2,59.0
5608,2025-01-10 110622,中性,饱腹,0,0.0,0,0.0,0,0.0,2,59.0
5609,2025-01-10 110622,中性,饱腹,0,0.0,0,0.0,0,0.0,2,59.0
5611,2025-01-10 110622,饥饿,饱腹,0,0.0,0,0.0,0,0.0,0,0.0
5612,2025-01-10 110622,饥饿,饱腹,0,0.0,0,0.0,0,0.0,0,0.0
5613,2025-01-10 110622,饥饿,饱腹,0,0.0,0,0.0,0,0.0,0,0.0
5614,2025-01-10 110622,饥饿,中性,0,0.0,0,0.0,0,0.0,0,0.0
5616,2025-01-10 110622,饱腹,中性,0,0.0,0,0.0,0,0.0,0,0.0
5617,2025-01-10 110622,饥饿,中性,0,0.0,0,0.0,0,0.0,0,0.0
5618,2025-01-10 110622,饱腹,中性,0,0.0,0,0.0,0,0.0,0,0.0
5619,2025-01-10 110622,饱腹,中性,0,0.0,0,0.0,0,0.0,0,0.0
5621,2025-01-10 110622,饥饿,中性,0,0.0,0,0.0,0,0.0,0,0.0
5623,2025-01-10 110622,饥饿,中性,0,0.0,0,0.0,0,0.0,0,0.0
5626,2025-01-10 110622,饥饿,中性,0,0.0,0,0.0,0,0.0,0,0.0
5627,2025-01-10 110622,饱腹,中性,0,0.0,0,0.0,0,0.0,0,0.0
5629,2025-01-10 110622,饱腹,中性,0,0.0,0,0.0,0,0.0,0,0.0
5633,2025-01-10 110622,饱腹,中性,0,0.0,0,0.0,0,0.0,0,0.0
5635,2025-01-10 110622,微饿,中性,0,0.0,0,0.0,0,0.0,0,0.0
5637,2025-01-10 110622,饱腹,中性,0,0.0,0,0.0,0,0.0,0,0.0
5638,2025-01-10 110622,饥饿,中性,0,0.0,0,0.0,0,0.0,0,0.0
5644,2025-01-10 111030,饥饿,微饿,1,5.0,7,46.0,2,5.0,19,54.0
5645,2025-01-10 111030,饥饿,微饿,2,7.0,10,65.0,2,4.0,24,72.0
5646,2025-01-10 111030,饥饿,微饿,2,7.0,13,80.0,3,5.0,30,87.0
5647,2025-01-10 111030,饥饿,微饿,2,7.0,13,80.0,3,5.0,30,87.0
5648,2025-01-10 111030,饥饿,微饿,2,7.0,12,63.0,3,5.0,28,70.0
5649,2025-01-10 111030,饥饿,微饿,2,7.0,12,63.0,3,5.0,28,70.0
5650,2025-01-10 111030,饥饿,微饿,2,7.0,7,37.0,2,3.0,18,44.0
5651,2025-01-10 111030,饥饿,微饿,2,7.0,7,37.0,2,3.0,18,44.0
5652,2025-01-10 111030,饥饿,微饿,2,7.0,6,34.0,2,3.0,16,41.0
5653,2025-01-10 111030,饥饿,微饿,2,7.0,6,34.0,2,3.0,16,41.0
5654,2025-01-10 111030,饥饿,微饿,1,2.0,5,23.0,2,3.0,12,25.0
5655,2025-01-10 111030,饥饿,微饿,0,0.0,2,8.0,1,1.0,4,8.0
5656,2025-01-10 111030,中性,微饿,0,0.0,0,0.0,0,0.0,0,0.0
5657,2025-01-10 111030,中性,微饿,0,0.0,0,0.0,0,0.0,0,0.0
5659,2025-01-10 111030,中性,饥饿,0,0.0,0,0.0,0,0.0,0,0.0
5660,2025-01-10 111030,中性,饥饿,0,0.0,0,0.0,0,0.0,0,0.0
5661,2025-01-10 111030,饱腹,饥饿,0,0.0,0,0.0,0,0.0,0,0.0
5663,2025-01-10 111030,中性,饥饿,0,0.0,0,0.0,0,0.0,0,0.0
5668,2025-01-10 111030,微饿,饥饿,1,4.0,0,0.0,0,0.0,2,4.0
5669,2025-01-10 111030,微饿,饥饿,1,4.0,0,0.0,0,0.0,2,4.0
5670,2025-01-10 111030,微饿,饥饿,1,4.0,0,0.0,0,0.0,2,4.0
5671,2025-01-10 111030,微饿,饥饿,3,21.0,2,17.0,1,3.0,7,21.0
5686,2025-01-10 111030,微饿,饥饿,1,2.0,6,55.0,2,3.0,14,57.0
5687,2025-01-10 111030,微饿,饥饿,1,2.0,5,24.0,2,3.0,12,26.0
5701,2025-01-10 111030,中性,饱腹,0,0.0,0,0.0,0,0.0,4,209.0
5706,2025-01-10 111030,中性,饱腹,0,0.0,0,0.0,0,0.0,2,123.0
5707,2025-01-10 111030,中性,饱腹,0,0.0,0,0.0,0,0.0,2,123.0
5708,2025-01-10 111030,中性,饱腹,0,0.0,0,0.0,0,0.0,2,123.0
5709,2025-01-10 111030,中性,饱腹,0,0.0,0,0.0,0,0.0,2,123.0
5710,2025-01-10 111030,中性,饱腹,0,0.0,0,0.0,0,0.0,2,123.0
5711,2025-01-10 111030,中性,饱腹,0,0.0,0,0.0,0,0.0,2,123.0
5712,2025-01-10 111030,饥饿,饱腹,0,0.0,0,0.0,0,0.0,0,0.0
5713,2025-01-10 111030,饥饿,饱腹,0,0.0,0,0.0,0,0.0,0,0.0
5714,2025-01-10 111030,饥饿,饱腹,0,0.0,0,0.0,0,0.0,0,0.0
5716,2025-01-10 111030,饥饿,饱腹,0,0.0,0,0.0,0,0.0,0,0.0
5721,2025-01-10 111030,饱腹,中性,0,0.0,0,0.0,0,0.0,0,0.0
5722,2025-01-10 111030,饱腹,中性,0,0.0,0,0.0,0,0.0,0,0.0
5723,2025-01-10 111030,饱腹,中性,0,0.0,0,0.0,0,0.0,0,0.0
5726,2025-01-10 111030,饱腹,中性,0,0.0,0,0.0,0,0.0,0,0.0
5728,2025-01-10 111030,饱腹,中性,0,0.0,0,0.0,0,0.0,0,0.0
5729,2025-01-10 111030,饱腹,中性,0,0.0,0,0.0,0,0.0,0,0.0
5731,2025-01-10 111030,饱腹,中性,0,0.0,0,0.0,0,0.0,0,0.0
5732,2025-01-10 111030,微饿,中性,0,0.0,0,0.0,0,0.0,0,0.0
5733,2025-01-10 111030,饥饿,中性,0,0.0,0,0.0,0,0.0,0,0.0
5734,2025-01-10 111030,饱腹,中性,0,0.0,0,0.0,0,0.0,0,0.0
5735,2025-01-10 111030,饱腹,中性,0,0.0,0,0.0,0,0.0,0,0.0
5736,2025-01-10 111030,微饿,中性,0,0.0,0,0.0,0,0.0,0,0.0
5737,2025-01-10 111030,饱腹,中性,0,0.0,0,0.0,0,0.0,0,0.0
5738,2025-01-10 111030,饱腹,中性,0,0.0,0,0.0,0,0.0,0,0.0
5739,2025-01-10 111030,饱腹,中性,0,0.0,0,0.0,0,0.0,0,0.0
5741,2025-01-10 111030,饱腹,中性,0,0.0,0,0.0,0,0.0,0,0.0
5742,2025-01-10 111030,饱腹,中性,0,0.0,0,0.0,0,0.0,0,0.0
5744,2025-01-10 111030,饱腹,中性,0,0.0,0,0.0,0,0.0,0,0.0
5745,2025-01-10 111030,饱腹,中性,0,0.0,0,0.0,0,0.0,0,0.0
5746,2025-01-10 111030,饱腹,中性,0,0.0,0,0.0,0,0.0,0,0.0
5747,2025-01-10 111030,饱腹,中性,0,0.0,0,0.0,0,0.0,0,0.0
5751,2025-01-13 134726,饥饿,微饿,0,0.0,15,189.0,12,167.0,47,194.0
5752,2025-01-13 134726,饥饿,微饿,0,0.0,15,207.0,10,143.0,44,212.0
5755,2025-01-13 134726,饥饿,微饿,0,0.0,9,160.0,5,96.0,26,165.0
5756,2025-01-13 134726,饥饿,微饿,0,0.0,9,160.0,4,91.0,24,160.0
5760,2025-01-13 134726,微饿,饥饿,0,0.0,10,111.0,1,4.0,24,111.0
5761,2025-01-13 134726,微饿,饥饿,0,0.0,9,75.0,1,4.0,22,75.0
5769,2025-01-13 134726,微饿,饥饿,0,0.0,8,78.0,3,13.0,21,82.0
5770,2025-01-13 134726,微饿,饥饿,0,0.0,7,68.0,3,13.0,19,72.0
5772,2025-01-13 134726,微饿,饥饿,0,0.0,6,47.0,3,13.0,17,51.0
5781,2025-01-13 134726,饱腹,饥饿,0,0.0,5,49.0,1,3.0,12,49.0
5782,2025-01-13 134726,饱腹,饥饿,0,0.0,6,70.0,1,3.0,14,70.0
5784,2025-01-13 134726,饱腹,饥饿,0,0.0,10,111.0,2,8.0,24,111.0
5785,2025-01-13 134726,饱腹,饥饿,0,0.0,10,111.0,2,8.0,24,111.0
5786,2025-01-13 134726,饱腹,饥饿,0,0.0,11,116.0,3,13.0,27,116.0
5805,2025-01-13 134726,中性,饱腹,0,0.0,0,0.0,0,0.0,0,0.0
5817,2025-01-13 134726,饱腹,中性,0,0.0,0,0.0,0,0.0,4,262.0
5836,2025-01-13 134726,饱腹,中性,0,0.0,0,0.0,0,0.0,0,0.0
5837,2025-01-13 134726,微饿,中性,0,0.0,0,0.0,0,0.0,0,0.0
5840,2025-01-13 134726,微饿,中性,0,0.0,0,0.0,0,0.0,0,0.0
5841,2025-01-13 134726,微饿,中性,0,0.0,0,0.0,0,0.0,0,0.0
5842,2025-01-13 134726,微饿,中性,0,0.0,0,0.0,0,0.0,0,0.0
5843,2025-01-13 134726,微饿,中性,0,0.0,0,0.0,0,0.0,0,0.0
5844,2025-01-13 134726,饱腹,中性,0,0.0,0,0.0,0,0.0,0,0.0
5845,2025-01-13 134726,微饿,中性,0,0.0,0,0.0,0,0.0,0,0.0
5846,2025-01-13 134726,微饿,中性,0,0.0,0,0.0,0,0.0,0,0.0
5847,2025-01-13 135429,饱腹,微饿,0,0.0,0,0.0,0,0.0,0,0.0
5848,2025-01-13 135429,中性,微饿,0,0.0,0,0.0,0,0.0,0,0.0
5849,2025-01-13 135429,中性,微饿,0,0.0,0,0.0,0,0.0,0,0.0
5850,2025-01-13 135429,饥饿,微饿,0,0.0,0,0.0,0,0.0,0,0.0
5856,2025-01-13 135429,饥饿,微饿,0,0.0,2,14.0,1,1.0,7,15.0
5862,2025-01-13 135429,饥饿,微饿,0,0.0,0,0.0,0,0.0,0,0.0
5863,2025-01-13 135429,饥饿,微饿,0,0.0,0,0.0,0,0.0,0,0.0
5864,2025-01-13 135429,饥饿,微饿,0,0.0,1,9.0,1,2.0,6,15.0
5865,2025-01-13 135429,饥饿,微饿,0,0.0,3,32.0,3,6.0,12,40.0
5866,2025-01-13 135429,饥饿,微饿,0,0.0,6,50.0,5,11.0,20,62.0
5868,2025-01-13 135429,饱腹,饥饿,0,0.0,6,50.0,5,11.0,20,62.0
5869,2025-01-13 135429,微饿,饥饿,0,0.0,6,50.0,5,11.0,20,62.0
5870,2025-01-13 135429,微饿,饥饿,0,0.0,6,50.0,5,11.0,20,62.0
5871,2025-01-13 135429,微饿,饥饿,0,0.0,6,50.0,5,11.0,20,62.0
5873,2025-01-13 135429,微饿,饥饿,0,0.0,6,50.0,6,13.0,22,64.0
5874,2025-01-13 135429,微饿,饥饿,0,0.0,5,41.0,5,11.0,16,49.0
5875,2025-01-13 135429,微饿,饥饿,0,0.0,2,9.0,3,7.0,8,15.0
5877,2025-01-13 135429,微饿,饥饿,1,2.0,0,0.0,1,2.0,4,4.0
5878,2025-01-13 135429,微饿,饥饿,1,2.0,0,0.0,1,2.0,4,4.0
5879,2025-01-13 135429,微饿,饥饿,1,2.0,0,0.0,1,2.0,4,4.0
5883,2025-01-13 135429,微饿,饥饿,2,6.0,0,0.0,0,0.0,4,6.0
5887,2025-01-13 135429,微饿,饥饿,2,14.0,0,0.0,0,0.0,4,14.0
5888,2025-01-13 135429,微饿,饥饿,2,14.0,1,2.0,0,0.0,6,16.0
5894,2025-01-13 135429,微饿,饥饿,1,10.0,1,2.0,0,0.0,4,12.0
5895,2025-01-13 135429,微饿,饥饿,0,0.0,1,2.0,0,0.0,2,2.0
5896,2025-01-13 135429,微饿,饥饿,0,0.0,2,7.0,1,4.0,6,11.0
5897,2025-01-13 135429,微饿,饥饿,0,0.0,2,7.0,1,4.0,6,11.0
5903,2025-01-13 135429,饥饿,饱腹,0,0.0,1,5.0,1,4.0,10,13.0
5905,2025-01-13 135429,中性,饱腹,0,0.0,1,5.0,1,4.0,16,59.0
5906,2025-01-13 135429,中性,饱腹,0,0.0,0,0.0,0,0.0,14,75.0
5907,2025-01-13 135429,中性,饱腹,0,0.0,0,0.0,0,0.0,16,91.0
5908,2025-01-13 135429,中性,饱腹,0,0.0,0,0.0,0,0.0,16,111.0
5909,2025-01-13 135429,中性,饱腹,0,0.0,0,0.0,0,0.0,16,111.0
5910,2025-01-13 135429,中性,饱腹,0,0.0,0,0.0,0,0.0,18,188.0
5911,2025-01-13 135429,中性,饱腹,0,0.0,0,0.0,0,0.0,16,187.0
5912,2025-01-13 135429,中性,饱腹,0,0.0,0,0.0,0,0.0,18,216.0
5913,2025-01-13 135429,中性,饱腹,0,0.0,0,0.0,0,0.0,16,214.0
5916,2025-01-13 135429,中性,饱腹,0,0.0,0,0.0,0,0.0,10,249.0
5917,2025-01-13 135429,中性,饱腹,0,0.0,0,0.0,0,0.0,8,228.0
5918,2025-01-13 135429,中性,饱腹,0,0.0,0,0.0,0,0.0,6,151.0
5919,2025-01-13 135429,中性,饱腹,0,0.0,0,0.0,0,0.0,10,247.0
5920,2025-01-13 135429,中性,饱腹,0,0.0,0,0.0,0,0.0,10,247.0
5921,2025-01-13 135429,中性,饱腹,0,0.0,0,0.0,0,0.0,8,218.0
5922,2025-01-13 135429,中性,饱腹,0,0.0,0,0.0,0,0.0,6,131.0
5923,2025-01-13 135429,中性,饱腹,0,0.0,0,0.0,0,0.0,6,131.0
5924,2025-01-13 135429,中性,饱腹,0,0.0,0,0.0,0,0.0,8,270.0
5925,2025-01-13 135429,中性,饱腹,0,0.0,0,0.0,0,0.0,8,274.0
5926,2025-01-13 135429,中性,饱腹,0,0.0,0,0.0,0,0.0,6,192.0
5927,2025-01-13 135429,中性,饱腹,0,0.0,0,0.0,0,0.0,8,258.0
5949,2025-01-14 134643,饥饿,微饿,10,20.0,0,0.0,0,0.0,20,20.0
5950,2025-01-14 134643,饥饿,微饿,11,23.0,0,0.0,0,0.0,22,23.0
5952,2025-01-14 134643,饥饿,微饿,13,27.0,0,0.0,0,0.0,26,27.0
5958,2025-01-14 134643,饥饿,微饿,13,27.0,0,0.0,0,0.0,26,27.0
5959,2025-01-14 134643,饥饿,微饿,11,22.0,0,0.0,0,0.0,22,22.0
5964,2025-01-14 134643,饥饿,微饿,12,21.0,0,0.0,0,0.0,24,21.0
5965,2025-01-14 134643,饥饿,微饿,12,20.0,0,0.0,0,0.0,24,20.0
5968,2025-01-14 134643,微饿,饥饿,13,22.0,0,0.0,0,0.0,26,22.0
5975,2025-01-14 134643,微饿,饥饿,8,21.0,0,0.0,0,0.0,16,21.0
5978,2025-01-14 134643,微饿,饥饿,4,14.0,0,0.0,0,0.0,8,14.0
5979,2025-01-14 134643,微饿,饥饿,4,14.0,0,0.0,0,0.0,8,14.0
5983,2025-01-14 134643,微饿,饥饿,0,0.0,0,0.0,1,4.0,2,4.0
5985,2025-01-14 134643,微饿,饥饿,1,6.0,3,23.0,1,4.0,8,27.0
5987,2025-01-14 134643,微饿,饥饿,1,6.0,3,23.0,1,4.0,8,27.0
5989,2025-01-14 134643,微饿,饥饿,1,6.0,3,23.0,1,4.0,8,27.0
5991,2025-01-14 134643,微饿,饥饿,1,6.0,3,23.0,1,18.0,8,41.0
5995,2025-01-14 134643,微饿,饥饿,1,2.0,1,12.0,1,18.0,6,32.0
5997,2025-01-14 134643,饱腹,饥饿,1,2.0,5,84.0,4,71.0,18,104.0
6018,2025-01-14 134643,中性,饱腹,0,0.0,0,0.0,0,0.0,4,24.0
6021,2025-01-14 134643,中性,饱腹,0,0.0,0,0.0,0,0.0,4,24.0
6022,2025-01-14 134643,中性,饱腹,0,0.0,0,0.0,0,0.0,2,205.0
6023,2025-01-14 134643,中性,饱腹,0,0.0,0,0.0,0,0.0,2,205.0
6024,2025-01-14 134643,中性,饱腹,0,0.0,0,0.0,0,0.0,2,205.0
6025,2025-01-14 134643,中性,饱腹,0,0.0,0,0.0,0,0.0,0,0.0
6027,2025-01-14 134643,饥饿,饱腹,0,0.0,0,0.0,0,0.0,0,0.0
6028,2025-01-14 134643,微饿,中性,0,0.0,0,0.0,0,0.0,0,0.0
6029,2025-01-14 134643,饥饿,中性,0,0.0,0,0.0,0,0.0,0,0.0
6030,2025-01-14 134643,饥饿,中性,0,0.0,0,0.0,0,0.0,0,0.0
6045,2025-01-14 134643,饱腹,中性,0,0.0,0,0.0,0,0.0,2,93.0
6047,2025-01-14 134643,饱腹,中性,0,0.0,0,0.0,0,0.0,2,93.0
6059,2025-01-14 134951,饥饿,微饿,1,3.0,1,29.0,0,0.0,4,32.0
6060,2025-01-14 134951,饥饿,微饿,1,3.0,1,29.0,0,0.0,4,32.0
6067,2025-01-14 134951,饥饿,微饿,0,0.0,1,29.0,1,1.0,4,30.0
6068,2025-01-14 134951,饥饿,微饿,0,0.0,0,0.0,1,1.0,2,1.0
6070,2025-01-14 134951,饥饿,微饿,0,0.0,0,0.0,2,5.0,4,5.0
6071,2025-01-14 134951,饥饿,微饿,0,0.0,1,9.0,4,20.0,9,20.0
6073,2025-01-14 134951,饥饿,微饿,0,0.0,4,35.0,6,34.0,18,50.0
6074,2025-01-14 134951,饥饿,微饿,0,0.0,5,41.0,7,55.0,22,77.0
6079,2025-01-14 134951,饥饿,微饿,0,0.0,5,41.0,7,57.0,22,79.0
6082,2025-01-14 134951,微饿,饥饿,0,0.0,1,6.0,3,28.0,8,34.0
6083,2025-01-14 134951,微饿,饥饿,0,0.0,1,6.0,1,3.0,4,9.0
6087,2025-01-14 134951,中性,饥饿,0,0.0,0,0.0,0,0.0,0,0.0
6089,2025-01-14 134951,微饿,饥饿,0,0.0,2,48.0,1,34.0,5,48.0
6096,2025-01-14 134951,微饿,饥饿,1,4.0,7,93.0,4,93.0,20,139.0
6097,2025-01-14 134951,微饿,饥饿,1,4.0,7,93.0,4,93.0,20,139.0
6098,2025-01-14 134951,微饿,饥饿,1,4.0,5,45.0,3,59.0,15,91.0
6099,2025-01-14 134951,微饿,饥饿,1,4.0,4,27.0,3,59.0,13,73.0
6100,2025-01-14 134951,微饿,饥饿,1,4.0,2,19.0,2,52.0,9,65.0
6101,2025-01-14 134951,微饿,饥饿,1,4.0,2,19.0,1,10.0,7,23.0
6103,2025-01-14 134951,微饿,饥饿,1,4.0,0,0.0,0,0.0,2,4.0
6104,2025-01-14 134951,微饿,饥饿,1,4.0,0,0.0,0,0.0,2,4.0
6112,2025-01-14 134951,饥饿,饱腹,0,0.0,7,88.0,3,22.0,16,89.0
6122,2025-01-14 134951,中性,饱腹,0,0.0,0,0.0,0,0.0,4,200.0
6123,2025-01-14 134951,中性,饱腹,0,0.0,0,0.0,0,0.0,2,90.0
6124,2025-01-14 134951,中性,饱腹,0,0.0,0,0.0,0,0.0,2,90.0
6125,2025-01-14 134951,中性,饱腹,0,0.0,0,0.0,0,0.0,2,90.0
6126,2025-01-14 134951,中性,饱腹,0,0.0,0,0.0,0,0.0,2,90.0
6127,2025-01-14 134951,中性,饱腹,0,0.0,0,0.0,0,0.0,2,90.0
6128,2025-01-14 134951,中性,饱腹,0,0.0,0,0.0,0,0.0,0,0.0
6140,2025-01-14 134951,饥饿,饱腹,0,0.0,0,0.0,0,0.0,0,0.0
6141,2025-01-14 134951,饥饿,饱腹,0,0.0,0,0.0,0,0.0,0,0.0
6142,2025-01-14 134951,饱腹,中性,0,0.0,0,0.0,0,0.0,0,0.0
6151,2025-01-14 134951,微饿,中性,0,0.0,0,0.0,0,0.0,0,0.0
6153,2025-01-14 134951,微饿,中性,0,0.0,0,0.0,0,0.0,0,0.0
6155,2025-01-14 134951,饱腹,中性,0,0.0,0,0.0,0,0.0,0,0.0
6161,2025-01-14 134951,饥饿,中性,0,0.0,0,0.0,0,0.0,0,0.0
6165,2025-01-14 134951,饥饿,中性,0,0.0,0,0.0,0,0.0,0,0.0
6173,2025-01-15 132037,饥饿,微饿,1,6.0,1,14.0,0,0.0,4,20.0
6175,2025-01-15 132037,饥饿,微饿,1,13.0,1,14.0,2,3.0,8,30.0
6177,2025-01-15 132037,饥饿,微饿,2,16.0,1,14.0,4,6.0,14,36.0
6179,2025-01-15 132037,饥饿,微饿,2,16.0,0,0.0,5,10.0,14,26.0
6180,2025-01-15 132037,饥饿,微饿,2,16.0,0,0.0,5,10.0,14,26.0
6181,2025-01-15 132037,饥饿,微饿,2,16.0,0,0.0,5,10.0,14,26.0
6182,2025-01-15 132037,饥饿,微饿,2,16.0,0,0.0,5,10.0,14,26.0
6183,2025-01-15 132037,饥饿,微饿,2,16.0,0,0.0,5,10.0,14,26.0
6184,2025-01-15 132037,饥饿,微饿,2,16.0,0,0.0,4,8.0,12,24.0
6185,2025-01-15 132037,饥饿,微饿,2,6.0,0,0.0,3,7.0,10,13.0
6186,2025-01-15 132037,饥饿,微饿,1,3.0,0,0.0,2,5.0,6,8.0
6187,2025-01-15 132037,饥饿,微饿,1,3.0,0,0.0,1,4.0,4,7.0
6188,2025-01-15 132037,饥饿,微饿,1,3.0,0,0.0,0,0.0,2,3.0
6189,2025-01-15 132037,饥饿,微饿,1,3.0,0,0.0,0,0.0,2,3.0
6190,2025-01-15 132037,饥饿,微饿,1,3.0,0,0.0,0,0.0,2,3.0
6191,2025-01-15 132037,饥饿,微饿,1,3.0,0,0.0,0,0.0,2,3.0
6192,2025-01-15 132037,饥饿,微饿,1,3.0,0,0.0,0,0.0,2,3.0
6193,2025-01-15 132037,饥饿,微饿,1,3.0,0,0.0,0,0.0,2,3.0
6194,2025-01-15 132037,饥饿,微饿,1,3.0,0,0.0,0,0.0,2,3.0
6195,2025-01-15 132037,中性,微饿,0,0.0,0,0.0,0,0.0,0,0.0
6196,2025-01-15 132037,中性,微饿,0,0.0,0,0.0,0,0.0,0,0.0
6197,2025-01-15 132037,中性,饥饿,0,0.0,0,0.0,0,0.0,0,0.0
6198,2025-01-15 132037,中性,饥饿,0,0.0,0,0.0,0,0.0,0,0.0
6199,2025-01-15 132037,饱腹,饥饿,0,0.0,0,0.0,0,0.0,0,0.0
6200,2025-01-15 132037,微饿,饥饿,0,0.0,0,0.0,0,0.0,0,0.0
6205,2025-01-15 132037,微饿,饥饿,0,0.0,0,0.0,2,6.0,4,6.0
6209,2025-01-15 132037,微饿,饥饿,2,19.0,0,0.0,2,6.0,8,25.0
6211,2025-01-15 132037,微饿,饥饿,4,24.0,0,0.0,1,2.0,10,26.0
6215,2025-01-15 132037,微饿,饥饿,5,27.0,3,15.0,0,0.0,16,42.0
6220,2025-01-15 132037,微饿,饥饿,10,26.0,3,15.0,0,0.0,26,41.0
6221,2025-01-15 132037,微饿,饥饿,12,31.0,2,4.0,0,0.0,28,35.0
6222,2025-01-15 132037,微饿,饥饿,14,46.0,2,4.0,0,0.0,32,50.0
6224,2025-01-15 132037,微饿,饥饿,19,68.0,1,2.0,0,0.0,40,70.0
6225,2025-01-15 132037,微饿,饥饿,21,71.0,0,0.0,0,0.0,42,71.0
6226,2025-01-15 132037,微饿,饥饿,23,77.0,0,0.0,0,0.0,46,77.0
6242,2025-01-15 132037,饥饿,饱腹,0,0.0,0,0.0,0,0.0,0,0.0
6243,2025-01-15 132037,饥饿,饱腹,0,0.0,0,0.0,0,0.0,0,0.0
6245,2025-01-15 132037,微饿,饱腹,0,0.0,0,0.0,0,0.0,0,0.0
6246,2025-01-15 132037,中性,饱腹,0,0.0,0,0.0,0,0.0,0,0.0
6249,2025-01-15 132037,中性,饱腹,0,0.0,0,0.0,0,0.0,0,0.0
6250,2025-01-15 132037,中性,饱腹,0,0.0,0,0.0,0,0.0,0,0.0
6252,2025-01-15 132037,中性,饱腹,0,0.0,0,0.0,0,0.0,0,0.0
6254,2025-01-15 132037,中性,饱腹,0,0.0,0,0.0,0,0.0,0,0.0
6255,2025-01-15 132037,微饿,饱腹,0,0.0,0,0.0,0,0.0,0,0.0
6256,2025-01-15 132037,中性,饱腹,0,0.0,0,0.0,0,0.0,0,0.0
6259,2025-01-15 132037,微饿,中性,0,0.0,0,0.0,0,0.0,0,0.0
6261,2025-01-15 132037,微饿,中性,0,0.0,0,0.0,0,0.0,0,0.0
6264,2025-01-15 132037,微饿,中性,0,0.0,0,0.0,0,0.0,0,0.0
6265,2025-01-15 132037,饱腹,中性,0,0.0,0,0.0,0,0.0,0,0.0
6266,2025-01-15 132037,微饿,中性,0,0.0,0,0.0,0,0.0,0,0.0
6267,2025-01-15 132037,微饿,中性,0,0.0,0,0.0,0,0.0,0,0.0
6272,2025-01-15 132037,微饿,中性,0,0.0,0,0.0,0,0.0,0,0.0
6289,2025-01-16 133206,饥饿,微饿,0,0.0,3,32.0,0,0.0,7,32.0
6295,2025-01-16 133206,饥饿,微饿,0,0.0,2,17.0,0,0.0,4,17.0
6298,2025-01-16 133206,饥饿,微饿,0,0.0,1,6.0,0,0.0,2,6.0
6301,2025-01-16 133206,饱腹,微饿,0,0.0,0,0.0,0,0.0,0,0.0
6302,2025-01-16 133206,饱腹,微饿,0,0.0,0,0.0,0,0.0,0,0.0
6303,2025-01-16 133206,饱腹,微饿,0,0.0,0,0.0,0,0.0,0,0.0
6305,2025-01-16 133206,饥饿,微饿,0,0.0,0,0.0,0,0.0,0,0.0
6306,2025-01-16 133206,饥饿,微饿,0,0.0,0,0.0,0,0.0,0,0.0
6308,2025-01-16 133206,饥饿,微饿,0,0.0,1,14.0,0,0.0,2,14.0
6329,2025-01-16 133206,微饿,饥饿,0,0.0,7,112.0,3,14.0,14,112.0
6331,2025-01-16 133206,微饿,饥饿,0,0.0,7,118.0,3,14.0,14,118.0
6335,2025-01-16 133206,微饿,饥饿,0,0.0,5,108.0,2,12.0,10,108.0
6336,2025-01-16 133206,微饿,饥饿,0,0.0,6,129.0,2,12.0,12,129.0
6357,2025-01-16 133206,中性,饱腹,0,0.0,0,0.0,0,0.0,4,91.0
6358,2025-01-16 133206,中性,饱腹,0,0.0,0,0.0,0,0.0,2,85.0
6359,2025-01-16 133206,中性,饱腹,0,0.0,0,0.0,0,0.0,2,138.0
6360,2025-01-16 133206,中性,饱腹,0,0.0,0,0.0,0,0.0,2,138.0
6362,2025-01-16 133206,中性,饱腹,0,0.0,0,0.0,0,0.0,2,138.0
6363,2025-01-16 133206,中性,饱腹,0,0.0,0,0.0,0,0.0,2,138.0
6366,2025-01-16 133206,中性,饱腹,0,0.0,0,0.0,0,0.0,2,169.0
6368,2025-01-16 133206,中性,饱腹,0,0.0,0,0.0,0,0.0,2,169.0
6369,2025-01-16 133206,饱腹,中性,0,0.0,0,0.0,0,0.0,2,169.0
6370,2025-01-16 133206,饱腹,中性,0,0.0,0,0.0,0,0.0,0,0.0
6372,2025-01-16 133206,饱腹,中性,0,0.0,0,0.0,0,0.0,2,118.0
6373,2025-01-16 133206,饱腹,中性,0,0.0,0,0.0,0,0.0,2,118.0
6374,2025-01-16 133206,饱腹,中性,0,0.0,0,0.0,0,0.0,2,118.0
6377,2025-01-16 133206,饱腹,中性,0,0.0,0,0.0,0,0.0,2,115.0
6378,2025-01-16 133206,饱腹,中性,0,0.0,0,0.0,0,0.0,2,115.0
6379,2025-01-16 133206,饱腹,中性,0,0.0,0,0.0,0,0.0,2,115.0
6380,2025-01-16 133206,饱腹,中性,0,0.0,0,0.0,0,0.0,4,167.0
6381,2025-01-16 133206,饱腹,中性,0,0.0,0,0.0,0,0.0,4,167.0
6383,2025-01-16 133206,饱腹,中性,0,0.0,0,0.0,0,0.0,2,52.0
6384,2025-01-16 133206,饱腹,中性,0,0.0,0,0.0,0,0.0,4,162.0
6387,2025-01-16 133206,饱腹,中性,0,0.0,0,0.0,0,0.0,4,162.0
6399,2025-01-16 102653,中性,微饿,0,0.0,0,0.0,0,0.0,0,0.0
6400,2025-01-16 102653,中性,微饿,0,0.0,0,0.0,0,0.0,0,0.0
6401,2025-01-16 102653,中性,微饿,0,0.0,0,0.0,0,0.0,0,0.0
6402,2025-01-16 102653,饥饿,微饿,1,9.0,0,0.0,0,0.0,3,9.0
6407,2025-01-16 102653,饥饿,微饿,2,16.0,0,0.0,0,0.0,5,16.0
6408,2025-01-16 102653,饥饿,微饿,2,16.0,0,0.0,0,0.0,5,16.0
6409,2025-01-16 102653,饥饿,微饿,2,16.0,0,0.0,0,0.0,5,16.0
6410,2025-01-16 102653,饥饿,微饿,2,16.0,0,0.0,0,0.0,5,16.0
6411,2025-01-16 102653,饥饿,微饿,1,7.0,0,0.0,0,0.0,2,7.0
6412,2025-01-16 102653,饥饿,微饿,1,7.0,0,0.0,0,0.0,2,7.0
6413,2025-01-16 102653,饥饿,微饿,1,7.0,0,0.0,0,0.0,2,7.0
6414,2025-01-16 102653,饥饿,微饿,1,7.0,0,0.0,0,0.0,2,7.0
6415,2025-01-16 102653,中性,微饿,0,0.0,0,0.0,0,0.0,0,0.0
6416,2025-01-16 102653,中性,微饿,0,0.0,0,0.0,0,0.0,0,0.0
6417,2025-01-16 102653,饥饿,微饿,1,5.0,0,0.0,0,0.0,2,5.0
6418,2025-01-16 102653,饥饿,微饿,1,5.0,0,0.0,0,0.0,2,5.0
6419,2025-01-16 102653,饥饿,微饿,1,5.0,0,0.0,0,0.0,2,5.0
6426,2025-01-16 102653,微饿,饥饿,1,5.0,0,0.0,0,0.0,2,5.0
6427,2025-01-16 102653,中性,饥饿,0,0.0,0,0.0,0,0.0,0,0.0
6428,2025-01-16 102653,饱腹,饥饿,0,0.0,0,0.0,0,0.0,0,0.0
6429,2025-01-16 102653,中性,饥饿,0,0.0,0,0.0,0,0.0,0,0.0
6430,2025-01-16 102653,中性,饥饿,0,0.0,0,0.0,0,0.0,0,0.0
6431,2025-01-16 102653,微饿,饥饿,0,0.0,1,18.0,0,0.0,2,18.0
6433,2025-01-16 102653,微饿,饥饿,0,0.0,1,18.0,0,0.0,2,18.0
6435,2025-01-16 102653,微饿,饥饿,0,0.0,1,18.0,0,0.0,2,18.0
6436,2025-01-16 102653,微饿,饥饿,0,0.0,1,18.0,0,0.0,2,18.0
6437,2025-01-16 102653,微饿,饥饿,0,0.0,1,18.0,0,0.0,2,18.0
6438,2025-01-16 102653,微饿,饥饿,0,0.0,1,18.0,0,0.0,2,18.0
6440,2025-01-16 102653,中性,饥饿,0,0.0,0,0.0,0,0.0,0,0.0
6441,2025-01-16 102653,中性,饥饿,0,0.0,0,0.0,0,0.0,0,0.0
6442,2025-01-16 102653,中性,饥饿,0,0.0,0,0.0,0,0.0,0,0.0
6443,2025-01-16 102653,中性,饥饿,0,0.0,0,0.0,0,0.0,0,0.0
6444,2025-01-16 102653,中性,饥饿,0,0.0,0,0.0,0,0.0,0,0.0
6445,2025-01-16 102653,中性,饥饿,0,0.0,0,0.0,0,0.0,0,0.0
6446,2025-01-16 102653,中性,饥饿,0,0.0,0,0.0,0,0.0,0,0.0
6447,2025-01-16 102653,中性,饥饿,0,0.0,0,0.0,0,0.0,0,0.0
6448,2025-01-16 102653,中性,饥饿,0,0.0,0,0.0,0,0.0,0,0.0
6449,2025-01-16 102653,饱腹,饥饿,0,0.0,0,0.0,0,0.0,0,0.0
6471,2025-01-16 102653,中性,饱腹,0,0.0,0,0.0,0,0.0,6,204.0
6472,2025-01-16 102653,中性,饱腹,0,0.0,0,0.0,0,0.0,4,185.0
6473,2025-01-16 102653,中性,饱腹,0,0.0,0,0.0,0,0.0,4,185.0
6474,2025-01-16 102653,中性,饱腹,0,0.0,0,0.0,0,0.0,4,185.0
6475,2025-01-16 102653,中性,饱腹,0,0.0,0,0.0,0,0.0,2,94.0
6476,2025-01-16 102653,中性,饱腹,0,0.0,0,0.0,0,0.0,2,94.0
6477,2025-01-16 102653,中性,饱腹,0,0.0,0,0.0,0,0.0,2,94.0
6478,2025-01-16 102653,微饿,饱腹,0,0.0,0,0.0,0,0.0,0,0.0
6479,2025-01-16 102653,微饿,饱腹,0,0.0,0,0.0,0,0.0,0,0.0
6480,2025-01-16 102653,微饿,中性,0,0.0,0,0.0,0,0.0,0,0.0
6482,2025-01-16 102653,饱腹,中性,0,0.0,0,0.0,0,0.0,0,0.0
6483,2025-01-16 102653,饱腹,中性,0,0.0,0,0.0,0,0.0,0,0.0
6484,2025-01-16 102653,饱腹,中性,0,0.0,0,0.0,0,0.0,0,0.0
6486,2025-01-16 102653,饱腹,中性,0,0.0,0,0.0,0,0.0,0,0.0
6487,2025-01-16 102653,饱腹,中性,0,0.0,0,0.0,0,0.0,0,0.0
6488,2025-01-16 102653,饱腹,中性,0,0.0,0,0.0,0,0.0,2,166.0
6503,2025-01-16 102653,饱腹,中性,0,0.0,0,0.0,0,0.0,11,133.0
6510,2025-01-16 082641,饥饿,微饿,0,0.0,19,165.0,10,86.0,42,165.0
6511,2025-01-16 082641,饥饿,微饿,0,0.0,19,165.0,10,86.0,42,165.0
6512,2025-01-16 082641,饥饿,微饿,0,0.0,19,190.0,10,86.0,41,190.0
6513,2025-01-16 082641,饥饿,微饿,0,0.0,21,216.0,12,105.0,45,216.0
6514,2025-01-16 082641,饥饿,微饿,0,0.0,25,220.0,15,105.0,55,220.0
6515,2025-01-16 082641,饥饿,微饿,0,0.0,26,214.0,15,87.0,58,214.0
6516,2025-01-16 082641,饥饿,微饿,0,0.0,26,212.0,15,87.0,58,212.0
6517,2025-01-16 082641,饥饿,微饿,0,0.0,29,219.0,18,97.0,66,219.0
6518,2025-01-16 082641,饥饿,微饿,0,0.0,27,225.0,18,116.0,62,225.0
6519,2025-01-16 082641,饥饿,微饿,0,0.0,28,233.0,18,116.0,64,233.0
6520,2025-01-16 082641,饥饿,微饿,0,0.0,28,233.0,18,116.0,64,233.0
6521,2025-01-16 082641,饥饿,微饿,0,0.0,33,268.0,22,188.0,77,268.0
6522,2025-01-16 082641,饥饿,微饿,0,0.0,37,294.0,23,204.0,87,294.0
6523,2025-01-16 082641,饥饿,微饿,0,0.0,38,292.0,23,203.0,90,292.0
6524,2025-01-16 082641,饥饿,微饿,0,0.0,34,273.0,20,191.0,80,273.0
6525,2025-01-16 082641,饥饿,微饿,0,0.0,31,258.0,18,185.0,73,258.0
6526,2025-01-16 082641,饥饿,微饿,0,0.0,28,295.0,15,222.0,66,295.0
6527,2025-01-16 082641,饥饿,微饿,0,0.0,23,267.0,11,195.0,54,267.0
6528,2025-01-16 082641,饥饿,微饿,0,0.0,20,234.0,9,170.0,47,234.0
6529,2025-01-16 082641,饥饿,微饿,0,0.0,19,172.0,8,108.0,44,172.0
6530,2025-01-16 082641,饥饿,微饿,0,0.0,19,172.0,8,108.0,44,172.0
6560,2025-01-16 082641,微饿,饥饿,0,0.0,7,110.0,3,63.0,18,115.0
6573,2025-01-16 082641,中性,饱腹,0,0.0,0,0.0,0,0.0,4,67.0
6574,2025-01-16 082641,中性,饱腹,0,0.0,0,0.0,0,0.0,4,67.0
6575,2025-01-16 082641,中性,饱腹,0,0.0,0,0.0,0,0.0,4,67.0
6576,2025-01-16 082641,中性,饱腹,0,0.0,0,0.0,0,0.0,4,67.0
6577,2025-01-16 082641,中性,饱腹,0,0.0,0,0.0,0,0.0,4,67.0
6578,2025-01-16 082641,中性,饱腹,0,0.0,0,0.0,0,0.0,6,188.0
6579,2025-01-16 082641,中性,饱腹,0,0.0,0,0.0,0,0.0,6,188.0
6580,2025-01-16 082641,中性,饱腹,0,0.0,0,0.0,0,0.0,6,188.0
6581,2025-01-16 082641,中性,饱腹,0,0.0,0,0.0,0,0.0,4,179.0
6582,2025-01-16 082641,中性,饱腹,0,0.0,0,0.0,0,0.0,4,179.0
6584,2025-01-16 082641,中性,饱腹,0,0.0,0,0.0,0,0.0,4,99.0
6585,2025-01-16 082641,中性,饱腹,0,0.0,0,0.0,0,0.0,4,99.0
6587,2025-01-16 082641,中性,饱腹,0,0.0,0,0.0,0,0.0,6,203.0
6588,2025-01-16 082641,中性,饱腹,0,0.0,0,0.0,0,0.0,6,203.0
6590,2025-01-16 082641,中性,饱腹,0,0.0,0,0.0,0,0.0,4,145.0
6596,2025-01-16 082641,饱腹,中性,0,0.0,0,0.0,0,0.0,6,159.0
6598,2025-01-16 082641,饱腹,中性,0,0.0,0,0.0,0,0.0,8,201.0
6599,2025-01-16 082641,饱腹,中性,0,0.0,0,0.0,0,0.0,8,123.0
6600,2025-01-16 082641,饱腹,中性,0,0.0,0,0.0,0,0.0,8,123.0
6601,2025-01-16 082641,饱腹,中性,0,0.0,0,0.0,0,0.0,10,187.0
6609,2025-01-16 082641,饱腹,中性,0,0.0,0,0.0,0,0.0,2,63.0
6611,2025-01-16 082641,饥饿,中性,0,0.0,0,0.0,0,0.0,0,0.0
6621,2025-01-17 103446,饥饿,微饿,0,0.0,4,44.0,1,21.0,10,44.0
6622,2025-01-17 103446,饥饿,微饿,0,0.0,4,44.0,1,21.0,10,44.0
6623,2025-01-17 103446,饥饿,微饿,0,0.0,4,44.0,1,21.0,10,44.0
6624,2025-01-17 103446,饥饿,微饿,0,0.0,4,44.0,1,21.0,10,44.0
6625,2025-01-17 103446,饥饿,微饿,0,0.0,4,44.0,1,21.0,10,44.0
6626,2025-01-17 103446,饥饿,微饿,0,0.0,4,44.0,1,21.0,10,44.0
6628,2025-01-17 103446,饥饿,微饿,0,0.0,7,70.0,3,36.0,16,70.0
6629,2025-01-17 103446,饥饿,微饿,0,0.0,7,70.0,3,36.0,16,70.0
6630,2025-01-17 103446,饥饿,微饿,0,0.0,4,31.0,2,15.0,9,31.0
6631,2025-01-17 103446,饥饿,微饿,0,0.0,4,31.0,3,21.0,11,37.0
6644,2025-01-17 103446,饥饿,微饿,0,0.0,2,39.0,0,0.0,4,39.0
6645,2025-01-17 103446,饥饿,微饿,0,0.0,1,16.0,0,0.0,2,16.0
6646,2025-01-17 103446,饱腹,微饿,0,0.0,0,0.0,0,0.0,0,0.0
6647,2025-01-17 103446,饱腹,微饿,0,0.0,0,0.0,0,0.0,0,0.0
6648,2025-01-17 103446,饱腹,微饿,0,0.0,0,0.0,0,0.0,0,0.0
6649,2025-01-17 103446,饱腹,微饿,0,0.0,0,0.0,0,0.0,0,0.0
6650,2025-01-17 103446,饱腹,饥饿,0,0.0,0,0.0,0,0.0,0,0.0
6651,2025-01-17 103446,饱腹,饥饿,0,0.0,0,0.0,0,0.0,0,0.0
6652,2025-01-17 103446,饱腹,饥饿,0,0.0,0,0.0,0,0.0,0,0.0
6656,2025-01-17 103446,微饿,饥饿,0,0.0,5,39.0,0,0.0,10,39.0
6661,2025-01-17 103446,微饿,饥饿,0,0.0,6,56.0,0,0.0,12,56.0
6662,2025-01-17 103446,微饿,饥饿,0,0.0,6,56.0,0,0.0,12,56.0
6663,2025-01-17 103446,微饿,饥饿,0,0.0,3,31.0,0,0.0,6,31.0
6664,2025-01-17 103446,微饿,饥饿,0,0.0,2,29.0,0,0.0,4,29.0
6665,2025-01-17 103446,微饿,饥饿,0,0.0,2,27.0,0,0.0,4,27.0
6668,2025-01-17 103446,微饿,饥饿,0,0.0,2,36.0,0,0.0,4,36.0
6669,2025-01-17 103446,微饿,饥饿,0,0.0,2,36.0,0,0.0,4,36.0
6670,2025-01-17 103446,微饿,饥饿,0,0.0,2,36.0,0,0.0,4,36.0
6671,2025-01-17 103446,微饿,饥饿,0,0.0,2,36.0,0,0.0,4,36.0
6672,2025-01-17 103446,微饿,饥饿,0,0.0,3,48.0,0,0.0,6,48.0
6673,2025-01-17 103446,微饿,饥饿,0,0.0,3,48.0,0,0.0,6,48.0
6674,2025-01-17 103446,微饿,饥饿,0,0.0,2,38.0,0,0.0,4,38.0
6675,2025-01-17 103446,微饿,饥饿,0,0.0,2,38.0,0,0.0,4,38.0
6676,2025-01-17 103446,微饿,饥饿,0,0.0,2,38.0,0,0.0,4,38.0
6678,2025-01-17 103446,微饿,饥饿,0,0.0,2,29.0,0,0.0,4,29.0
6679,2025-01-17 103446,微饿,饥饿,0,0.0,2,29.0,0,0.0,4,29.0
6690,2025-01-17 103446,中性,饱腹,0,0.0,0,0.0,0,0.0,0,0.0
6700,2025-01-17 103446,中性,饱腹,0,0.0,0,0.0,0,0.0,8,205.0
6702,2025-01-17 103446,中性,饱腹,0,0.0,0,0.0,0,0.0,4,105.0
6703,2025-01-17 103446,中性,饱腹,0,0.0,0,0.0,0,0.0,6,225.0
6705,2025-01-17 103446,中性,饱腹,0,0.0,0,0.0,0,0.0,4,223.0
6706,2025-01-17 103446,中性,饱腹,0,0.0,0,0.0,0,0.0,2,120.0
6707,2025-01-17 103446,中性,饱腹,0,0.0,0,0.0,0,0.0,2,120.0
6708,2025-01-17 103446,中性,饱腹,0,0.0,0,0.0,0,0.0,2,120.0
6717,2025-01-17 103446,饱腹,中性,0,0.0,0,0.0,0,0.0,0,0.0
6719,2025-01-17 103446,饱腹,中性,0,0.0,0,0.0,0,0.0,0,0.0
6720,2025-01-17 103446,饱腹,中性,0,0.0,0,0.0,0,0.0,0,0.0
6722,2025-01-17 103446,饱腹,中性,0,0.0,0,0.0,0,0.0,0,0.0
6725,2025-01-17 103446,饱腹,中性,0,0.0,0,0.0,0,0.0,0,0.0
6726,2025-01-17 103446,饱腹,中性,0,0.0,0,0.0,0,0.0,0,0.0
6727,2025-01-17 103446,饱腹,中性,0,0.0,0,0.0,0,0.0,0,0.0
6732,2025-01-17 103446,饱腹,中性,0,0.0,0,0.0,0,0.0,0,0.0
6733,2025-01-17 103446,饱腹,中性,0,0.0,0,0.0,0,0.0,0,0.0
6734,2025-01-17 103446,饱腹,中性,0,0.0,0,0.0,0,0.0,0,0.0
6735,2025-01-17 103446,饱腹,中性,0,0.0,0,0.0,0,0.0,0,0.0
6738,2025-01-17 103446,饱腹,中性,0,0.0,0,0.0,0,0.0,0,0.0
6741,2025-01-17 103640,饥饿,微饿,0,0.0,9,93.0,3,10.0,21,101.0
6743,2025-01-17 103640,饥饿,微饿,0,0.0,8,65.0,3,10.0,18,73.0
6744,2025-01-17 103640,饥饿,微饿,0,0.0,9,110.0,3,10.0,20,118.0
6745,2025-01-17 103640,饥饿,微饿,0,0.0,9,110.0,3,10.0,20,118.0
6748,2025-01-17 103640,饥饿,微饿,0,0.0,5,111.0,1,3.0,12,119.0
6749,2025-01-17 103640,饥饿,微饿,0,0.0,5,118.0,1,3.0,10,118.0
6750,2025-01-17 103640,饥饿,微饿,0,0.0,3,108.0,0,0.0,6,108.0
6751,2025-01-17 103640,饥饿,微饿,0,0.0,4,134.0,0,0.0,8,134.0
6753,2025-01-17 103640,饥饿,微饿,0,0.0,3,89.0,0,0.0,6,89.0
6759,2025-01-17 103640,饥饿,微饿,0,0.0,5,101.0,1,15.0,10,101.0
6764,2025-01-17 103640,饥饿,微饿,0,0.0,2,85.0,0,0.0,4,85.0
6765,2025-01-17 103640,饥饿,微饿,0,0.0,3,100.0,0,0.0,6,100.0
6766,2025-01-17 103640,饥饿,微饿,0,0.0,3,100.0,0,0.0,6,100.0
6813,2025-01-17 103640,中性,饱腹,0,0.0,0,0.0,0,0.0,4,209.0
6820,2025-01-17 103640,中性,饱腹,0,0.0,0,0.0,0,0.0,2,183.0
6822,2025-01-17 103640,中性,饱腹,0,0.0,0,0.0,0,0.0,2,183.0
6823,2025-01-17 103640,中性,饱腹,0,0.0,0,0.0,0,0.0,4,253.0
6824,2025-01-17 103640,中性,饱腹,0,0.0,0,0.0,0,0.0,2,70.0
6825,2025-01-17 103640,中性,饱腹,0,0.0,0,0.0,0,0.0,2,70.0
6826,2025-01-17 103640,中性,饱腹,0,0.0,0,0.0,0,0.0,2,70.0
6843,2025-01-17 103640,饱腹,中性,0,0.0,0,0.0,0,0.0,4,224.0
6845,2025-01-17 103640,饱腹,中性,0,0.0,0,0.0,0,0.0,4,202.0
6847,2025-01-17 103640,饱腹,中性,0,0.0,0,0.0,0,0.0,4,202.0
6854,2025-01-19 105845,饥饿,微饿,0,0.0,1,249.0,2,260.0,6,260.0
6855,2025-01-19 105845,中性,微饿,0,0.0,0,0.0,0,0.0,0,0.0
6856,2025-01-19 105845,饥饿,微饿,0,0.0,0,0.0,0,0.0,0,0.0
6857,2025-01-19 105845,饥饿,微饿,0,0.0,0,0.0,0,0.0,0,0.0
6858,2025-01-19 105845,中性,微饿,0,0.0,0,0.0,0,0.0,0,0.0
6859,2025-01-19 105845,中性,微饿,0,0.0,0,0.0,0,0.0,0,0.0
6860,2025-01-19 105845,饥饿,微饿,0,0.0,0,0.0,0,0.0,0,0.0
6861,2025-01-19 105845,中性,微饿,0,0.0,0,0.0,0,0.0,0,0.0
6869,2025-01-19 105845,饥饿,微饿,4,53.0,2,40.0,1,35.0,9,53.0
6874,2025-01-19 105845,微饿,饥饿,3,44.0,2,42.0,1,35.0,9,51.0
6876,2025-01-19 105845,微饿,饥饿,4,50.0,4,53.0,1,35.0,15,68.0
6877,2025-01-19 105845,微饿,饥饿,6,54.0,5,56.0,1,35.0,19,72.0
6879,2025-01-19 105845,微饿,饥饿,6,26.0,7,51.0,0,0.0,24,74.0
6880,2025-01-19 105845,微饿,饥饿,6,26.0,8,66.0,0,0.0,26,89.0
6881,2025-01-19 105845,微饿,饥饿,6,26.0,8,66.0,0,0.0,26,89.0
6883,2025-01-19 105845,微饿,饥饿,5,20.0,7,59.0,0,0.0,22,76.0
6885,2025-01-19 105845,微饿,饥饿,5,31.0,10,104.0,2,40.0,26,112.0
6886,2025-01-19 105845,微饿,饥饿,4,28.0,9,112.0,2,40.0,24,120.0
6891,2025-01-19 105845,微饿,饥饿,2,20.0,7,108.0,2,40.0,18,121.0
6902,2025-01-19 105845,微饿,饥饿,2,7.0,4,38.0,0,0.0,8,38.0
6911,2025-01-19 105845,饥饿,饱腹,1,32.0,1,32.0,0,0.0,6,34.0
6912,2025-01-19 105845,中性,饱腹,0,0.0,0,0.0,0,0.0,0,0.0
6915,2025-01-19 105845,中性,饱腹,0,0.0,0,0.0,0,0.0,0,0.0
6917,2025-01-19 105845,中性,饱腹,0,0.0,0,0.0,0,0.0,0,0.0
6918,2025-01-19 105845,中性,饱腹,0,0.0,0,0.0,0,0.0,0,0.0
6919,2025-01-19 105845,中性,饱腹,0,0.0,0,0.0,0,0.0,0,0.0
6920,2025-01-19 105845,中性,饱腹,0,0.0,0,0.0,0,0.0,0,0.0
6921,2025-01-19 105845,中性,饱腹,0,0.0,0,0.0,0,0.0,0,0.0
6922,2025-01-19 105845,中性,饱腹,0,0.0,0,0.0,0,0.0,2,256.0
6923,2025-01-19 105845,中性,饱腹,0,0.0,0,0.0,0,0.0,2,256.0
6924,2025-01-19 105845,中性,饱腹,0,0.0,0,0.0,0,0.0,0,0.0
6925,2025-01-19 105845,中性,饱腹,0,0.0,0,0.0,0,0.0,0,0.0
6926,2025-01-19 105845,中性,饱腹,0,0.0,0,0.0,0,0.0,0,0.0
6927,2025-01-19 105845,中性,饱腹,0,0.0,0,0.0,0,0.0,0,0.0
6928,2025-01-19 105845,中性,饱腹,0,0.0,0,0.0,0,0.0,0,0.0
6930,2025-01-19 105845,中性,饱腹,0,0.0,0,0.0,0,0.0,4,209.0
6934,2025-01-19 105845,饱腹,中性,0,0.0,0,0.0,0,0.0,2,15.0
6935,2025-01-19 105845,饱腹,中性,0,0.0,0,0.0,0,0.0,2,15.0
6936,2025-01-19 105845,饱腹,中性,0,0.0,0,0.0,0,0.0,2,15.0
6937,2025-01-19 105845,饱腹,中性,0,0.0,0,0.0,0,0.0,2,15.0
6938,2025-01-19 105845,饱腹,中性,0,0.0,0,0.0,0,0.0,2,15.0
6947,2025-01-19 105845,微饿,中性,0,0.0,0,0.0,0,0.0,0,0.0
6955,2025-01-19 105845,微饿,中性,0,0.0,0,0.0,0,0.0,0,0.0
6960,2025-01-21 133630,饥饿,微饿,0,0.0,12,81.0,9,63.0,37,118.0
6961,2025-01-21 133630,饱腹,微饿,0,0.0,12,153.0,10,138.0,37,190.0
6962,2025-01-21 133630,饱腹,微饿,0,0.0,12,153.0,10,138.0,37,190.0
6963,2025-01-21 133630,饥饿,微饿,0,0.0,12,153.0,10,138.0,35,171.0
6965,2025-01-21 133630,饱腹,微饿,0,0.0,14,178.0,10,153.0,33,184.0
6969,2025-01-21 133630,饥饿,微饿,0,0.0,9,151.0,6,52.0,19,151.0
6970,2025-01-21 133630,饥饿,微饿,0,0.0,11,161.0,7,55.0,23,161.0
6972,2025-01-21 133630,饥饿,微饿,0,0.0,18,214.0,12,93.0,39,214.0
6974,2025-01-21 133630,饥饿,微饿,1,9.0,23,251.0,13,106.0,50,251.0
6975,2025-01-21 133630,饥饿,微饿,1,9.0,20,156.0,12,105.0,44,156.0
6983,2025-01-21 133630,微饿,饥饿,0,0.0,3,5.0,1,2.0,6,5.0
6987,2025-01-21 133630,微饿,饥饿,1,1.0,0,0.0,2,7.0,6,8.0
6995,2025-01-21 133630,微饿,饥饿,4,17.0,0,0.0,2,6.0,12,23.0
7001,2025-01-21 133630,中性,饥饿,0,0.0,0,0.0,0,0.0,0,0.0
7002,2025-01-21 133630,中性,饥饿,0,0.0,0,0.0,0,0.0,0,0.0
7003,2025-01-21 133630,中性,饥饿,0,0.0,0,0.0,0,0.0,0,0.0
7004,2025-01-21 133630,饱腹,饥饿,0,0.0,0,0.0,0,0.0,0,0.0
7005,2025-01-21 133630,饱腹,饥饿,0,0.0,0,0.0,0,0.0,0,0.0
7006,2025-01-21 133630,饱腹,饥饿,0,0.0,0,0.0,0,0.0,0,0.0
7015,2025-01-21 133630,中性,饱腹,0,0.0,0,0.0,0,0.0,0,0.0
7016,2025-01-21 133630,中性,饱腹,0,0.0,0,0.0,0,0.0,0,0.0
7027,2025-01-21 133630,中性,饱腹,0,0.0,0,0.0,0,0.0,14,130.0
7028,2025-01-21 133630,中性,饱腹,0,0.0,0,0.0,0,0.0,12,125.0
7029,2025-01-21 133630,中性,饱腹,0,0.0,0,0.0,0,0.0,8,121.0
7030,2025-01-21 133630,中性,饱腹,0,0.0,0,0.0,0,0.0,12,154.0
7032,2025-01-21 133630,中性,饱腹,0,0.0,0,0.0,0,0.0,16,216.0
7034,2025-01-21 133630,中性,饱腹,0,0.0,0,0.0,0,0.0,18,250.0
7038,2025-01-21 133630,饱腹,中性,0,0.0,0,0.0,0,0.0,12,143.0
7039,2025-01-21 133630,饱腹,中性,0,0.0,0,0.0,0,0.0,12,143.0
7040,2025-01-21 133630,饱腹,中性,0,0.0,0,0.0,0,0.0,8,239.0
7045,2025-01-21 133630,微饿,中性,0,0.0,0,0.0,0,0.0,0,0.0
7049,2025-01-21 133630,饱腹,中性,0,0.0,0,0.0,0,0.0,4,202.0
7050,2025-01-21 133630,饱腹,中性,0,0.0,0,0.0,0,0.0,4,202.0
7051,2025-01-21 133630,饱腹,中性,0,0.0,0,0.0,0,0.0,4,202.0
7056,2025-01-21 133630,饱腹,中性,0,0.0,0,0.0,0,0.0,2,68.0
7057,2025-01-21 133630,微饿,中性,0,0.0,0,0.0,0,0.0,0,0.0
7058,2025-01-21 133630,微饿,中性,0,0.0,0,0.0,0,0.0,0,0.0
7059,2025-01-21 133630,微饿,中性,0,0.0,0,0.0,0,0.0,0,0.0
7063,2025-01-21 133630,饱腹,中性,0,0.0,0,0.0,0,0.0,0,0.0
7067,2025-01-21 082321,饥饿,微饿,0,0.0,0,0.0,1,2.0,3,2.0
7068,2025-01-21 082321,饥饿,微饿,0,0.0,0,0.0,1,2.0,3,2.0
7069,2025-01-21 082321,饥饿,微饿,0,0.0,0,0.0,1,2.0,3,2.0
7071,2025-01-21 082321,饥饿,微饿,0,0.0,0,0.0,1,2.0,3,2.0
7072,2025-01-21 082321,饱腹,微饿,0,0.0,0,0.0,0,0.0,0,0.0
7073,2025-01-21 082321,饱腹,微饿,0,0.0,0,0.0,0,0.0,0,0.0
7076,2025-01-21 082321,饱腹,微饿,0,0.0,0,0.0,0,0.0,0,0.0
7079,2025-01-21 082321,中性,微饿,0,0.0,0,0.0,0,0.0,0,0.0
7080,2025-01-21 082321,饥饿,微饿,0,0.0,1,28.0,0,0.0,2,28.0
7081,2025-01-21 082321,饥饿,微饿,0,0.0,1,28.0,0,0.0,2,28.0
7082,2025-01-21 082321,饥饿,微饿,0,0.0,1,28.0,0,0.0,2,28.0
7083,2025-01-21 082321,饥饿,微饿,0,0.0,1,28.0,0,0.0,2,28.0
7087,2025-01-21 082321,饥饿,微饿,0,0.0,1,28.0,0,0.0,2,28.0
7088,2025-01-21 082321,饥饿,微饿,0,0.0,1,28.0,0,0.0,2,28.0
7089,2025-01-21 082321,中性,微饿,0,0.0,0,0.0,0,0.0,0,0.0
7090,2025-01-21 082321,中性,微饿,0,0.0,0,0.0,0,0.0,0,0.0
7091,2025-01-21 082321,中性,微饿,0,0.0,0,0.0,0,0.0,0,0.0
7092,2025-01-21 082321,中性,饥饿,0,0.0,0,0.0,0,0.0,0,0.0
7093,2025-01-21 082321,饱腹,饥饿,0,0.0,0,0.0,0,0.0,0,0.0
7094,2025-01-21 082321,中性,饥饿,0,0.0,0,0.0,0,0.0,0,0.0
7095,2025-01-21 082321,中性,饥饿,0,0.0,0,0.0,0,0.0,0,0.0
7096,2025-01-21 082321,中性,饥饿,0,0.0,0,0.0,0,0.0,0,0.0
7097,2025-01-21 082321,中性,饥饿,0,0.0,0,0.0,0,0.0,0,0.0
7098,2025-01-21 082321,微饿,饥饿,0,0.0,0,0.0,0,0.0,0,0.0
7099,2025-01-21 082321,微饿,饥饿,0,0.0,0,0.0,0,0.0,0,0.0
7100,2025-01-21 082321,微饿,饥饿,0,0.0,0,0.0,0,0.0,0,0.0
7101,2025-01-21 082321,微饿,饥饿,0,0.0,0,0.0,0,0.0,0,0.0
7102,2025-01-21 082321,微饿,饥饿,0,0.0,0,0.0,0,0.0,0,0.0
7103,2025-01-21 082321,饱腹,饥饿,0,0.0,0,0.0,0,0.0,0,0.0
7104,2025-01-21 082321,中性,饥饿,0,0.0,0,0.0,0,0.0,0,0.0
7105,2025-01-21 082321,中性,饥饿,0,0.0,0,0.0,0,0.0,0,0.0
7106,2025-01-21 082321,微饿,饥饿,0,0.0,0,0.0,0,0.0,0,0.0
7107,2025-01-21 082321,中性,饥饿,0,0.0,0,0.0,0,0.0,0,0.0
7108,2025-01-21 082321,中性,饥饿,0,0.0,0,0.0,0,0.0,0,0.0
7109,2025-01-21 082321,微饿,饥饿,0,0.0,0,0.0,0,0.0,0,0.0
7110,2025-01-21 082321,微饿,饥饿,0,0.0,0,0.0,0,0.0,0,0.0
7111,2025-01-21 082321,中性,饥饿,0,0.0,0,0.0,0,0.0,0,0.0
7112,2025-01-21 082321,微饿,饥饿,0,0.0,0,0.0,0,0.0,0,0.0
7113,2025-01-21 082321,微饿,饥饿,0,0.0,0,0.0,0,0.0,0,0.0
7114,2025-01-21 082321,中性,饥饿,0,0.0,0,0.0,0,0.0,0,0.0
7115,2025-01-21 082321,微饿,饥饿,0,0.0,0,0.0,0,0.0,0,0.0
7116,2025-01-21 082321,微饿,饥饿,0,0.0,0,0.0,0,0.0,0,0.0
7117,2025-01-21 082321,微饿,饥饿,0,0.0,0,0.0,0,0.0,0,0.0
7118,2025-01-21 082321,中性,饥饿,0,0.0,0,0.0,0,0.0,0,0.0
7119,2025-01-21 082321,微饿,饥饿,0,0.0,0,0.0,0,0.0,0,0.0
7121,2025-01-21 082321,饱腹,饥饿,0,0.0,0,0.0,0,0.0,0,0.0
7140,2025-01-21 082321,中性,饱腹,0,0.0,0,0.0,0,0.0,0,0.0
7141,2025-01-21 082321,微饿,饱腹,0,0.0,0,0.0,0,0.0,0,0.0
7142,2025-01-21 082321,中性,饱腹,0,0.0,0,0.0,0,0.0,0,0.0
7143,2025-01-21 082321,中性,饱腹,0,0.0,0,0.0,0,0.0,0,0.0
7146,2025-01-21 082321,中性,饱腹,0,0.0,0,0.0,0,0.0,0,0.0
7148,2025-01-21 082321,中性,饱腹,0,0.0,0,0.0,0,0.0,0,0.0
7149,2025-01-21 082321,中性,饱腹,0,0.0,0,0.0,0,0.0,0,0.0
7150,2025-01-21 082321,中性,饱腹,0,0.0,0,0.0,0,0.0,0,0.0
7151,2025-01-21 082321,微饿,饱腹,0,0.0,0,0.0,0,0.0,0,0.0
7152,2025-01-21 082321,饱腹,中性,0,0.0,0,0.0,0,0.0,0,0.0
7153,2025-01-21 082321,饱腹,中性,0,0.0,0,0.0,0,0.0,0,0.0
7155,2025-01-21 082321,饱腹,中性,0,0.0,0,0.0,0,0.0,0,0.0
7166,2025-01-21 082321,饱腹,中性,0,0.0,0,0.0,0,0.0,2,39.0
7173,2025-01-21 082321,饱腹,中性,0,0.0,0,0.0,0,0.0,4,136.0
7183,2025-01-22 082526,饥饿,微饿,2,3.0,0,0.0,0,0.0,7,11.0
7184,2025-01-22 082526,饥饿,微饿,2,3.0,0,0.0,0,0.0,7,11.0
7185,2025-01-22 082526,饥饿,微饿,2,3.0,0,0.0,0,0.0,7,11.0
7187,2025-01-22 082526,饥饿,微饿,1,2.0,0,0.0,0,0.0,2,2.0
7188,2025-01-22 082526,饥饿,微饿,0,0.0,0,0.0,0,0.0,2,6.0
7189,2025-01-22 082526,饥饿,微饿,0,0.0,0,0.0,0,0.0,2,6.0
7190,2025-01-22 082526,饥饿,微饿,0,0.0,0,0.0,0,0.0,2,6.0
7193,2025-01-22 082526,饱腹,微饿,0,0.0,0,0.0,1,4.0,6,48.0
7194,2025-01-22 082526,饱腹,微饿,0,0.0,0,0.0,1,4.0,6,48.0
7195,2025-01-22 082526,饥饿,微饿,0,0.0,0,0.0,1,4.0,6,48.0
7201,2025-01-22 082526,饥饿,微饿,0,0.0,1,14.0,0,0.0,2,14.0
7202,2025-01-22 082526,饥饿,微饿,0,0.0,1,14.0,0,0.0,2,14.0
7203,2025-01-22 082526,饥饿,微饿,0,0.0,1,14.0,0,0.0,2,14.0
7206,2025-01-22 082526,饥饿,微饿,0,0.0,1,14.0,0,0.0,2,14.0
7207,2025-01-22 082526,饥饿,微饿,1,3.0,1,14.0,0,0.0,4,17.0
7210,2025-01-22 082526,微饿,饥饿,1,3.0,1,14.0,0,0.0,4,17.0
7222,2025-01-22 082526,微饿,饥饿,1,3.0,0,0.0,1,2.0,4,5.0
7230,2025-01-22 082526,微饿,饥饿,1,3.0,0,0.0,4,21.0,10,24.0
7231,2025-01-22 082526,微饿,饥饿,1,3.0,0,0.0,4,21.0,10,24.0
7233,2025-01-22 082526,微饿,饥饿,0,0.0,0,0.0,2,16.0,4,16.0
7234,2025-01-22 082526,微饿,饥饿,0,0.0,0,0.0,1,9.0,2,9.0
7235,2025-01-22 082526,微饿,饥饿,0,0.0,0,0.0,1,9.0,2,9.0
7236,2025-01-22 082526,微饿,饥饿,0,0.0,0,0.0,1,9.0,2,9.0
7237,2025-01-22 082526,微饿,饥饿,0,0.0,0,0.0,0,0.0,0,0.0
7253,2025-01-22 082526,中性,饱腹,0,0.0,0,0.0,0,0.0,0,0.0
7267,2025-01-22 082526,中性,饱腹,0,0.0,0,0.0,0,0.0,6,259.0
7273,2025-01-22 082526,饱腹,中性,0,0.0,0,0.0,0,0.0,0,0.0
7275,2025-01-22 082526,饱腹,中性,0,0.0,0,0.0,0,0.0,0,0.0
7276,2025-01-22 082526,饱腹,中性,0,0.0,0,0.0,0,0.0,0,0.0
7280,2025-01-22 082526,饱腹,中性,0,0.0,0,0.0,0,0.0,0,0.0
7291,2025-01-22 082526,饱腹,中性,0,0.0,0,0.0,0,0.0,0,0.0
7292,2025-01-22 082526,饱腹,中性,0,0.0,0,0.0,0,0.0,0,0.0
7294,2025-01-22 082526,饱腹,中性,0,0.0,0,0.0,0,0.0,0,0.0
7295,2025-01-22 082526,饱腹,中性,0,0.0,0,0.0,0,0.0,0,0.0
7297,2025-01-22 082526,饱腹,中性,0,0.0,0,0.0,0,0.0,0,0.0
7299,2025-02-05 105046,饥饿,微饿,3,37.0,4,31.0,2,18.0,14,55.0
7301,2025-02-05 105046,饥饿,微饿,3,37.0,4,31.0,2,18.0,14,55.0
7302,2025-02-05 105046,饥饿,微饿,3,25.0,2,14.0,2,6.0,12,40.0
7303,2025-02-05 105046,饥饿,微饿,2,17.0,0,0.0,1,1.0,6,18.0
7304,2025-02-05 105046,饥饿,微饿,1,1.0,0,0.0,1,1.0,4,2.0
7305,2025-02-05 105046,饥饿,微饿,1,1.0,0,0.0,1,1.0,4,2.0
7306,2025-02-05 105046,饥饿,微饿,1,1.0,0,0.0,1,1.0,4,2.0
7307,2025-02-05 105046,饥饿,微饿,1,1.0,0,0.0,1,1.0,4,2.0
7308,2025-02-05 105046,饥饿,微饿,1,1.0,0,0.0,1,1.0,4,2.0
7309,2025-02-05 105046,饥饿,微饿,1,1.0,0,0.0,1,1.0,4,2.0
7310,2025-02-05 105046,饥饿,微饿,1,1.0,0,0.0,1,1.0,4,2.0
7311,2025-02-05 105046,饥饿,微饿,1,1.0,0,0.0,1,1.0,4,2.0
7312,2025-02-05 105046,中性,微饿,0,0.0,0,0.0,0,0.0,0,0.0
7313,2025-02-05 105046,中性,微饿,0,0.0,0,0.0,0,0.0,0,0.0
7314,2025-02-05 105046,中性,微饿,0,0.0,0,0.0,0,0.0,0,0.0
7315,2025-02-05 105046,饥饿,微饿,0,0.0,0,0.0,0,0.0,0,0.0
7316,2025-02-05 105046,饥饿,微饿,0,0.0,0,0.0,0,0.0,0,0.0
7317,2025-02-05 105046,饥饿,微饿,0,0.0,0,0.0,0,0.0,0,0.0
7318,2025-02-05 105046,饥饿,微饿,0,0.0,0,0.0,0,0.0,0,0.0
7319,2025-02-05 105046,饥饿,微饿,0,0.0,0,0.0,0,0.0,0,0.0
7320,2025-02-05 105046,中性,微饿,0,0.0,0,0.0,0,0.0,0,0.0
7321,2025-02-05 105046,饥饿,微饿,0,0.0,0,0.0,0,0.0,0,0.0
7326,2025-02-05 105046,饱腹,饥饿,0,0.0,0,0.0,0,0.0,0,0.0
7327,2025-02-05 105046,中性,饥饿,0,0.0,0,0.0,0,0.0,0,0.0
7328,2025-02-05 105046,中性,饥饿,0,0.0,0,0.0,0,0.0,0,0.0
7329,2025-02-05 105046,中性,饥饿,0,0.0,0,0.0,0,0.0,0,0.0
7330,2025-02-05 105046,中性,饥饿,0,0.0,0,0.0,0,0.0,0,0.0
7345,2025-02-05 105046,中性,饥饿,0,0.0,0,0.0,0,0.0,0,0.0
7346,2025-02-05 105046,中性,饥饿,0,0.0,0,0.0,0,0.0,0,0.0
7347,2025-02-05 105046,中性,饥饿,0,0.0,0,0.0,0,0.0,0,0.0
7348,2025-02-05 105046,中性,饥饿,0,0.0,0,0.0,0,0.0,0,0.0
7350,2025-02-05 105046,中性,饥饿,0,0.0,0,0.0,0,0.0,0,0.0
7351,2025-02-05 105046,中性,饥饿,0,0.0,0,0.0,0,0.0,0,0.0
7352,2025-02-05 105046,中性,饱腹,0,0.0,0,0.0,0,0.0,0,0.0
7353,2025-02-05 105046,饥饿,饱腹,0,0.0,0,0.0,0,0.0,0,0.0
7354,2025-02-05 105046,饥饿,饱腹,0,0.0,0,0.0,0,0.0,0,0.0
7360,2025-02-05 105046,中性,饱腹,0,0.0,0,0.0,0,0.0,0,0.0
7361,2025-02-05 105046,中性,饱腹,0,0.0,0,0.0,0,0.0,0,0.0
7362,2025-02-05 105046,饥饿,饱腹,0,0.0,0,0.0,0,0.0,0,0.0
7363,2025-02-05 105046,饥饿,饱腹,0,0.0,0,0.0,0,0.0,0,0.0
7364,2025-02-05 105046,中性,饱腹,0,0.0,0,0.0,0,0.0,0,0.0
7367,2025-02-05 105046,中性,饱腹,0,0.0,0,0.0,0,0.0,0,0.0
7368,2025-02-05 105046,中性,饱腹,0,0.0,0,0.0,0,0.0,0,0.0
7369,2025-02-05 105046,中性,饱腹,0,0.0,0,0.0,0,0.0,0,0.0
7370,2025-02-05 105046,中性,饱腹,0,0.0,0,0.0,0,0.0,0,0.0
7371,2025-02-05 105046,中性,饱腹,0,0.0,0,0.0,0,0.0,0,0.0
7374,2025-02-05 105046,饥饿,饱腹,0,0.0,0,0.0,0,0.0,0,0.0
7375,2025-02-05 105046,饥饿,饱腹,0,0.0,0,0.0,0,0.0,0,0.0
7376,2025-02-05 105046,中性,饱腹,0,0.0,0,0.0,0,0.0,0,0.0
7377,2025-02-05 105046,中性,饱腹,0,0.0,0,0.0,0,0.0,0,0.0
7378,2025-02-05 105046,中性,饱腹,0,0.0,0,0.0,0,0.0,2,160.0
7379,2025-02-05 105046,中性,饱腹,0,0.0,0,0.0,0,0.0,4,182.0
7380,2025-02-05 105046,中性,饱腹,0,0.0,0,0.0,0,0.0,4,182.0
7381,2025-02-05 105046,中性,饱腹,0,0.0,0,0.0,0,0.0,4,182.0
7382,2025-02-05 105046,饱腹,中性,0,0.0,0,0.0,0,0.0,2,22.0
7383,2025-02-05 105046,饱腹,中性,0,0.0,0,0.0,0,0.0,6,143.0
7384,2025-02-05 105046,饱腹,中性,0,0.0,0,0.0,0,0.0,6,143.0
7385,2025-02-05 105046,饱腹,中性,0,0.0,0,0.0,0,0.0,8,144.0
7386,2025-02-05 105046,饱腹,中性,0,0.0,0,0.0,0,0.0,8,144.0
7387,2025-02-05 105046,饱腹,中性,0,0.0,0,0.0,0,0.0,8,144.0
7388,2025-02-05 105046,饱腹,中性,0,0.0,0,0.0,0,0.0,6,122.0
7390,2025-02-05 105046,饱腹,中性,0,0.0,0,0.0,0,0.0,4,10.0
7391,2025-02-05 105046,饱腹,中性,0,0.0,0,0.0,0,0.0,4,10.0
7392,2025-02-05 105046,饱腹,中性,0,0.0,0,0.0,0,0.0,4,10.0
7393,2025-02-05 105046,饱腹,中性,0,0.0,0,0.0,0,0.0,2,1.0
7394,2025-02-05 105046,饱腹,中性,0,0.0,0,0.0,0,0.0,2,1.0
7405,2025-02-05 105046,饱腹,中性,0,0.0,0,0.0,0,0.0,6,201.0
7406,2025-02-05 105046,饱腹,中性,0,0.0,0,0.0,0,0.0,6,201.0
7409,2025-02-05 105046,饱腹,中性,0,0.0,0,0.0,0,0.0,6,101.0
7410,2025-02-05 105046,饱腹,中性,0,0.0,0,0.0,0,0.0,8,177.0
7411,2025-02-05 105046,饱腹,中性,0,0.0,0,0.0,0,0.0,10,188.0
