image_path,caption
/home/swq/Code/Qwen2.5-VL/qwen_lora_coco_caption/coco_2014_caption/199134.jpg,a couple of men standing in front of a fan on a stage.
/home/swq/Code/Qwen2.5-VL/qwen_lora_coco_caption/coco_2014_caption/41442.jpg,Two people on motorcycles riding them on dirt.
/home/swq/Code/Qwen2.5-VL/qwen_lora_coco_caption/coco_2014_caption/31738.jpg,a baseball player throwing a pitch from the mound 
/home/swq/Code/Qwen2.5-VL/qwen_lora_coco_caption/coco_2014_caption/427344.jpg,The orange cat is sitting on top of the small television.  
/home/swq/Code/Qwen2.5-VL/qwen_lora_coco_caption/coco_2014_caption/375709.jpg,A person by a table with some food.
/home/swq/Code/Qwen2.5-VL/qwen_lora_coco_caption/coco_2014_caption/93756.jpg,A figure with an umbrella stands in front of a bridge. 
/home/swq/Code/Qwen2.5-VL/qwen_lora_coco_caption/coco_2014_caption/482801.jpg,a person with pink hair holding an umbrella in a crowd
/home/swq/Code/Qwen2.5-VL/qwen_lora_coco_caption/coco_2014_caption/145290.jpg,A lone straw umbrella sitting in the middle of a dirt field.
/home/swq/Code/Qwen2.5-VL/qwen_lora_coco_caption/coco_2014_caption/580862.jpg,A surfer crouching low on his board races the surf.
/home/swq/Code/Qwen2.5-VL/qwen_lora_coco_caption/coco_2014_caption/224029.jpg,The person is getting ready to hit the ball.
/home/swq/Code/Qwen2.5-VL/qwen_lora_coco_caption/coco_2014_caption/46545.jpg,A green field filled with grazing black and white cattle.
/home/swq/Code/Qwen2.5-VL/qwen_lora_coco_caption/coco_2014_caption/175565.jpg,A cocker spaniel sitting next to a woman holding a baby. 
/home/swq/Code/Qwen2.5-VL/qwen_lora_coco_caption/coco_2014_caption/86715.jpg,Two young men leaping into the air to catch a white frisbee.
/home/swq/Code/Qwen2.5-VL/qwen_lora_coco_caption/coco_2014_caption/190075.jpg,a person standing on a surfboard while riding a wave.
/home/swq/Code/Qwen2.5-VL/qwen_lora_coco_caption/coco_2014_caption/92522.jpg,A brown bird is perched on a branch of a tree.
/home/swq/Code/Qwen2.5-VL/qwen_lora_coco_caption/coco_2014_caption/424300.jpg,A flock of birds flying through a forest.
/home/swq/Code/Qwen2.5-VL/qwen_lora_coco_caption/coco_2014_caption/26900.jpg,A bus parked on the side of the road with a man getting stuff out of the back.
/home/swq/Code/Qwen2.5-VL/qwen_lora_coco_caption/coco_2014_caption/476499.jpg,There is a red train at this station on the opposite side
/home/swq/Code/Qwen2.5-VL/qwen_lora_coco_caption/coco_2014_caption/55425.jpg,A row of parked motorcycles sitting on the side of a street.
/home/swq/Code/Qwen2.5-VL/qwen_lora_coco_caption/coco_2014_caption/169395.jpg,A man is looking at an outdoor clock.
/home/swq/Code/Qwen2.5-VL/qwen_lora_coco_caption/coco_2014_caption/271495.jpg,A man is in the kitchen chopping bell peppers.
/home/swq/Code/Qwen2.5-VL/qwen_lora_coco_caption/coco_2014_caption/578497.jpg,two  red and white plates with an egg roll rice and other food and some sauces
/home/swq/Code/Qwen2.5-VL/qwen_lora_coco_caption/coco_2014_caption/429758.jpg,A couple of birds sitting on top of a rock next to the ocean.
/home/swq/Code/Qwen2.5-VL/qwen_lora_coco_caption/coco_2014_caption/111417.jpg,a man who is para sailing on the ocean 
/home/swq/Code/Qwen2.5-VL/qwen_lora_coco_caption/coco_2014_caption/69878.jpg,A person holding a chicken sandwich in a paper container.
/home/swq/Code/Qwen2.5-VL/qwen_lora_coco_caption/coco_2014_caption/453582.jpg,A number of kites flying high above a crowd
/home/swq/Code/Qwen2.5-VL/qwen_lora_coco_caption/coco_2014_caption/216314.jpg,A person walking in the sand while flying a kite. 
/home/swq/Code/Qwen2.5-VL/qwen_lora_coco_caption/coco_2014_caption/232389.jpg,Two pizza pies sitting on a table ready to eat.
/home/swq/Code/Qwen2.5-VL/qwen_lora_coco_caption/coco_2014_caption/239120.jpg,A table topped with a bowl of food and a drink.
/home/swq/Code/Qwen2.5-VL/qwen_lora_coco_caption/coco_2014_caption/350534.jpg,A professional baseball player signing a bat at a game.
/home/swq/Code/Qwen2.5-VL/qwen_lora_coco_caption/coco_2014_caption/480717.jpg,A crowd of people demonstrating with police walking with them. 
/home/swq/Code/Qwen2.5-VL/qwen_lora_coco_caption/coco_2014_caption/538537.jpg,A woman pouring a glass of wine on a table.
/home/swq/Code/Qwen2.5-VL/qwen_lora_coco_caption/coco_2014_caption/171075.jpg,"A room with a chair, pictures, cabinet and boxes."
/home/swq/Code/Qwen2.5-VL/qwen_lora_coco_caption/coco_2014_caption/107436.jpg,A cat sitting on an entertainment center while staring at a tv screen.
/home/swq/Code/Qwen2.5-VL/qwen_lora_coco_caption/coco_2014_caption/263231.jpg,A small bird holding a bug in it's mouth.
/home/swq/Code/Qwen2.5-VL/qwen_lora_coco_caption/coco_2014_caption/475380.jpg,a dog is pulling on a frisbee with its owner
/home/swq/Code/Qwen2.5-VL/qwen_lora_coco_caption/coco_2014_caption/376426.jpg,A couple of carrots sitting next a white dish covered in carrot goo.
/home/swq/Code/Qwen2.5-VL/qwen_lora_coco_caption/coco_2014_caption/523815.jpg,A man sliding a baking sheet with food on it into the oven.
/home/swq/Code/Qwen2.5-VL/qwen_lora_coco_caption/coco_2014_caption/401847.jpg,Highway road sign announcing exit ahead for vehicle traffic.
/home/swq/Code/Qwen2.5-VL/qwen_lora_coco_caption/coco_2014_caption/63230.jpg,A coffee shop with chairs and tables outside of the shop.
/home/swq/Code/Qwen2.5-VL/qwen_lora_coco_caption/coco_2014_caption/157921.jpg,a couple of elephants are standing in a field
/home/swq/Code/Qwen2.5-VL/qwen_lora_coco_caption/coco_2014_caption/175523.jpg,A red food truck with a woman looking at the menu.
/home/swq/Code/Qwen2.5-VL/qwen_lora_coco_caption/coco_2014_caption/357926.jpg,A clock and a counter in a room.
/home/swq/Code/Qwen2.5-VL/qwen_lora_coco_caption/coco_2014_caption/378059.jpg,A bear walking around on a rock filled ground.
/home/swq/Code/Qwen2.5-VL/qwen_lora_coco_caption/coco_2014_caption/467800.jpg,Cross country skiers skiing over snow covered ground.
/home/swq/Code/Qwen2.5-VL/qwen_lora_coco_caption/coco_2014_caption/126681.jpg,A woman flies a kite at the beach.
/home/swq/Code/Qwen2.5-VL/qwen_lora_coco_caption/coco_2014_caption/479038.jpg,The large tour bus has red lettering on the side of it. 
/home/swq/Code/Qwen2.5-VL/qwen_lora_coco_caption/coco_2014_caption/337158.jpg,"Urinal, toilet paper roll, and sink inside of a bathroom."
/home/swq/Code/Qwen2.5-VL/qwen_lora_coco_caption/coco_2014_caption/534694.jpg,A baseball game in progress on a soccer field.
/home/swq/Code/Qwen2.5-VL/qwen_lora_coco_caption/coco_2014_caption/343872.jpg,Sheep and a woman in a field in front of a cityscape.
/home/swq/Code/Qwen2.5-VL/qwen_lora_coco_caption/coco_2014_caption/37582.jpg,A couple of grizzly bear fishing for cood in a river.
/home/swq/Code/Qwen2.5-VL/qwen_lora_coco_caption/coco_2014_caption/271701.jpg,A cheesy pepperoni pizza sitting on top of a metal pan.
/home/swq/Code/Qwen2.5-VL/qwen_lora_coco_caption/coco_2014_caption/181474.jpg,Man riding the waves on a surf board.
/home/swq/Code/Qwen2.5-VL/qwen_lora_coco_caption/coco_2014_caption/329715.jpg,Man are standing near a couch holding Wii controllers.
/home/swq/Code/Qwen2.5-VL/qwen_lora_coco_caption/coco_2014_caption/302685.jpg,A person in a wet suit riding a surfboard on a wave.
/home/swq/Code/Qwen2.5-VL/qwen_lora_coco_caption/coco_2014_caption/221894.jpg,"A plate topped with carrots, apples and onion."
/home/swq/Code/Qwen2.5-VL/qwen_lora_coco_caption/coco_2014_caption/288770.jpg,A cat sits by the window staring outside at the falling snowflakes.
/home/swq/Code/Qwen2.5-VL/qwen_lora_coco_caption/coco_2014_caption/296987.jpg,A small boy skating on a pavement close to the wall
/home/swq/Code/Qwen2.5-VL/qwen_lora_coco_caption/coco_2014_caption/224241.jpg,Young skateboarders are being shown at the skate park.
/home/swq/Code/Qwen2.5-VL/qwen_lora_coco_caption/coco_2014_caption/492684.jpg,A sightseeing bus is filled with people touring the city.
/home/swq/Code/Qwen2.5-VL/qwen_lora_coco_caption/coco_2014_caption/250352.jpg,a brown and white horse and a white and black horse
/home/swq/Code/Qwen2.5-VL/qwen_lora_coco_caption/coco_2014_caption/349193.jpg,Two people are jumping in the air to catch a Frisbee.
/home/swq/Code/Qwen2.5-VL/qwen_lora_coco_caption/coco_2014_caption/291207.jpg,The man is preparing food on the grill.
/home/swq/Code/Qwen2.5-VL/qwen_lora_coco_caption/coco_2014_caption/151934.jpg,A blue city bus is parked next to a bus stop.
/home/swq/Code/Qwen2.5-VL/qwen_lora_coco_caption/coco_2014_caption/18917.jpg,Meat and pasta dish with vegetable served in bowl.
/home/swq/Code/Qwen2.5-VL/qwen_lora_coco_caption/coco_2014_caption/43016.jpg,A large passenger jet flying through a  gray sky.
/home/swq/Code/Qwen2.5-VL/qwen_lora_coco_caption/coco_2014_caption/256965.jpg,there is a tent up outside of a small trailer
/home/swq/Code/Qwen2.5-VL/qwen_lora_coco_caption/coco_2014_caption/57689.jpg,there are two zebras standing close to each other
/home/swq/Code/Qwen2.5-VL/qwen_lora_coco_caption/coco_2014_caption/571562.jpg,A book laying on top of a bed next to a pillow.
/home/swq/Code/Qwen2.5-VL/qwen_lora_coco_caption/coco_2014_caption/317687.jpg,A red car backs up into an overturned refrigerator.
/home/swq/Code/Qwen2.5-VL/qwen_lora_coco_caption/coco_2014_caption/557804.jpg,A tall man wearing a hat is walking.
/home/swq/Code/Qwen2.5-VL/qwen_lora_coco_caption/coco_2014_caption/55651.jpg,two people in a kitchen area with sinks and a stove
/home/swq/Code/Qwen2.5-VL/qwen_lora_coco_caption/coco_2014_caption/479803.jpg,The roof tops of the buildings in a city area.
/home/swq/Code/Qwen2.5-VL/qwen_lora_coco_caption/coco_2014_caption/55317.jpg,Two people jump up trying to catch the same Frisbee.
/home/swq/Code/Qwen2.5-VL/qwen_lora_coco_caption/coco_2014_caption/327304.jpg,A bathroom with toilet seat up in a tower building with a window
/home/swq/Code/Qwen2.5-VL/qwen_lora_coco_caption/coco_2014_caption/350514.jpg,People wait at the station to board a train.
/home/swq/Code/Qwen2.5-VL/qwen_lora_coco_caption/coco_2014_caption/69839.jpg,A white plate topped with a pizza on top of a table.
/home/swq/Code/Qwen2.5-VL/qwen_lora_coco_caption/coco_2014_caption/2754.jpg,A dog hanging it's head out of a truck window.
/home/swq/Code/Qwen2.5-VL/qwen_lora_coco_caption/coco_2014_caption/563436.jpg,A large brown dog eating a red ball.
/home/swq/Code/Qwen2.5-VL/qwen_lora_coco_caption/coco_2014_caption/24305.jpg,Man and woman and dress clothes cutting through a white cake. 
/home/swq/Code/Qwen2.5-VL/qwen_lora_coco_caption/coco_2014_caption/54082.jpg,A piece of cake covered in whipped cream sitting on top of a plate.
/home/swq/Code/Qwen2.5-VL/qwen_lora_coco_caption/coco_2014_caption/367814.jpg,A blue counter top with lots of pairs of scissors on them.
/home/swq/Code/Qwen2.5-VL/qwen_lora_coco_caption/coco_2014_caption/3830.jpg,City traffic on large boulevard shown at dusk.
/home/swq/Code/Qwen2.5-VL/qwen_lora_coco_caption/coco_2014_caption/311818.jpg,A doughnut that is on a plate with fruit.
/home/swq/Code/Qwen2.5-VL/qwen_lora_coco_caption/coco_2014_caption/400134.jpg,A dog stands behind a wire door outside
/home/swq/Code/Qwen2.5-VL/qwen_lora_coco_caption/coco_2014_caption/571168.jpg,A small public bathroom with a toilet and sink.
/home/swq/Code/Qwen2.5-VL/qwen_lora_coco_caption/coco_2014_caption/57992.jpg,two horses running on a hill near bushes 
/home/swq/Code/Qwen2.5-VL/qwen_lora_coco_caption/coco_2014_caption/497274.jpg,a white truck is driving down the street
/home/swq/Code/Qwen2.5-VL/qwen_lora_coco_caption/coco_2014_caption/164850.jpg,Blue umbrella above railing on partly cloudy day.
/home/swq/Code/Qwen2.5-VL/qwen_lora_coco_caption/coco_2014_caption/225393.jpg,A standing toilet sitting inside of a bathroom.
/home/swq/Code/Qwen2.5-VL/qwen_lora_coco_caption/coco_2014_caption/78909.jpg,a plate with a sandwich and lettuce on it 
/home/swq/Code/Qwen2.5-VL/qwen_lora_coco_caption/coco_2014_caption/54323.jpg,A brown bathroom with a walk in shower
/home/swq/Code/Qwen2.5-VL/qwen_lora_coco_caption/coco_2014_caption/32458.jpg,A red double decker bus on the street.
/home/swq/Code/Qwen2.5-VL/qwen_lora_coco_caption/coco_2014_caption/156943.jpg,"Bread, soup, and fruit are pictured together on plates. "
/home/swq/Code/Qwen2.5-VL/qwen_lora_coco_caption/coco_2014_caption/86560.jpg,"Three people sit on a couch, the man in the middle holds a frisbee."
/home/swq/Code/Qwen2.5-VL/qwen_lora_coco_caption/coco_2014_caption/560748.jpg,A large sandwich with coleslaw french-fries and vegetables.
/home/swq/Code/Qwen2.5-VL/qwen_lora_coco_caption/coco_2014_caption/550449.jpg,A lady is holding a super cheesy meal.
/home/swq/Code/Qwen2.5-VL/qwen_lora_coco_caption/coco_2014_caption/426128.jpg,A group of friend laying on top of a bed.
/home/swq/Code/Qwen2.5-VL/qwen_lora_coco_caption/coco_2014_caption/95774.jpg,A couple of people carrying surfboards next to a ocean.
/home/swq/Code/Qwen2.5-VL/qwen_lora_coco_caption/coco_2014_caption/137635.jpg,A all white dog playing with a Frisbee on the ground. 
/home/swq/Code/Qwen2.5-VL/qwen_lora_coco_caption/coco_2014_caption/521334.jpg,a man and woman look inside of a oven 
/home/swq/Code/Qwen2.5-VL/qwen_lora_coco_caption/coco_2014_caption/372020.jpg,A man floating on a raft with an umbrella turned upwards.
/home/swq/Code/Qwen2.5-VL/qwen_lora_coco_caption/coco_2014_caption/17450.jpg,A man riding a skateboard up the side of a ramp.
/home/swq/Code/Qwen2.5-VL/qwen_lora_coco_caption/coco_2014_caption/98116.jpg,the bikes are all parked with no one on them. 
/home/swq/Code/Qwen2.5-VL/qwen_lora_coco_caption/coco_2014_caption/548893.jpg,An orange and white train traveling past a forest filled with lots of green trees.
/home/swq/Code/Qwen2.5-VL/qwen_lora_coco_caption/coco_2014_caption/562162.jpg,A plastic container filled with lots of different veggies and Mickey Mouse.
/home/swq/Code/Qwen2.5-VL/qwen_lora_coco_caption/coco_2014_caption/515298.jpg,A white toilet sitting on top of a tile floor in a bathroom.
/home/swq/Code/Qwen2.5-VL/qwen_lora_coco_caption/coco_2014_caption/241491.jpg,A man hovering over a chocolate cake on a wooden counter.
/home/swq/Code/Qwen2.5-VL/qwen_lora_coco_caption/coco_2014_caption/226639.jpg,A man putting his nose on the nose of a horse.
/home/swq/Code/Qwen2.5-VL/qwen_lora_coco_caption/coco_2014_caption/133114.jpg,"A photograph of an outside with numerous things in the scene.
"
/home/swq/Code/Qwen2.5-VL/qwen_lora_coco_caption/coco_2014_caption/511774.jpg,A group of men getting off of an airplane.
/home/swq/Code/Qwen2.5-VL/qwen_lora_coco_caption/coco_2014_caption/218147.jpg,a pepperoni and pepper pizza sitting on top of an stove
/home/swq/Code/Qwen2.5-VL/qwen_lora_coco_caption/coco_2014_caption/67269.jpg,A man riding a bike while holding a surfboard.
/home/swq/Code/Qwen2.5-VL/qwen_lora_coco_caption/coco_2014_caption/134799.jpg,A person holding up their phone to record something
/home/swq/Code/Qwen2.5-VL/qwen_lora_coco_caption/coco_2014_caption/344924.jpg,Zebra stands in front of rocks while other zebra eats
/home/swq/Code/Qwen2.5-VL/qwen_lora_coco_caption/coco_2014_caption/547879.jpg,A woman bending over preparing food on a brick wall.
/home/swq/Code/Qwen2.5-VL/qwen_lora_coco_caption/coco_2014_caption/550237.jpg,"a kid with a toothbrush in her hand in the bathroom
"
/home/swq/Code/Qwen2.5-VL/qwen_lora_coco_caption/coco_2014_caption/228817.jpg,A small white bathroom with several white towels.
/home/swq/Code/Qwen2.5-VL/qwen_lora_coco_caption/coco_2014_caption/541690.jpg,A young man holds the head of a sheep at a livestock show.
/home/swq/Code/Qwen2.5-VL/qwen_lora_coco_caption/coco_2014_caption/310021.jpg,"A clean, empty refrigerator with its two doors open."
/home/swq/Code/Qwen2.5-VL/qwen_lora_coco_caption/coco_2014_caption/341714.jpg,A pile of books sitting on a table underneath a clock.
/home/swq/Code/Qwen2.5-VL/qwen_lora_coco_caption/coco_2014_caption/332833.jpg,"A person is standing over a teddy bear, wearing red socks. "
/home/swq/Code/Qwen2.5-VL/qwen_lora_coco_caption/coco_2014_caption/472224.jpg,birds swimming on waters near a bush with grass
/home/swq/Code/Qwen2.5-VL/qwen_lora_coco_caption/coco_2014_caption/398523.jpg,A stop sign on a wooden pole in the water.
/home/swq/Code/Qwen2.5-VL/qwen_lora_coco_caption/coco_2014_caption/56963.jpg,an airplane sitting on a tarmac next to a runway.
/home/swq/Code/Qwen2.5-VL/qwen_lora_coco_caption/coco_2014_caption/303232.jpg,A group of giraffe standing next to a forest with green trees.
/home/swq/Code/Qwen2.5-VL/qwen_lora_coco_caption/coco_2014_caption/518180.jpg,A vase that has flowers inside of it.
/home/swq/Code/Qwen2.5-VL/qwen_lora_coco_caption/coco_2014_caption/409825.jpg,Many people are attending an upscale dinner event.
/home/swq/Code/Qwen2.5-VL/qwen_lora_coco_caption/coco_2014_caption/532521.jpg,A blue and white. passenger jet taxiing on the runway.
/home/swq/Code/Qwen2.5-VL/qwen_lora_coco_caption/coco_2014_caption/470632.jpg,A girls feet and shoes are touching each other.
/home/swq/Code/Qwen2.5-VL/qwen_lora_coco_caption/coco_2014_caption/546474.jpg,Two zebra in an enclosure touching each other.
/home/swq/Code/Qwen2.5-VL/qwen_lora_coco_caption/coco_2014_caption/534183.jpg,A small bathroom with a white vanity and toilet and tan tile floor.
/home/swq/Code/Qwen2.5-VL/qwen_lora_coco_caption/coco_2014_caption/520352.jpg,The vase is holding such beautiful flowers by the window.
/home/swq/Code/Qwen2.5-VL/qwen_lora_coco_caption/coco_2014_caption/50106.jpg,Several people waiting on the sidewalk playing with their phones.
/home/swq/Code/Qwen2.5-VL/qwen_lora_coco_caption/coco_2014_caption/38474.jpg,A cat laying on top of an open laptop computer.
/home/swq/Code/Qwen2.5-VL/qwen_lora_coco_caption/coco_2014_caption/38686.jpg,Computer work on the back deck with the dog nearby
/home/swq/Code/Qwen2.5-VL/qwen_lora_coco_caption/coco_2014_caption/430925.jpg,A cake decorated with ponies and a pile of macaron cookies on the side.
/home/swq/Code/Qwen2.5-VL/qwen_lora_coco_caption/coco_2014_caption/459355.jpg,A man in black shirt catching a frisbee between his legs.
/home/swq/Code/Qwen2.5-VL/qwen_lora_coco_caption/coco_2014_caption/47935.jpg,A woman shows off her pizza on a cutting board in a kitchen.
/home/swq/Code/Qwen2.5-VL/qwen_lora_coco_caption/coco_2014_caption/509587.jpg,A grizzly bear perched on a dead tree.
/home/swq/Code/Qwen2.5-VL/qwen_lora_coco_caption/coco_2014_caption/453037.jpg,a batter swinging the bat after hitting the ball
/home/swq/Code/Qwen2.5-VL/qwen_lora_coco_caption/coco_2014_caption/131434.jpg,A small brown and white cat under a car.
/home/swq/Code/Qwen2.5-VL/qwen_lora_coco_caption/coco_2014_caption/452412.jpg,A herd of zebra standing on a dry grass field.
/home/swq/Code/Qwen2.5-VL/qwen_lora_coco_caption/coco_2014_caption/558405.jpg,"The woman is walking in the city in a bricked alley, holding an umbrella."
/home/swq/Code/Qwen2.5-VL/qwen_lora_coco_caption/coco_2014_caption/498000.jpg,"A herd of cattle walking around a hilly, grassy area."
/home/swq/Code/Qwen2.5-VL/qwen_lora_coco_caption/coco_2014_caption/475275.jpg,A zebra is standing outside and eating grass.
/home/swq/Code/Qwen2.5-VL/qwen_lora_coco_caption/coco_2014_caption/1085.jpg,An orange cat laying on a bed with a black comforter.
/home/swq/Code/Qwen2.5-VL/qwen_lora_coco_caption/coco_2014_caption/441172.jpg,A person sitting against a wall as another walks by with an umbrella.
/home/swq/Code/Qwen2.5-VL/qwen_lora_coco_caption/coco_2014_caption/347653.jpg,The jar that is left out on the table is dirty. 
/home/swq/Code/Qwen2.5-VL/qwen_lora_coco_caption/coco_2014_caption/153666.jpg,"A street with a barrier, traffic lights and buildings."
/home/swq/Code/Qwen2.5-VL/qwen_lora_coco_caption/coco_2014_caption/247744.jpg,A toilet is surrounded by colorfully painted walls.
/home/swq/Code/Qwen2.5-VL/qwen_lora_coco_caption/coco_2014_caption/482789.jpg,An adorable white dog sitting in a window sill 
/home/swq/Code/Qwen2.5-VL/qwen_lora_coco_caption/coco_2014_caption/4888.jpg,A boat traveling through the water towards a rocky shore.
/home/swq/Code/Qwen2.5-VL/qwen_lora_coco_caption/coco_2014_caption/231845.jpg,Two gentleman are playing on the Wii. 
/home/swq/Code/Qwen2.5-VL/qwen_lora_coco_caption/coco_2014_caption/362145.jpg,A person standing in a court with a tennis racket.
/home/swq/Code/Qwen2.5-VL/qwen_lora_coco_caption/coco_2014_caption/567018.jpg,A pair of donuts in a tissue paper wrapping sit atop a counter.
/home/swq/Code/Qwen2.5-VL/qwen_lora_coco_caption/coco_2014_caption/201386.jpg,A train traveling down the side of a lush green hillside.
/home/swq/Code/Qwen2.5-VL/qwen_lora_coco_caption/coco_2014_caption/154794.jpg,A couple sitting on a red bench overlooking the ocean.
/home/swq/Code/Qwen2.5-VL/qwen_lora_coco_caption/coco_2014_caption/10728.jpg,"A pizza topped with meat, olives, and peppers."
/home/swq/Code/Qwen2.5-VL/qwen_lora_coco_caption/coco_2014_caption/476881.jpg,A greasey burger and a drink on a table
/home/swq/Code/Qwen2.5-VL/qwen_lora_coco_caption/coco_2014_caption/72902.jpg,A man standing by a dog catching a frisbee on a field.
/home/swq/Code/Qwen2.5-VL/qwen_lora_coco_caption/coco_2014_caption/40325.jpg,A large boat kicking up spray in the water.
/home/swq/Code/Qwen2.5-VL/qwen_lora_coco_caption/coco_2014_caption/318365.jpg,"someone holding a teddy bear above a toilet
"
/home/swq/Code/Qwen2.5-VL/qwen_lora_coco_caption/coco_2014_caption/98278.jpg,A man talking on a cell phone while holding a pen.
/home/swq/Code/Qwen2.5-VL/qwen_lora_coco_caption/coco_2014_caption/304548.jpg,A man riding a snowboard down the side of a snow covered slope.
/home/swq/Code/Qwen2.5-VL/qwen_lora_coco_caption/coco_2014_caption/532227.jpg,A snowboarder on a snowy mountain slope on a clear day.
/home/swq/Code/Qwen2.5-VL/qwen_lora_coco_caption/coco_2014_caption/540785.jpg,A red plane flying across a bright blue sky.
/home/swq/Code/Qwen2.5-VL/qwen_lora_coco_caption/coco_2014_caption/480893.jpg,A large gray elephant standing on top of a dirt field.
/home/swq/Code/Qwen2.5-VL/qwen_lora_coco_caption/coco_2014_caption/40219.jpg,A couple of people standing in front of a mirror.
/home/swq/Code/Qwen2.5-VL/qwen_lora_coco_caption/coco_2014_caption/236142.jpg,A covered barbeque grill and benches against the wall of a house.
/home/swq/Code/Qwen2.5-VL/qwen_lora_coco_caption/coco_2014_caption/565546.jpg,a man that is sitting in a white truck
/home/swq/Code/Qwen2.5-VL/qwen_lora_coco_caption/coco_2014_caption/552346.jpg,A young man standing in the snow next to snow boards.
/home/swq/Code/Qwen2.5-VL/qwen_lora_coco_caption/coco_2014_caption/60980.jpg,A person holding two remotes strapped together with ties
/home/swq/Code/Qwen2.5-VL/qwen_lora_coco_caption/coco_2014_caption/390792.jpg,A man that is sitting in a van.
/home/swq/Code/Qwen2.5-VL/qwen_lora_coco_caption/coco_2014_caption/79896.jpg,A run down toilet in need of desperate work.
/home/swq/Code/Qwen2.5-VL/qwen_lora_coco_caption/coco_2014_caption/52902.jpg,A young woman is holding a cell phone open next to her face.
/home/swq/Code/Qwen2.5-VL/qwen_lora_coco_caption/coco_2014_caption/493547.jpg,A man is laying naked in his bed reading a book.
/home/swq/Code/Qwen2.5-VL/qwen_lora_coco_caption/coco_2014_caption/184320.jpg,A man standing with his arms in the air and a frisbee near his face.
/home/swq/Code/Qwen2.5-VL/qwen_lora_coco_caption/coco_2014_caption/349134.jpg,two ladies and kids playing sports in a green yard 
/home/swq/Code/Qwen2.5-VL/qwen_lora_coco_caption/coco_2014_caption/542643.jpg,A baseball player holding a bat standing next to home plate.
/home/swq/Code/Qwen2.5-VL/qwen_lora_coco_caption/coco_2014_caption/149180.jpg,a couple of dogs are laying on a bed
/home/swq/Code/Qwen2.5-VL/qwen_lora_coco_caption/coco_2014_caption/498079.jpg,A woman on a blue bicycle looking at a cell phone.
/home/swq/Code/Qwen2.5-VL/qwen_lora_coco_caption/coco_2014_caption/320403.jpg,Two giraffe standing next to each other.on a lush green field.
/home/swq/Code/Qwen2.5-VL/qwen_lora_coco_caption/coco_2014_caption/139344.jpg,A giraffe standing next to a green palm tree.
/home/swq/Code/Qwen2.5-VL/qwen_lora_coco_caption/coco_2014_caption/359104.jpg,A temporary sign for no parking is taped to a permanent street sign.
/home/swq/Code/Qwen2.5-VL/qwen_lora_coco_caption/coco_2014_caption/380522.jpg,A group of people standing on top of a beach flying kites.
/home/swq/Code/Qwen2.5-VL/qwen_lora_coco_caption/coco_2014_caption/211593.jpg,People in a field flying a kite by its long colorful tail
/home/swq/Code/Qwen2.5-VL/qwen_lora_coco_caption/coco_2014_caption/193243.jpg,A blue sign suspended above a street with cars driving under it.
/home/swq/Code/Qwen2.5-VL/qwen_lora_coco_caption/coco_2014_caption/504976.jpg,A bathroom area with a toilet paper dispenser and a toilet.
/home/swq/Code/Qwen2.5-VL/qwen_lora_coco_caption/coco_2014_caption/255992.jpg,a man gazing around before some ripe bananas
/home/swq/Code/Qwen2.5-VL/qwen_lora_coco_caption/coco_2014_caption/369355.jpg,A row of urinals mounted to a wall next to a row of sinks.
/home/swq/Code/Qwen2.5-VL/qwen_lora_coco_caption/coco_2014_caption/415529.jpg,A lady and a man sitting on a bench next to a fence.
/home/swq/Code/Qwen2.5-VL/qwen_lora_coco_caption/coco_2014_caption/37125.jpg,A clock next to a statue and bells on a building.
/home/swq/Code/Qwen2.5-VL/qwen_lora_coco_caption/coco_2014_caption/166093.jpg,A woman standing on a tennis court holding a racquet.
/home/swq/Code/Qwen2.5-VL/qwen_lora_coco_caption/coco_2014_caption/326849.jpg,A yellow banana on top of a coffee cup in a microwave. 
/home/swq/Code/Qwen2.5-VL/qwen_lora_coco_caption/coco_2014_caption/564063.jpg,Soldiers with guns in the back of trucks in a parade. 
/home/swq/Code/Qwen2.5-VL/qwen_lora_coco_caption/coco_2014_caption/231104.jpg,An airplane being loaded with bags and luggage.
/home/swq/Code/Qwen2.5-VL/qwen_lora_coco_caption/coco_2014_caption/552518.jpg,A couple of young people talk on the terrace of a shop in the city.
/home/swq/Code/Qwen2.5-VL/qwen_lora_coco_caption/coco_2014_caption/190378.jpg,A white plate topped with a pizza next to a bowl of salad.
/home/swq/Code/Qwen2.5-VL/qwen_lora_coco_caption/coco_2014_caption/548428.jpg,AN AIRPLANE IS PARKED ON THE TAR MAP IN A FIELD 
/home/swq/Code/Qwen2.5-VL/qwen_lora_coco_caption/coco_2014_caption/164044.jpg,A red bus parked in a parking lot near a building.
/home/swq/Code/Qwen2.5-VL/qwen_lora_coco_caption/coco_2014_caption/82246.jpg,A man sitting on a bench next to a bike with basket.
/home/swq/Code/Qwen2.5-VL/qwen_lora_coco_caption/coco_2014_caption/411751.jpg,A skier rides the slopes down a snowy hill
/home/swq/Code/Qwen2.5-VL/qwen_lora_coco_caption/coco_2014_caption/246280.jpg,A tennis player is swinging on a court.
/home/swq/Code/Qwen2.5-VL/qwen_lora_coco_caption/coco_2014_caption/147122.jpg,A modern kitchen done in white with a living room near by.
/home/swq/Code/Qwen2.5-VL/qwen_lora_coco_caption/coco_2014_caption/287094.jpg,"An apple, lemon and carrots are on a table."
/home/swq/Code/Qwen2.5-VL/qwen_lora_coco_caption/coco_2014_caption/1510.jpg,"A plate with chicken, broccoli and mushrooms with a bit of gravy."
/home/swq/Code/Qwen2.5-VL/qwen_lora_coco_caption/coco_2014_caption/431865.jpg,A blond curly haired boy eating a piece of pizza.
/home/swq/Code/Qwen2.5-VL/qwen_lora_coco_caption/coco_2014_caption/121350.jpg,A mustard colored couch sits below a red painting.
/home/swq/Code/Qwen2.5-VL/qwen_lora_coco_caption/coco_2014_caption/372141.jpg,Man holding a skateboard talks to a boy standing over him. 
/home/swq/Code/Qwen2.5-VL/qwen_lora_coco_caption/coco_2014_caption/40971.jpg,A long bill bird standing on a beach next to the ocean.
/home/swq/Code/Qwen2.5-VL/qwen_lora_coco_caption/coco_2014_caption/315488.jpg,A herd of cows laying on the beach in the sand
/home/swq/Code/Qwen2.5-VL/qwen_lora_coco_caption/coco_2014_caption/20039.jpg,An old blue truck has its hood open.
/home/swq/Code/Qwen2.5-VL/qwen_lora_coco_caption/coco_2014_caption/180351.jpg,An old lady sits in a dark room.
/home/swq/Code/Qwen2.5-VL/qwen_lora_coco_caption/coco_2014_caption/247631.jpg,A clock with the alarm icon on it sitting on a table.
/home/swq/Code/Qwen2.5-VL/qwen_lora_coco_caption/coco_2014_caption/169448.jpg,Five trucks parked behind each other near a building. 
/home/swq/Code/Qwen2.5-VL/qwen_lora_coco_caption/coco_2014_caption/24086.jpg,A little girl is looking at a plate of cakes.
/home/swq/Code/Qwen2.5-VL/qwen_lora_coco_caption/coco_2014_caption/430692.jpg,many items on a table with an ipod a wallet 
/home/swq/Code/Qwen2.5-VL/qwen_lora_coco_caption/coco_2014_caption/136078.jpg,A large group of elephants in a grass field.
/home/swq/Code/Qwen2.5-VL/qwen_lora_coco_caption/coco_2014_caption/235760.jpg,a number of children playing with a stuffed animal 
/home/swq/Code/Qwen2.5-VL/qwen_lora_coco_caption/coco_2014_caption/290259.jpg,A large semi truck with a tractor trailer on the back.
/home/swq/Code/Qwen2.5-VL/qwen_lora_coco_caption/coco_2014_caption/384563.jpg,Image of a kitchen sink below a shelf with a dish rack nearby.
/home/swq/Code/Qwen2.5-VL/qwen_lora_coco_caption/coco_2014_caption/350360.jpg,A man flying through the air over a net on a snow covered slope.
/home/swq/Code/Qwen2.5-VL/qwen_lora_coco_caption/coco_2014_caption/45491.jpg,A man laying on top of a bed next to a pile of luggage.
/home/swq/Code/Qwen2.5-VL/qwen_lora_coco_caption/coco_2014_caption/2309.jpg,A white tower sitting in the middle of a brick planter.
/home/swq/Code/Qwen2.5-VL/qwen_lora_coco_caption/coco_2014_caption/339674.jpg,A group of young men playing a game of frisbee.
/home/swq/Code/Qwen2.5-VL/qwen_lora_coco_caption/coco_2014_caption/529529.jpg,A person just a very nice looking at the ground.
/home/swq/Code/Qwen2.5-VL/qwen_lora_coco_caption/coco_2014_caption/102488.jpg,The fireplace has framed photos on the mantel.
/home/swq/Code/Qwen2.5-VL/qwen_lora_coco_caption/coco_2014_caption/273789.jpg,A woman in shorts taking a swing at a ball
/home/swq/Code/Qwen2.5-VL/qwen_lora_coco_caption/coco_2014_caption/505865.jpg,A pole with traffic signs stacked on top of each other.
/home/swq/Code/Qwen2.5-VL/qwen_lora_coco_caption/coco_2014_caption/256794.jpg,a few animals that are next to a tree and water
/home/swq/Code/Qwen2.5-VL/qwen_lora_coco_caption/coco_2014_caption/448887.jpg,lines of buses sitting around in a bus lot with arabic writing on the side
/home/swq/Code/Qwen2.5-VL/qwen_lora_coco_caption/coco_2014_caption/30910.jpg,A red train with lots of tanker cars behind it.
/home/swq/Code/Qwen2.5-VL/qwen_lora_coco_caption/coco_2014_caption/570075.jpg,People on the boardwalk and beach flying kites
/home/swq/Code/Qwen2.5-VL/qwen_lora_coco_caption/coco_2014_caption/537035.jpg,A couple of slices of pizza on a plate.
/home/swq/Code/Qwen2.5-VL/qwen_lora_coco_caption/coco_2014_caption/225709.jpg,black and white photo of hamburger and hot dogs and tongs.
/home/swq/Code/Qwen2.5-VL/qwen_lora_coco_caption/coco_2014_caption/105804.jpg,Two computers that are next to each other on a desk.
/home/swq/Code/Qwen2.5-VL/qwen_lora_coco_caption/coco_2014_caption/445392.jpg,A bathroom with paper hanging out of the dispenser.
/home/swq/Code/Qwen2.5-VL/qwen_lora_coco_caption/coco_2014_caption/513676.jpg,A young boy sitting at a table with a donut and bottle of juice.
/home/swq/Code/Qwen2.5-VL/qwen_lora_coco_caption/coco_2014_caption/107428.jpg,Two young people playing a game on the Nintendo Wii.
/home/swq/Code/Qwen2.5-VL/qwen_lora_coco_caption/coco_2014_caption/486606.jpg,Four men cup hands over the net in a tennis court.
/home/swq/Code/Qwen2.5-VL/qwen_lora_coco_caption/coco_2014_caption/17171.jpg,A black dog laying on a grass covered field.
/home/swq/Code/Qwen2.5-VL/qwen_lora_coco_caption/coco_2014_caption/457481.jpg,"photographs, paper with handwriting on it and a keyboard on a table"
/home/swq/Code/Qwen2.5-VL/qwen_lora_coco_caption/coco_2014_caption/399006.jpg,The two beds in the hotel room  have been made.
/home/swq/Code/Qwen2.5-VL/qwen_lora_coco_caption/coco_2014_caption/289575.jpg,Thatched umbrellas rest on their tops in a sandy area.
/home/swq/Code/Qwen2.5-VL/qwen_lora_coco_caption/coco_2014_caption/468132.jpg,"A cat that is sitting, looking out of a window."
/home/swq/Code/Qwen2.5-VL/qwen_lora_coco_caption/coco_2014_caption/498270.jpg,Herds of sheep are on a terraced hillside.
/home/swq/Code/Qwen2.5-VL/qwen_lora_coco_caption/coco_2014_caption/323108.jpg,Several children petting a giraffe over a fence.
/home/swq/Code/Qwen2.5-VL/qwen_lora_coco_caption/coco_2014_caption/39948.jpg,A TV sitting on top of a wooden stand next to a fire place.
/home/swq/Code/Qwen2.5-VL/qwen_lora_coco_caption/coco_2014_caption/434522.jpg,A man that is standing in the sand with a surfboard.
/home/swq/Code/Qwen2.5-VL/qwen_lora_coco_caption/coco_2014_caption/33249.jpg,A light blue vase holding flowers in a window sill.
/home/swq/Code/Qwen2.5-VL/qwen_lora_coco_caption/coco_2014_caption/368871.jpg,A kitchen appliance sits atop a counter with attachments.
/home/swq/Code/Qwen2.5-VL/qwen_lora_coco_caption/coco_2014_caption/455945.jpg,An orange that has been placed next to a beer.
/home/swq/Code/Qwen2.5-VL/qwen_lora_coco_caption/coco_2014_caption/561861.jpg,"Side by side images of a traffic signal, one with the light red and the other with the light green."
/home/swq/Code/Qwen2.5-VL/qwen_lora_coco_caption/coco_2014_caption/364941.jpg,A man swinging a tennis racquet at a tennis ball.
/home/swq/Code/Qwen2.5-VL/qwen_lora_coco_caption/coco_2014_caption/120375.jpg,A street filled with lots of people and tall buildings.
/home/swq/Code/Qwen2.5-VL/qwen_lora_coco_caption/coco_2014_caption/369472.jpg,A baseball player wearing a green and white uniform.
/home/swq/Code/Qwen2.5-VL/qwen_lora_coco_caption/coco_2014_caption/550359.jpg,a bathroom with a sink and a toilet in it
/home/swq/Code/Qwen2.5-VL/qwen_lora_coco_caption/coco_2014_caption/36966.jpg,A white bowl of food on a table.
/home/swq/Code/Qwen2.5-VL/qwen_lora_coco_caption/coco_2014_caption/47451.jpg,Two blue parking meters sitting on a sidewalk.
/home/swq/Code/Qwen2.5-VL/qwen_lora_coco_caption/coco_2014_caption/75254.jpg,A giraffe standing next to a rocky mountain.
/home/swq/Code/Qwen2.5-VL/qwen_lora_coco_caption/coco_2014_caption/326734.jpg,a couple of bowls of food that is on a table
/home/swq/Code/Qwen2.5-VL/qwen_lora_coco_caption/coco_2014_caption/234649.jpg,Two  different street signs on a stone building.
/home/swq/Code/Qwen2.5-VL/qwen_lora_coco_caption/coco_2014_caption/527056.jpg,A red table topped with pants and plates of food.
/home/swq/Code/Qwen2.5-VL/qwen_lora_coco_caption/coco_2014_caption/406242.jpg,"Two computer monitors, a keyboard and mouse on a desk."
/home/swq/Code/Qwen2.5-VL/qwen_lora_coco_caption/coco_2014_caption/448253.jpg,a boat that is floating in some water
/home/swq/Code/Qwen2.5-VL/qwen_lora_coco_caption/coco_2014_caption/346562.jpg,a public transit bus parked in a parking lot
/home/swq/Code/Qwen2.5-VL/qwen_lora_coco_caption/coco_2014_caption/485261.jpg,this is a messy bed sitting next to a window on a snowy day
/home/swq/Code/Qwen2.5-VL/qwen_lora_coco_caption/coco_2014_caption/80745.jpg,Some green bananas and yellow bananas bunched together.
/home/swq/Code/Qwen2.5-VL/qwen_lora_coco_caption/coco_2014_caption/551888.jpg,"a bathroom with a sink, mirror on a tiled floor with a door open"
/home/swq/Code/Qwen2.5-VL/qwen_lora_coco_caption/coco_2014_caption/182645.jpg,"An office with a laptop, monitor, keyboard, file cabinet and wall clock."
/home/swq/Code/Qwen2.5-VL/qwen_lora_coco_caption/coco_2014_caption/344920.jpg,"The compact room with double beds has the bare necessities, but with surprising flooring."
/home/swq/Code/Qwen2.5-VL/qwen_lora_coco_caption/coco_2014_caption/319354.jpg,The back end of a parked car with an umbrella on the ground next to it.
/home/swq/Code/Qwen2.5-VL/qwen_lora_coco_caption/coco_2014_caption/392219.jpg,Traffic lights are hanging from a traffic pole.
/home/swq/Code/Qwen2.5-VL/qwen_lora_coco_caption/coco_2014_caption/37291.jpg,The kitten is enjoying the treats on the plate.
/home/swq/Code/Qwen2.5-VL/qwen_lora_coco_caption/coco_2014_caption/141304.jpg,A Frito Lay van is on the side of the street.
/home/swq/Code/Qwen2.5-VL/qwen_lora_coco_caption/coco_2014_caption/547869.jpg,A table has dishes and food on it.
/home/swq/Code/Qwen2.5-VL/qwen_lora_coco_caption/coco_2014_caption/275830.jpg,A car driving under a traffic light down a street.
/home/swq/Code/Qwen2.5-VL/qwen_lora_coco_caption/coco_2014_caption/562205.jpg,A cat standing near a cup that is sitting on the ground.
/home/swq/Code/Qwen2.5-VL/qwen_lora_coco_caption/coco_2014_caption/119979.jpg,Two girls at a frisbee sporting event with onlookers.
/home/swq/Code/Qwen2.5-VL/qwen_lora_coco_caption/coco_2014_caption/100319.jpg,A very tall white building sitting next to a street filled with traffic.
/home/swq/Code/Qwen2.5-VL/qwen_lora_coco_caption/coco_2014_caption/393108.jpg,A woman taking a picture of herself with her cell phone. 
/home/swq/Code/Qwen2.5-VL/qwen_lora_coco_caption/coco_2014_caption/453930.jpg,A person with an animal hat on with an open umbrella. 
/home/swq/Code/Qwen2.5-VL/qwen_lora_coco_caption/coco_2014_caption/494297.jpg,A doughnut with a giant doughnut over it's face.
/home/swq/Code/Qwen2.5-VL/qwen_lora_coco_caption/coco_2014_caption/28288.jpg,A foot long hot dog in a bun covered in ketchup.
/home/swq/Code/Qwen2.5-VL/qwen_lora_coco_caption/coco_2014_caption/517408.jpg,A man riding skis on top of a snow covered slope
/home/swq/Code/Qwen2.5-VL/qwen_lora_coco_caption/coco_2014_caption/550610.jpg,A retro yellow tour bus parked in front.
/home/swq/Code/Qwen2.5-VL/qwen_lora_coco_caption/coco_2014_caption/573046.jpg,A guy holding a white umbrella and light on the beach at night.
/home/swq/Code/Qwen2.5-VL/qwen_lora_coco_caption/coco_2014_caption/447484.jpg,A man about to hit a ball on the tennis court.
/home/swq/Code/Qwen2.5-VL/qwen_lora_coco_caption/coco_2014_caption/423349.jpg,"Front view of shop on the corner of a street
"
/home/swq/Code/Qwen2.5-VL/qwen_lora_coco_caption/coco_2014_caption/202388.jpg,A man in a baseball uniform swinging a bat.
/home/swq/Code/Qwen2.5-VL/qwen_lora_coco_caption/coco_2014_caption/181649.jpg,A small gray and brown dog holding a white teddy bear.
/home/swq/Code/Qwen2.5-VL/qwen_lora_coco_caption/coco_2014_caption/442518.jpg,A man catching the baseball behind home plate in practice.
/home/swq/Code/Qwen2.5-VL/qwen_lora_coco_caption/coco_2014_caption/405209.jpg,A warning sign in the middle of water with a fire hydrant in the foreground.
/home/swq/Code/Qwen2.5-VL/qwen_lora_coco_caption/coco_2014_caption/390829.jpg,a little boy that is playing with a wii
/home/swq/Code/Qwen2.5-VL/qwen_lora_coco_caption/coco_2014_caption/26356.jpg,this is a woman feeding a pair of sheep
/home/swq/Code/Qwen2.5-VL/qwen_lora_coco_caption/coco_2014_caption/110459.jpg,The man in a suit has a blue shirt and tie.
/home/swq/Code/Qwen2.5-VL/qwen_lora_coco_caption/coco_2014_caption/984.jpg,A person pulling apart a bunch of bananas in a box.
/home/swq/Code/Qwen2.5-VL/qwen_lora_coco_caption/coco_2014_caption/109515.jpg,A man riding a skateboard up a ramp at a skate park.
/home/swq/Code/Qwen2.5-VL/qwen_lora_coco_caption/coco_2014_caption/346576.jpg,a little boy is outside holding up a kite
/home/swq/Code/Qwen2.5-VL/qwen_lora_coco_caption/coco_2014_caption/379470.jpg,A patio table surrounded by chairs on a patio.
/home/swq/Code/Qwen2.5-VL/qwen_lora_coco_caption/coco_2014_caption/472630.jpg,A little girl walking along a skate park.
/home/swq/Code/Qwen2.5-VL/qwen_lora_coco_caption/coco_2014_caption/221420.jpg,A man sitting in a chair in front of an open laptop.
/home/swq/Code/Qwen2.5-VL/qwen_lora_coco_caption/coco_2014_caption/327768.jpg,A kitchen has wooden cabinets and a sink.
/home/swq/Code/Qwen2.5-VL/qwen_lora_coco_caption/coco_2014_caption/399054.jpg,Man squinting at the camera while using a Wii controller.
/home/swq/Code/Qwen2.5-VL/qwen_lora_coco_caption/coco_2014_caption/77569.jpg,there is a all white motorcycle on display
/home/swq/Code/Qwen2.5-VL/qwen_lora_coco_caption/coco_2014_caption/169510.jpg,A group of men standing around bunches of unripe bananas.
/home/swq/Code/Qwen2.5-VL/qwen_lora_coco_caption/coco_2014_caption/442326.jpg,a cargo train going down a track close to the free way 
/home/swq/Code/Qwen2.5-VL/qwen_lora_coco_caption/coco_2014_caption/530670.jpg,a large hotdog is in a persons hand
/home/swq/Code/Qwen2.5-VL/qwen_lora_coco_caption/coco_2014_caption/340598.jpg,A couple of adorable dogs laying on top of a bed.
/home/swq/Code/Qwen2.5-VL/qwen_lora_coco_caption/coco_2014_caption/88825.jpg,A lady with boots stands next to the sea with a toothbrush in her mouth
/home/swq/Code/Qwen2.5-VL/qwen_lora_coco_caption/coco_2014_caption/46009.jpg,A couple of zebra standing next to each other in an enclosure.
/home/swq/Code/Qwen2.5-VL/qwen_lora_coco_caption/coco_2014_caption/81964.jpg,"A plate of food with tomatoes, broccoli and strawberries on it. "
/home/swq/Code/Qwen2.5-VL/qwen_lora_coco_caption/coco_2014_caption/337255.jpg,A man is home napping on the couch
/home/swq/Code/Qwen2.5-VL/qwen_lora_coco_caption/coco_2014_caption/427251.jpg,A black cat sits on top of papers next to a computer
/home/swq/Code/Qwen2.5-VL/qwen_lora_coco_caption/coco_2014_caption/496509.jpg,A woman sitting in front of a laptop computer.
/home/swq/Code/Qwen2.5-VL/qwen_lora_coco_caption/coco_2014_caption/378278.jpg,"grapes, lemon, and an apple in a wicker basket"
/home/swq/Code/Qwen2.5-VL/qwen_lora_coco_caption/coco_2014_caption/79808.jpg,a clock on a tower on top of a building
/home/swq/Code/Qwen2.5-VL/qwen_lora_coco_caption/coco_2014_caption/29671.jpg,A fire hose that is rollled up and connected to a water source.
/home/swq/Code/Qwen2.5-VL/qwen_lora_coco_caption/coco_2014_caption/166575.jpg,A group of zebras grazing in a field. 
/home/swq/Code/Qwen2.5-VL/qwen_lora_coco_caption/coco_2014_caption/540923.jpg,A plate with a slice of chicken pot pie on it.
/home/swq/Code/Qwen2.5-VL/qwen_lora_coco_caption/coco_2014_caption/489622.jpg,a black and white picture of a little girl holding a teddy bear 
/home/swq/Code/Qwen2.5-VL/qwen_lora_coco_caption/coco_2014_caption/133885.jpg,A blender on display on a shelf with a price tag underneath it.
/home/swq/Code/Qwen2.5-VL/qwen_lora_coco_caption/coco_2014_caption/294574.jpg,"A large red, green and white circle stands on a tarmac."
/home/swq/Code/Qwen2.5-VL/qwen_lora_coco_caption/coco_2014_caption/85847.jpg,Small boats line a narrow shore in a creek
/home/swq/Code/Qwen2.5-VL/qwen_lora_coco_caption/coco_2014_caption/333894.jpg,A fleet of air crafts are flying through the air.
/home/swq/Code/Qwen2.5-VL/qwen_lora_coco_caption/coco_2014_caption/35427.jpg,"some bowls of food, one with broccoli, the other with some chow mein noodles"
/home/swq/Code/Qwen2.5-VL/qwen_lora_coco_caption/coco_2014_caption/505858.jpg,A zebra peering into a vehicle on the roadside.
/home/swq/Code/Qwen2.5-VL/qwen_lora_coco_caption/coco_2014_caption/213069.jpg,A white toilet in a small room with tiled floors.
/home/swq/Code/Qwen2.5-VL/qwen_lora_coco_caption/coco_2014_caption/234084.jpg,This is a landscape view of a church with a clock tower.
/home/swq/Code/Qwen2.5-VL/qwen_lora_coco_caption/coco_2014_caption/215657.jpg,Office cubicle with a backpack sitting on computer chair
/home/swq/Code/Qwen2.5-VL/qwen_lora_coco_caption/coco_2014_caption/230070.jpg,A single zebra is looking at the camera man. 
/home/swq/Code/Qwen2.5-VL/qwen_lora_coco_caption/coco_2014_caption/300277.jpg,A toilet sitting below a window next to a sink.
/home/swq/Code/Qwen2.5-VL/qwen_lora_coco_caption/coco_2014_caption/209667.jpg,A couple of people on a sidewalk holding umbrellas.
/home/swq/Code/Qwen2.5-VL/qwen_lora_coco_caption/coco_2014_caption/368983.jpg,A bench is chained to the building door.
/home/swq/Code/Qwen2.5-VL/qwen_lora_coco_caption/coco_2014_caption/426690.jpg,The black and white cat is sitting in the bathroom sink
/home/swq/Code/Qwen2.5-VL/qwen_lora_coco_caption/coco_2014_caption/1424.jpg,Several people around a table getting ready to cut into a cake.
/home/swq/Code/Qwen2.5-VL/qwen_lora_coco_caption/coco_2014_caption/64619.jpg,A man blows out a candle on a cake.
/home/swq/Code/Qwen2.5-VL/qwen_lora_coco_caption/coco_2014_caption/338235.jpg,"A small glass vase with a blue, yellow and white flower inside it"
/home/swq/Code/Qwen2.5-VL/qwen_lora_coco_caption/coco_2014_caption/278737.jpg,A young boy playing baseball swinging as the batter.
/home/swq/Code/Qwen2.5-VL/qwen_lora_coco_caption/coco_2014_caption/131524.jpg,A large clock tower with a large white clock.
/home/swq/Code/Qwen2.5-VL/qwen_lora_coco_caption/coco_2014_caption/172655.jpg,A brown calf with a blue tag in it's ear and other cattle behind it.
/home/swq/Code/Qwen2.5-VL/qwen_lora_coco_caption/coco_2014_caption/1822.jpg,"A room with a rug, table, and chairs, and other items"
/home/swq/Code/Qwen2.5-VL/qwen_lora_coco_caption/coco_2014_caption/250789.jpg,A toilet in the stall of a public restroom.
/home/swq/Code/Qwen2.5-VL/qwen_lora_coco_caption/coco_2014_caption/572206.jpg,A pedestal toilet stands next to a claw footed bath tub.
/home/swq/Code/Qwen2.5-VL/qwen_lora_coco_caption/coco_2014_caption/399500.jpg,Man engaging in the recreational activity of downhill skiing
/home/swq/Code/Qwen2.5-VL/qwen_lora_coco_caption/coco_2014_caption/502482.jpg,A skateboarder is riding the green ramp. 
/home/swq/Code/Qwen2.5-VL/qwen_lora_coco_caption/coco_2014_caption/441152.jpg,A vase of flowers next to a cupcake on a plate
/home/swq/Code/Qwen2.5-VL/qwen_lora_coco_caption/coco_2014_caption/326484.jpg,A group of people playing a video game on Nintendo Wii.
/home/swq/Code/Qwen2.5-VL/qwen_lora_coco_caption/coco_2014_caption/575476.jpg,tHERE IS A MAN SMILING AND HOLDING A TRAY OF DONUTS
/home/swq/Code/Qwen2.5-VL/qwen_lora_coco_caption/coco_2014_caption/81043.jpg,A row of bathroom mirror reflect the stalls opposite. 
/home/swq/Code/Qwen2.5-VL/qwen_lora_coco_caption/coco_2014_caption/250543.jpg,A cat stands on the chest of a man using a laptop.
/home/swq/Code/Qwen2.5-VL/qwen_lora_coco_caption/coco_2014_caption/552138.jpg,A large clock mounted to the side of a clock tower.
/home/swq/Code/Qwen2.5-VL/qwen_lora_coco_caption/coco_2014_caption/275603.jpg,"A fenced in field with two giraffes, one laying down."
/home/swq/Code/Qwen2.5-VL/qwen_lora_coco_caption/coco_2014_caption/162937.jpg,A small boat drives on a lake surrounded by trees.
/home/swq/Code/Qwen2.5-VL/qwen_lora_coco_caption/coco_2014_caption/313600.jpg,"Spring rolls covered with cheese with soy dipping sauce.
"
/home/swq/Code/Qwen2.5-VL/qwen_lora_coco_caption/coco_2014_caption/258364.jpg,A young man walking up a hill carrying a snow board.
/home/swq/Code/Qwen2.5-VL/qwen_lora_coco_caption/coco_2014_caption/460405.jpg,A herd of giraffe standing on top of a grass covered field.
/home/swq/Code/Qwen2.5-VL/qwen_lora_coco_caption/coco_2014_caption/332549.jpg,A white bath tub with tiled walls next to a toilet.
/home/swq/Code/Qwen2.5-VL/qwen_lora_coco_caption/coco_2014_caption/229616.jpg,A parked fighter jet on display in front of a crowd.
/home/swq/Code/Qwen2.5-VL/qwen_lora_coco_caption/coco_2014_caption/518866.jpg,A small boat is sitting in the middle of blue waters.
/home/swq/Code/Qwen2.5-VL/qwen_lora_coco_caption/coco_2014_caption/420615.jpg,A white toilet and a sink in a room.
/home/swq/Code/Qwen2.5-VL/qwen_lora_coco_caption/coco_2014_caption/114686.jpg,A fishing boat in the water near a house in the grass.
/home/swq/Code/Qwen2.5-VL/qwen_lora_coco_caption/coco_2014_caption/82486.jpg,Altered photograph of a couple embracing by old luggage in a paddock
/home/swq/Code/Qwen2.5-VL/qwen_lora_coco_caption/coco_2014_caption/561394.jpg,"View of bathroom with bathtub with shower curtain, high window, large wall mirror, sink and vanity with a jar, a tray with two candles, and a vase pot with greenery."
/home/swq/Code/Qwen2.5-VL/qwen_lora_coco_caption/coco_2014_caption/72133.jpg,A street corner with a box on it is shown.
/home/swq/Code/Qwen2.5-VL/qwen_lora_coco_caption/coco_2014_caption/325548.jpg,Two bags full of oranges sitting on a wooden floor.
/home/swq/Code/Qwen2.5-VL/qwen_lora_coco_caption/coco_2014_caption/217571.jpg,An airplane is taking off of a runway.
/home/swq/Code/Qwen2.5-VL/qwen_lora_coco_caption/coco_2014_caption/409165.jpg,A man holding a tennis racket and a ball in his hands. 
/home/swq/Code/Qwen2.5-VL/qwen_lora_coco_caption/coco_2014_caption/156455.jpg,A flower in a tree that looks like a bunch of bananas.
/home/swq/Code/Qwen2.5-VL/qwen_lora_coco_caption/coco_2014_caption/390797.jpg,A young woman holding a yellow banana up to her face.
/home/swq/Code/Qwen2.5-VL/qwen_lora_coco_caption/coco_2014_caption/562593.jpg,a woman eating donuts from strings on a porch.
/home/swq/Code/Qwen2.5-VL/qwen_lora_coco_caption/coco_2014_caption/8568.jpg,A office desk with a computer and several monitors on the desk.
/home/swq/Code/Qwen2.5-VL/qwen_lora_coco_caption/coco_2014_caption/217978.jpg,two dogs in a back yard with pots with flowers
/home/swq/Code/Qwen2.5-VL/qwen_lora_coco_caption/coco_2014_caption/456800.jpg,A woman on a surfboard in the ocean waves.
/home/swq/Code/Qwen2.5-VL/qwen_lora_coco_caption/coco_2014_caption/5967.jpg,A large passenger jet on top of an airport runway.
/home/swq/Code/Qwen2.5-VL/qwen_lora_coco_caption/coco_2014_caption/451738.jpg,Two giraffes walk through the tall grass. 
/home/swq/Code/Qwen2.5-VL/qwen_lora_coco_caption/coco_2014_caption/431322.jpg,A lone zebra standing in a green field.
/home/swq/Code/Qwen2.5-VL/qwen_lora_coco_caption/coco_2014_caption/2342.jpg,Tho giraffes close up looking over the fence.
/home/swq/Code/Qwen2.5-VL/qwen_lora_coco_caption/coco_2014_caption/516273.jpg,Food and drink on a table outside 
/home/swq/Code/Qwen2.5-VL/qwen_lora_coco_caption/coco_2014_caption/546114.jpg,Black refrigerator sitting in between wall and white cabinet. 
/home/swq/Code/Qwen2.5-VL/qwen_lora_coco_caption/coco_2014_caption/148301.jpg,A cat with a red collar is asleep on the bed.
/home/swq/Code/Qwen2.5-VL/qwen_lora_coco_caption/coco_2014_caption/242544.jpg,a woman is standing in front of a horse
/home/swq/Code/Qwen2.5-VL/qwen_lora_coco_caption/coco_2014_caption/530187.jpg,Two beds and other furniture inside a hotel room
/home/swq/Code/Qwen2.5-VL/qwen_lora_coco_caption/coco_2014_caption/524050.jpg,a side view mirror  and some signs and building
/home/swq/Code/Qwen2.5-VL/qwen_lora_coco_caption/coco_2014_caption/544606.jpg,A large bed in a room underneath a window.
/home/swq/Code/Qwen2.5-VL/qwen_lora_coco_caption/coco_2014_caption/567637.jpg,A man putting melted cheese on food in foil in a food truck
/home/swq/Code/Qwen2.5-VL/qwen_lora_coco_caption/coco_2014_caption/290122.jpg,People with luggage standing in front of lockers.
/home/swq/Code/Qwen2.5-VL/qwen_lora_coco_caption/coco_2014_caption/178112.jpg,A baseball player had just thrown a ball. 
/home/swq/Code/Qwen2.5-VL/qwen_lora_coco_caption/coco_2014_caption/351242.jpg,A plate topped with three hot dogs on buns.
/home/swq/Code/Qwen2.5-VL/qwen_lora_coco_caption/coco_2014_caption/123066.jpg,a plate with a frosted cake on it next to a banana 
/home/swq/Code/Qwen2.5-VL/qwen_lora_coco_caption/coco_2014_caption/118581.jpg,A view of a beach with closed umbrellas at sunset.
/home/swq/Code/Qwen2.5-VL/qwen_lora_coco_caption/coco_2014_caption/272064.jpg,The man is swinging at the tennis ball with a racquet.
/home/swq/Code/Qwen2.5-VL/qwen_lora_coco_caption/coco_2014_caption/76414.jpg,A couple of men who are working on a boat.
/home/swq/Code/Qwen2.5-VL/qwen_lora_coco_caption/coco_2014_caption/335902.jpg,RV parked on side of road with two orange warning cones set at its side
/home/swq/Code/Qwen2.5-VL/qwen_lora_coco_caption/coco_2014_caption/161648.jpg,a white antique stove with some pots and pans on it
/home/swq/Code/Qwen2.5-VL/qwen_lora_coco_caption/coco_2014_caption/457263.jpg,a small salad and large sandwich on a tray
/home/swq/Code/Qwen2.5-VL/qwen_lora_coco_caption/coco_2014_caption/158261.jpg,A giraffe standing up looking out a fence. 
/home/swq/Code/Qwen2.5-VL/qwen_lora_coco_caption/coco_2014_caption/199732.jpg,A group of trucks sitting on top of a dirt field.
/home/swq/Code/Qwen2.5-VL/qwen_lora_coco_caption/coco_2014_caption/48805.jpg,A dog seems to be observing something from the water. 
/home/swq/Code/Qwen2.5-VL/qwen_lora_coco_caption/coco_2014_caption/386468.jpg,A group of girls playing a game with remote controllers.
/home/swq/Code/Qwen2.5-VL/qwen_lora_coco_caption/coco_2014_caption/288650.jpg,A light that is on above a mirror in a picture of a bathroom.
/home/swq/Code/Qwen2.5-VL/qwen_lora_coco_caption/coco_2014_caption/55728.jpg,A man is sitting by a shelf full of luggage.
/home/swq/Code/Qwen2.5-VL/qwen_lora_coco_caption/coco_2014_caption/535126.jpg,A bed sitting in a bedroom under a wall mounted painting.
/home/swq/Code/Qwen2.5-VL/qwen_lora_coco_caption/coco_2014_caption/159346.jpg,A bunch of people sit around in their pajamas drinking.
/home/swq/Code/Qwen2.5-VL/qwen_lora_coco_caption/coco_2014_caption/479687.jpg,Men sit on a bench in front of a shop and one has a hat and a cane.
/home/swq/Code/Qwen2.5-VL/qwen_lora_coco_caption/coco_2014_caption/88527.jpg,a close up of a person wearing a tie
/home/swq/Code/Qwen2.5-VL/qwen_lora_coco_caption/coco_2014_caption/380163.jpg,A red and silver airplane flying in the sky.
/home/swq/Code/Qwen2.5-VL/qwen_lora_coco_caption/coco_2014_caption/486541.jpg,A traffic light with a red and white hazard sign sitting above it.
/home/swq/Code/Qwen2.5-VL/qwen_lora_coco_caption/coco_2014_caption/123456.jpg,Bicycle dressed as an octopus pulling a small cart.
/home/swq/Code/Qwen2.5-VL/qwen_lora_coco_caption/coco_2014_caption/152354.jpg,A passenger bus that is pulled up to the side of a street.
/home/swq/Code/Qwen2.5-VL/qwen_lora_coco_caption/coco_2014_caption/16720.jpg,An American Flag flies atop a clock tower at sports stadium Coors Field.
/home/swq/Code/Qwen2.5-VL/qwen_lora_coco_caption/coco_2014_caption/194372.jpg,A girls legs with a cat at her feet 
/home/swq/Code/Qwen2.5-VL/qwen_lora_coco_caption/coco_2014_caption/409834.jpg,Business men and women are sitting at a long table listening attentively.
/home/swq/Code/Qwen2.5-VL/qwen_lora_coco_caption/coco_2014_caption/131812.jpg,The young man is practicing riding hid skateboard. 
/home/swq/Code/Qwen2.5-VL/qwen_lora_coco_caption/coco_2014_caption/84784.jpg,People are standing by a train moving along tracks.
/home/swq/Code/Qwen2.5-VL/qwen_lora_coco_caption/coco_2014_caption/499082.jpg,A bird sitting on a house eave in a backyard.
/home/swq/Code/Qwen2.5-VL/qwen_lora_coco_caption/coco_2014_caption/455037.jpg,A batter is stepping up to the plate at a game.
/home/swq/Code/Qwen2.5-VL/qwen_lora_coco_caption/coco_2014_caption/413391.jpg,A couple of kids playing with a white ball in a  field.
/home/swq/Code/Qwen2.5-VL/qwen_lora_coco_caption/coco_2014_caption/303308.jpg,A refrigerator freezer next to a stove top oven.
/home/swq/Code/Qwen2.5-VL/qwen_lora_coco_caption/coco_2014_caption/95124.jpg,A woman with a handbag walking up some stairs.
/home/swq/Code/Qwen2.5-VL/qwen_lora_coco_caption/coco_2014_caption/173019.jpg,A woman in a kitchen has a dog by her side.
/home/swq/Code/Qwen2.5-VL/qwen_lora_coco_caption/coco_2014_caption/10621.jpg,The man is helping the child ride a pony.
/home/swq/Code/Qwen2.5-VL/qwen_lora_coco_caption/coco_2014_caption/108313.jpg,A skate board rider tiptoes on his board
/home/swq/Code/Qwen2.5-VL/qwen_lora_coco_caption/coco_2014_caption/336129.jpg,a woman standing in front of the camera while another person walks down the hill with their skiis
/home/swq/Code/Qwen2.5-VL/qwen_lora_coco_caption/coco_2014_caption/391325.jpg,Three little kids kicking around soccer balls on a lush green field.
/home/swq/Code/Qwen2.5-VL/qwen_lora_coco_caption/coco_2014_caption/256013.jpg,A wooden table with a white plate and bowl of soup.
/home/swq/Code/Qwen2.5-VL/qwen_lora_coco_caption/coco_2014_caption/432598.jpg,A child's bedroom with stuffed animals on a wall shelf.
/home/swq/Code/Qwen2.5-VL/qwen_lora_coco_caption/coco_2014_caption/527010.jpg,A little boy riding on a skate board wearing no shoes.
/home/swq/Code/Qwen2.5-VL/qwen_lora_coco_caption/coco_2014_caption/366349.jpg,A brown teddy bear wearing glasses and reading a book.
/home/swq/Code/Qwen2.5-VL/qwen_lora_coco_caption/coco_2014_caption/53842.jpg,A very tall building with a massive clock tower.
/home/swq/Code/Qwen2.5-VL/qwen_lora_coco_caption/coco_2014_caption/215334.jpg,A  man riding a snowboard up the side of a ramp.
/home/swq/Code/Qwen2.5-VL/qwen_lora_coco_caption/coco_2014_caption/510456.jpg,A laptop is set on top of a cardboard box on a metal desk.
/home/swq/Code/Qwen2.5-VL/qwen_lora_coco_caption/coco_2014_caption/177050.jpg,The man is serving himself a piece of cake.
/home/swq/Code/Qwen2.5-VL/qwen_lora_coco_caption/coco_2014_caption/354402.jpg,A traffic sign that reads END sitting next to a tree.
/home/swq/Code/Qwen2.5-VL/qwen_lora_coco_caption/coco_2014_caption/35037.jpg,The skateboarder wearing a cap is riding near a yellow curb.
/home/swq/Code/Qwen2.5-VL/qwen_lora_coco_caption/coco_2014_caption/107783.jpg,Bathroom with white tiled walls and a tankless commode
/home/swq/Code/Qwen2.5-VL/qwen_lora_coco_caption/coco_2014_caption/292034.jpg,"A bright day scene with snow, pine trees and people walking."
/home/swq/Code/Qwen2.5-VL/qwen_lora_coco_caption/coco_2014_caption/266976.jpg,this is a green kitchen with a sink
/home/swq/Code/Qwen2.5-VL/qwen_lora_coco_caption/coco_2014_caption/181348.jpg,A living room with blue furniture and a fire place.
/home/swq/Code/Qwen2.5-VL/qwen_lora_coco_caption/coco_2014_caption/211807.jpg,An airplane sits on the tarmac at an airport.
/home/swq/Code/Qwen2.5-VL/qwen_lora_coco_caption/coco_2014_caption/347787.jpg,A computer loaded to a social networking site on a desk. 
/home/swq/Code/Qwen2.5-VL/qwen_lora_coco_caption/coco_2014_caption/221684.jpg,A group of animals walking down a dirt road.
/home/swq/Code/Qwen2.5-VL/qwen_lora_coco_caption/coco_2014_caption/443941.jpg,a black and gold street sign and a building
/home/swq/Code/Qwen2.5-VL/qwen_lora_coco_caption/coco_2014_caption/109393.jpg,A day laying next to a cat on a cement block.
/home/swq/Code/Qwen2.5-VL/qwen_lora_coco_caption/coco_2014_caption/10037.jpg,"Plates of oranges, apples, a doughnut, and pastry."
/home/swq/Code/Qwen2.5-VL/qwen_lora_coco_caption/coco_2014_caption/370162.jpg,A crowd of people standing around a table full of food.
/home/swq/Code/Qwen2.5-VL/qwen_lora_coco_caption/coco_2014_caption/286860.jpg,a sign is on a white toilet in a bathroom
/home/swq/Code/Qwen2.5-VL/qwen_lora_coco_caption/coco_2014_caption/352082.jpg,A train traveling down railroad tracks next to a train station.
/home/swq/Code/Qwen2.5-VL/qwen_lora_coco_caption/coco_2014_caption/308603.jpg,A man riding on a big elephant in water.
/home/swq/Code/Qwen2.5-VL/qwen_lora_coco_caption/coco_2014_caption/246166.jpg,Man speaking emphatically on a cell phone in house
/home/swq/Code/Qwen2.5-VL/qwen_lora_coco_caption/coco_2014_caption/83783.jpg,two people riding horses on a beach near water
/home/swq/Code/Qwen2.5-VL/qwen_lora_coco_caption/coco_2014_caption/488149.jpg,"Three friends standing next to each other flying a kite.
"
/home/swq/Code/Qwen2.5-VL/qwen_lora_coco_caption/coco_2014_caption/465776.jpg,A herd of giraffe walking along a river next to a baby elephant.
/home/swq/Code/Qwen2.5-VL/qwen_lora_coco_caption/coco_2014_caption/51047.jpg,a red table holding tow white plates with donuts and a beverage.
/home/swq/Code/Qwen2.5-VL/qwen_lora_coco_caption/coco_2014_caption/547979.jpg,People on surfboards waiting for a wave in a calm sea
/home/swq/Code/Qwen2.5-VL/qwen_lora_coco_caption/coco_2014_caption/34478.jpg,A woman in black shirt and sunglasses on a cellphone.
/home/swq/Code/Qwen2.5-VL/qwen_lora_coco_caption/coco_2014_caption/439124.jpg,A large pony with a small pony drinking it's milk.
/home/swq/Code/Qwen2.5-VL/qwen_lora_coco_caption/coco_2014_caption/145551.jpg,An airplane with stripes parked on a runway
/home/swq/Code/Qwen2.5-VL/qwen_lora_coco_caption/coco_2014_caption/410711.jpg,A clock on a wall and a light fixture on a ceiling.
/home/swq/Code/Qwen2.5-VL/qwen_lora_coco_caption/coco_2014_caption/347128.jpg,A toilet with the lid and seat up in a tiled bathroom.
/home/swq/Code/Qwen2.5-VL/qwen_lora_coco_caption/coco_2014_caption/56676.jpg,A group of people with rackets stand together.
/home/swq/Code/Qwen2.5-VL/qwen_lora_coco_caption/coco_2014_caption/249445.jpg,A dog is laying down on the remote control. 
/home/swq/Code/Qwen2.5-VL/qwen_lora_coco_caption/coco_2014_caption/65043.jpg,A woman walking across a beach holding a surfboard.
/home/swq/Code/Qwen2.5-VL/qwen_lora_coco_caption/coco_2014_caption/355481.jpg,A field filled with motorcycles near tents surrounded by a forest.
/home/swq/Code/Qwen2.5-VL/qwen_lora_coco_caption/coco_2014_caption/177325.jpg,a plate with a sandwich and a glass of soda
/home/swq/Code/Qwen2.5-VL/qwen_lora_coco_caption/coco_2014_caption/548184.jpg,A small girl is pulling a piece of luggage.
/home/swq/Code/Qwen2.5-VL/qwen_lora_coco_caption/coco_2014_caption/428109.jpg,A bunch of bananas with a sign stating they are free
/home/swq/Code/Qwen2.5-VL/qwen_lora_coco_caption/coco_2014_caption/23025.jpg,A girl playing a game on a laptop computer on an outdoor table.
/home/swq/Code/Qwen2.5-VL/qwen_lora_coco_caption/coco_2014_caption/197329.jpg,A GROUP OF GIRAFFES AND ZEBRAS GRAZING TOGETHER
/home/swq/Code/Qwen2.5-VL/qwen_lora_coco_caption/coco_2014_caption/458827.jpg,two people riding skate boards on a city street
/home/swq/Code/Qwen2.5-VL/qwen_lora_coco_caption/coco_2014_caption/120882.jpg,A black dog is carrying a frisbee in its mouth on a beach.
/home/swq/Code/Qwen2.5-VL/qwen_lora_coco_caption/coco_2014_caption/264846.jpg,Two men are standing near as the woman is playing tennis. 
/home/swq/Code/Qwen2.5-VL/qwen_lora_coco_caption/coco_2014_caption/408730.jpg,"A den with tables, couches, chairs, a lamp and pictures."
/home/swq/Code/Qwen2.5-VL/qwen_lora_coco_caption/coco_2014_caption/347665.jpg,A computer sitting on a desk with a coffee cup sitting in front of it.
/home/swq/Code/Qwen2.5-VL/qwen_lora_coco_caption/coco_2014_caption/572965.jpg,A person using a skateboard on a rail.
/home/swq/Code/Qwen2.5-VL/qwen_lora_coco_caption/coco_2014_caption/162769.jpg,A chef holding up carrots in his hands. 
/home/swq/Code/Qwen2.5-VL/qwen_lora_coco_caption/coco_2014_caption/497227.jpg,A teddy bear sitting in a stroller next to a painting outside. 
/home/swq/Code/Qwen2.5-VL/qwen_lora_coco_caption/coco_2014_caption/138749.jpg,A man and woman walking on the beach
/home/swq/Code/Qwen2.5-VL/qwen_lora_coco_caption/coco_2014_caption/130037.jpg,A large black bear swimming in a river next to a muddy shore.
/home/swq/Code/Qwen2.5-VL/qwen_lora_coco_caption/coco_2014_caption/153888.jpg,A fighter jet sitting on top of an airport runway.
/home/swq/Code/Qwen2.5-VL/qwen_lora_coco_caption/coco_2014_caption/412641.jpg,Two small slices of pie are on the plate. 
/home/swq/Code/Qwen2.5-VL/qwen_lora_coco_caption/coco_2014_caption/2244.jpg,A blue children s laptop computer sitting on top of a counter
/home/swq/Code/Qwen2.5-VL/qwen_lora_coco_caption/coco_2014_caption/195699.jpg,A group of sweet treats sitting on top of a white plate.
/home/swq/Code/Qwen2.5-VL/qwen_lora_coco_caption/coco_2014_caption/157041.jpg,A zebra standing in dry grass has dark and light stripes
/home/swq/Code/Qwen2.5-VL/qwen_lora_coco_caption/coco_2014_caption/379865.jpg,a couple of people that are on a skate board
/home/swq/Code/Qwen2.5-VL/qwen_lora_coco_caption/coco_2014_caption/341219.jpg,a three year old girl with her birthday cake
/home/swq/Code/Qwen2.5-VL/qwen_lora_coco_caption/coco_2014_caption/201738.jpg,A man standing in a room with items scattered on the floor.
/home/swq/Code/Qwen2.5-VL/qwen_lora_coco_caption/coco_2014_caption/158017.jpg,a bathroom with a bath tub a sink and a mirror
/home/swq/Code/Qwen2.5-VL/qwen_lora_coco_caption/coco_2014_caption/525766.jpg,a person sitting on rocks near a river with a dog
/home/swq/Code/Qwen2.5-VL/qwen_lora_coco_caption/coco_2014_caption/289644.jpg,Broccoli and chicken are cooking in a wok. 
/home/swq/Code/Qwen2.5-VL/qwen_lora_coco_caption/coco_2014_caption/134955.jpg,A desert sitting in a plate that has congratulations written in chocolate
/home/swq/Code/Qwen2.5-VL/qwen_lora_coco_caption/coco_2014_caption/315268.jpg,A piece of fish with rice and a lemon around it. 
/home/swq/Code/Qwen2.5-VL/qwen_lora_coco_caption/coco_2014_caption/452343.jpg,A long train traveling along train tracks and a few tall buildings.
/home/swq/Code/Qwen2.5-VL/qwen_lora_coco_caption/coco_2014_caption/195508.jpg,"Close up of snap peas, peppers, carrots, broccoli, and more"
/home/swq/Code/Qwen2.5-VL/qwen_lora_coco_caption/coco_2014_caption/135244.jpg,A silver plane in a field with a red and black plane behind it. 
/home/swq/Code/Qwen2.5-VL/qwen_lora_coco_caption/coco_2014_caption/374916.jpg,Apples and leaves on the ground with a cat in the background.
/home/swq/Code/Qwen2.5-VL/qwen_lora_coco_caption/coco_2014_caption/322562.jpg,A boat that is in a lake by some houses.
/home/swq/Code/Qwen2.5-VL/qwen_lora_coco_caption/coco_2014_caption/467727.jpg,Elephant standing in front a fence next to a house.
/home/swq/Code/Qwen2.5-VL/qwen_lora_coco_caption/coco_2014_caption/191327.jpg,A line of motorcycles are parked in a row ranging from vintage to rocket.
/home/swq/Code/Qwen2.5-VL/qwen_lora_coco_caption/coco_2014_caption/556222.jpg,A group of people standing around a playing a game of frisbee.
/home/swq/Code/Qwen2.5-VL/qwen_lora_coco_caption/coco_2014_caption/474383.jpg,A chair with a pillow on it sitting in ront of a coffee table.
/home/swq/Code/Qwen2.5-VL/qwen_lora_coco_caption/coco_2014_caption/373076.jpg,this is a bird sitting on a table with food
/home/swq/Code/Qwen2.5-VL/qwen_lora_coco_caption/coco_2014_caption/53330.jpg,The intersection of a city street at a red light 
/home/swq/Code/Qwen2.5-VL/qwen_lora_coco_caption/coco_2014_caption/192878.jpg,A couple of people sitting on a couch with remotes.
/home/swq/Code/Qwen2.5-VL/qwen_lora_coco_caption/coco_2014_caption/347884.jpg,A man squats while rummaging through a refrigerator.
/home/swq/Code/Qwen2.5-VL/qwen_lora_coco_caption/coco_2014_caption/323592.jpg,a nice table full of fresh clean  vegetables 
/home/swq/Code/Qwen2.5-VL/qwen_lora_coco_caption/coco_2014_caption/252937.jpg,two men with no shirts next to a dog and a surfboard
/home/swq/Code/Qwen2.5-VL/qwen_lora_coco_caption/coco_2014_caption/352498.jpg,A small freight train moving down the tracks.
/home/swq/Code/Qwen2.5-VL/qwen_lora_coco_caption/coco_2014_caption/157300.jpg,A lonely bench on a rocky climb with blue skies. 
/home/swq/Code/Qwen2.5-VL/qwen_lora_coco_caption/coco_2014_caption/171806.jpg,Several cars lined up waiting on road construction.
/home/swq/Code/Qwen2.5-VL/qwen_lora_coco_caption/coco_2014_caption/339757.jpg,A man standing in a pasture with a small herd of cows.
/home/swq/Code/Qwen2.5-VL/qwen_lora_coco_caption/coco_2014_caption/164997.jpg,A hawk perched on a flower pot filled with flowers
/home/swq/Code/Qwen2.5-VL/qwen_lora_coco_caption/coco_2014_caption/160422.jpg,two computer monitors are sitting on the computer desk
/home/swq/Code/Qwen2.5-VL/qwen_lora_coco_caption/coco_2014_caption/402408.jpg,A man riding a skateboard up the side of a dry pool.
/home/swq/Code/Qwen2.5-VL/qwen_lora_coco_caption/coco_2014_caption/531201.jpg,The man is playing a game of tennis on the court. 
/home/swq/Code/Qwen2.5-VL/qwen_lora_coco_caption/coco_2014_caption/569017.jpg,A large boat comes toward the dock as people play in the ocean water near the beach.
/home/swq/Code/Qwen2.5-VL/qwen_lora_coco_caption/coco_2014_caption/404361.jpg,A bowl of broccoli and some ice on a table.
/home/swq/Code/Qwen2.5-VL/qwen_lora_coco_caption/coco_2014_caption/187336.jpg,A lady cutting some food with a big knife.
/home/swq/Code/Qwen2.5-VL/qwen_lora_coco_caption/coco_2014_caption/548742.jpg,"Wine, wine goblets, and a plate with left over food are on a table."
/home/swq/Code/Qwen2.5-VL/qwen_lora_coco_caption/coco_2014_caption/151615.jpg,A herd of cows all standing along the fence
/home/swq/Code/Qwen2.5-VL/qwen_lora_coco_caption/coco_2014_caption/339677.jpg,a man and his little girl playing tennis
/home/swq/Code/Qwen2.5-VL/qwen_lora_coco_caption/coco_2014_caption/177361.jpg,a plate with different kind of food on it.
/home/swq/Code/Qwen2.5-VL/qwen_lora_coco_caption/coco_2014_caption/254822.jpg,a large crowd of people sitting in a stadium watching a baseball game 
/home/swq/Code/Qwen2.5-VL/qwen_lora_coco_caption/coco_2014_caption/124466.jpg,A stop sign stands crookedly in front of a line of cars.
/home/swq/Code/Qwen2.5-VL/qwen_lora_coco_caption/coco_2014_caption/88671.jpg,Two dogs are standing close to a couple of people.
/home/swq/Code/Qwen2.5-VL/qwen_lora_coco_caption/coco_2014_caption/346785.jpg,a road that is all covered in some snow
/home/swq/Code/Qwen2.5-VL/qwen_lora_coco_caption/coco_2014_caption/207761.jpg,A man in the air on a skateboard. 
/home/swq/Code/Qwen2.5-VL/qwen_lora_coco_caption/coco_2014_caption/226091.jpg,a little cat that is sitting on a couch
/home/swq/Code/Qwen2.5-VL/qwen_lora_coco_caption/coco_2014_caption/400625.jpg,A small kitchen with tile backstops and wooden walls. 
/home/swq/Code/Qwen2.5-VL/qwen_lora_coco_caption/coco_2014_caption/221878.jpg,A motorcycle with a red and white tank attached to it.
/home/swq/Code/Qwen2.5-VL/qwen_lora_coco_caption/coco_2014_caption/531395.jpg,A horse standing on top of a grass covered field.
/home/swq/Code/Qwen2.5-VL/qwen_lora_coco_caption/coco_2014_caption/20515.jpg,whispy clouds and sunset at a traffic intersection 
/home/swq/Code/Qwen2.5-VL/qwen_lora_coco_caption/coco_2014_caption/390287.jpg,A yellow plastic container filled with toy fruits and vegetables.
/home/swq/Code/Qwen2.5-VL/qwen_lora_coco_caption/coco_2014_caption/162087.jpg,A couple in wedding attire embracing next to a food truck. 
/home/swq/Code/Qwen2.5-VL/qwen_lora_coco_caption/coco_2014_caption/138117.jpg,"A large plate topped with meat, potatoes, carrots and gravy."
/home/swq/Code/Qwen2.5-VL/qwen_lora_coco_caption/coco_2014_caption/579258.jpg,An elderly man breaking wood into a trunk
/home/swq/Code/Qwen2.5-VL/qwen_lora_coco_caption/coco_2014_caption/527922.jpg,the giraffes are in the field and eating.
/home/swq/Code/Qwen2.5-VL/qwen_lora_coco_caption/coco_2014_caption/140539.jpg,A group of sheep are standing together in the grass.
/home/swq/Code/Qwen2.5-VL/qwen_lora_coco_caption/coco_2014_caption/429536.jpg,Two people share a cake on a small table
/home/swq/Code/Qwen2.5-VL/qwen_lora_coco_caption/coco_2014_caption/161262.jpg,Man on skateboard launches off a half pipe ramp.
/home/swq/Code/Qwen2.5-VL/qwen_lora_coco_caption/coco_2014_caption/295049.jpg,A picture of some fruit flavored snacks together.
/home/swq/Code/Qwen2.5-VL/qwen_lora_coco_caption/coco_2014_caption/416165.jpg,a clock tower with a white clock and some people
/home/swq/Code/Qwen2.5-VL/qwen_lora_coco_caption/coco_2014_caption/205157.jpg,A guy riding a surfboard on the water.
/home/swq/Code/Qwen2.5-VL/qwen_lora_coco_caption/coco_2014_caption/452545.jpg,A baseball player catching a ball on a field.
/home/swq/Code/Qwen2.5-VL/qwen_lora_coco_caption/coco_2014_caption/317679.jpg,Three horses grazing in a pasture of tall grass.
/home/swq/Code/Qwen2.5-VL/qwen_lora_coco_caption/coco_2014_caption/103613.jpg,A young man riding a skateboard in a parking garage.
/home/swq/Code/Qwen2.5-VL/qwen_lora_coco_caption/coco_2014_caption/30328.jpg,cars and trucks pn a busy  city street.
/home/swq/Code/Qwen2.5-VL/qwen_lora_coco_caption/coco_2014_caption/239113.jpg,"People laying out on a beach, some with umbrellas."
/home/swq/Code/Qwen2.5-VL/qwen_lora_coco_caption/coco_2014_caption/509582.jpg,A group of young men playing a game of soccer on a field.
/home/swq/Code/Qwen2.5-VL/qwen_lora_coco_caption/coco_2014_caption/296205.jpg,The man is on the couch with his dog petting him.
/home/swq/Code/Qwen2.5-VL/qwen_lora_coco_caption/coco_2014_caption/72794.jpg,A Wii box sits on a desk by the wall. 
/home/swq/Code/Qwen2.5-VL/qwen_lora_coco_caption/coco_2014_caption/518686.jpg,The room has a rocking chair near the fire place.
/home/swq/Code/Qwen2.5-VL/qwen_lora_coco_caption/coco_2014_caption/473090.jpg,The bicyclist is sitting on the back of the decorative bench to check her phone.
/home/swq/Code/Qwen2.5-VL/qwen_lora_coco_caption/coco_2014_caption/424367.jpg,A cat sitting on top of a chair next to two phones.
/home/swq/Code/Qwen2.5-VL/qwen_lora_coco_caption/coco_2014_caption/370102.jpg,A man flying through the air while riding a skateboard.
/home/swq/Code/Qwen2.5-VL/qwen_lora_coco_caption/coco_2014_caption/270938.jpg,Two zebras confronting each other in a field with other zebras
/home/swq/Code/Qwen2.5-VL/qwen_lora_coco_caption/coco_2014_caption/131300.jpg,A pizza is cooked in an old stained oven.
/home/swq/Code/Qwen2.5-VL/qwen_lora_coco_caption/coco_2014_caption/277848.jpg,"A bowl of bacon, spinach, tomatoes and cheese being put into empanadas."
/home/swq/Code/Qwen2.5-VL/qwen_lora_coco_caption/coco_2014_caption/94223.jpg,A flat screen TV sitting above gaming consoles.
/home/swq/Code/Qwen2.5-VL/qwen_lora_coco_caption/coco_2014_caption/148646.jpg,A man riding a surfboard on top of a wave.
/home/swq/Code/Qwen2.5-VL/qwen_lora_coco_caption/coco_2014_caption/274934.jpg,A little girl riding down a snow slope on a snowboard.
/home/swq/Code/Qwen2.5-VL/qwen_lora_coco_caption/coco_2014_caption/154652.jpg,A man smiling with his face near a cat
/home/swq/Code/Qwen2.5-VL/qwen_lora_coco_caption/coco_2014_caption/111361.jpg,A photo of a fruit stand with several different types of apples.
/home/swq/Code/Qwen2.5-VL/qwen_lora_coco_caption/coco_2014_caption/525168.jpg,A metallic airplane sitting on top of a runway.
/home/swq/Code/Qwen2.5-VL/qwen_lora_coco_caption/coco_2014_caption/464305.jpg,A group of people standing on top of a snow covered slope.
/home/swq/Code/Qwen2.5-VL/qwen_lora_coco_caption/coco_2014_caption/74942.jpg,"A thick sandwich on a white plate, a bowl of pickles and a glass of water."
/home/swq/Code/Qwen2.5-VL/qwen_lora_coco_caption/coco_2014_caption/100347.jpg,An orange and white cat sitting in a same colored window pane.
/home/swq/Code/Qwen2.5-VL/qwen_lora_coco_caption/coco_2014_caption/492754.jpg,A docked ferry boat with pedestrians and bikers leaving the boat.
/home/swq/Code/Qwen2.5-VL/qwen_lora_coco_caption/coco_2014_caption/513482.jpg,Two people walking down a street sharing an umbrella.
/home/swq/Code/Qwen2.5-VL/qwen_lora_coco_caption/coco_2014_caption/29607.jpg,A woman sanding in front of a cake on top of a table.
/home/swq/Code/Qwen2.5-VL/qwen_lora_coco_caption/coco_2014_caption/334110.jpg,a person standing in a green field and flying a kite.
/home/swq/Code/Qwen2.5-VL/qwen_lora_coco_caption/coco_2014_caption/301855.jpg,A group of people with shopping carts that are lined up.
/home/swq/Code/Qwen2.5-VL/qwen_lora_coco_caption/coco_2014_caption/410388.jpg,A bench sitting on top of a hillside next to a small city.
/home/swq/Code/Qwen2.5-VL/qwen_lora_coco_caption/coco_2014_caption/539307.jpg,The woman is talking intently on the cell phone.
/home/swq/Code/Qwen2.5-VL/qwen_lora_coco_caption/coco_2014_caption/141330.jpg,A man standing next to a baby elephant on top of a river.
/home/swq/Code/Qwen2.5-VL/qwen_lora_coco_caption/coco_2014_caption/254925.jpg,A man sitting in front of a computer keyboard.
/home/swq/Code/Qwen2.5-VL/qwen_lora_coco_caption/coco_2014_caption/445832.jpg,A group of people in the water with surfboards.
/home/swq/Code/Qwen2.5-VL/qwen_lora_coco_caption/coco_2014_caption/350339.jpg,A young man hitting a tennis ball with a tennis racquet.
/home/swq/Code/Qwen2.5-VL/qwen_lora_coco_caption/coco_2014_caption/580562.jpg,A large truck drives down a quiet street.
/home/swq/Code/Qwen2.5-VL/qwen_lora_coco_caption/coco_2014_caption/513966.jpg,A building with the name Flookies on it as traffic passes by.
/home/swq/Code/Qwen2.5-VL/qwen_lora_coco_caption/coco_2014_caption/438769.jpg,A snowboarder in the middle of performing a trick in mid-air.
/home/swq/Code/Qwen2.5-VL/qwen_lora_coco_caption/coco_2014_caption/409451.jpg,A red motorcycle driving down a race track.
/home/swq/Code/Qwen2.5-VL/qwen_lora_coco_caption/coco_2014_caption/367873.jpg,a bed room with a neatly made bed with a night sand and a painting
/home/swq/Code/Qwen2.5-VL/qwen_lora_coco_caption/coco_2014_caption/229105.jpg,A person sitting on the ground with a dog.
/home/swq/Code/Qwen2.5-VL/qwen_lora_coco_caption/coco_2014_caption/135129.jpg,A brown horse standing next to a black horse.
/home/swq/Code/Qwen2.5-VL/qwen_lora_coco_caption/coco_2014_caption/322638.jpg,A bath tub sitting under a picture mounted to a wall.
/home/swq/Code/Qwen2.5-VL/qwen_lora_coco_caption/coco_2014_caption/534980.jpg,TWO MEN IN JACKETS LOOKING AT A CAMERA 
/home/swq/Code/Qwen2.5-VL/qwen_lora_coco_caption/coco_2014_caption/387333.jpg,Three people standing near a table with several glasses on it. 
/home/swq/Code/Qwen2.5-VL/qwen_lora_coco_caption/coco_2014_caption/549400.jpg,A freshly cut pepperoni and mushroom pizza for sale.
/home/swq/Code/Qwen2.5-VL/qwen_lora_coco_caption/coco_2014_caption/521569.jpg,a little kitty is playing in a shoe
/home/swq/Code/Qwen2.5-VL/qwen_lora_coco_caption/coco_2014_caption/554852.jpg,a beach filled with umbrellas and people and white buildings 
/home/swq/Code/Qwen2.5-VL/qwen_lora_coco_caption/coco_2014_caption/170428.jpg,Three zebras grazing in a small grassy enclosure.
/home/swq/Code/Qwen2.5-VL/qwen_lora_coco_caption/coco_2014_caption/281700.jpg,"A room with a refrigerator, some boxes and some fruit."
/home/swq/Code/Qwen2.5-VL/qwen_lora_coco_caption/coco_2014_caption/445408.jpg,A picture of the side of a car with a plan in the background. 
/home/swq/Code/Qwen2.5-VL/qwen_lora_coco_caption/coco_2014_caption/159897.jpg,a number of small boats in a large body of water
/home/swq/Code/Qwen2.5-VL/qwen_lora_coco_caption/coco_2014_caption/326354.jpg,"The runner is heading towards 3rd base, and it will be a close play."
/home/swq/Code/Qwen2.5-VL/qwen_lora_coco_caption/coco_2014_caption/571039.jpg,A clock tower stands in the middle of a busy plaza. 
/home/swq/Code/Qwen2.5-VL/qwen_lora_coco_caption/coco_2014_caption/510781.jpg,A clock with a love quote on it with odd shaped hands.
/home/swq/Code/Qwen2.5-VL/qwen_lora_coco_caption/coco_2014_caption/34825.jpg,A woman laying in bed reading a book.
/home/swq/Code/Qwen2.5-VL/qwen_lora_coco_caption/coco_2014_caption/441906.jpg,a polar bear walkiing on some rocks 
/home/swq/Code/Qwen2.5-VL/qwen_lora_coco_caption/coco_2014_caption/312748.jpg,A green bus parked next to a red and blue bus.
/home/swq/Code/Qwen2.5-VL/qwen_lora_coco_caption/coco_2014_caption/291194.jpg,A man holding a bun with a hot dog inside of it.
/home/swq/Code/Qwen2.5-VL/qwen_lora_coco_caption/coco_2014_caption/350852.jpg,A small boat sitting next to a small town.
/home/swq/Code/Qwen2.5-VL/qwen_lora_coco_caption/coco_2014_caption/443033.jpg,A guy standing in a grassy field with a disc in the air.
/home/swq/Code/Qwen2.5-VL/qwen_lora_coco_caption/coco_2014_caption/529511.jpg,Three pieces of broccoli sitting next to a cranberry desert.
/home/swq/Code/Qwen2.5-VL/qwen_lora_coco_caption/coco_2014_caption/486683.jpg,An aerial view of the ground from an airplane 
/home/swq/Code/Qwen2.5-VL/qwen_lora_coco_caption/coco_2014_caption/115643.jpg,A coal train travels toward the camera on a sunny day.
/home/swq/Code/Qwen2.5-VL/qwen_lora_coco_caption/coco_2014_caption/233272.jpg,A woman standing next to a brown horse.
/home/swq/Code/Qwen2.5-VL/qwen_lora_coco_caption/coco_2014_caption/152621.jpg,a table with chairs under an open umbrella 
/home/swq/Code/Qwen2.5-VL/qwen_lora_coco_caption/coco_2014_caption/530894.jpg,Colorful rectangular signage displayed against blue and red toned background.
/home/swq/Code/Qwen2.5-VL/qwen_lora_coco_caption/coco_2014_caption/219966.jpg,A baby in a red-striped shirt asleep on his mother's chest.
/home/swq/Code/Qwen2.5-VL/qwen_lora_coco_caption/coco_2014_caption/24103.jpg,A young man riding a skateboard down a street.
/home/swq/Code/Qwen2.5-VL/qwen_lora_coco_caption/coco_2014_caption/265930.jpg,A man riding on top of a surfboard on top of a wave.
/home/swq/Code/Qwen2.5-VL/qwen_lora_coco_caption/coco_2014_caption/486845.jpg,A skate boarder reaches the edge of the ramp.
/home/swq/Code/Qwen2.5-VL/qwen_lora_coco_caption/coco_2014_caption/446303.jpg,A couple of doughnuts on a plate on a table.
/home/swq/Code/Qwen2.5-VL/qwen_lora_coco_caption/coco_2014_caption/451336.jpg,Two girls are texting on their cell phones.
/home/swq/Code/Qwen2.5-VL/qwen_lora_coco_caption/coco_2014_caption/511963.jpg,A couch sitting in a living room next to a window.
/home/swq/Code/Qwen2.5-VL/qwen_lora_coco_caption/coco_2014_caption/62412.jpg,A safeway delivery truck driving in front of a car.
/home/swq/Code/Qwen2.5-VL/qwen_lora_coco_caption/coco_2014_caption/517869.jpg,A young man jumping over another young man on a skateboard.
/home/swq/Code/Qwen2.5-VL/qwen_lora_coco_caption/coco_2014_caption/309979.jpg,An old fashioned steam engine passenger train stopped in front of a man standing on it's tracks.
/home/swq/Code/Qwen2.5-VL/qwen_lora_coco_caption/coco_2014_caption/428485.jpg,A lobby area with several rows of luggage in it.
/home/swq/Code/Qwen2.5-VL/qwen_lora_coco_caption/coco_2014_caption/218784.jpg,A man jumping in the air with something in his hand.
/home/swq/Code/Qwen2.5-VL/qwen_lora_coco_caption/coco_2014_caption/381633.jpg,A man sitting on a red bench next to luggage.
/home/swq/Code/Qwen2.5-VL/qwen_lora_coco_caption/coco_2014_caption/413574.jpg,This black and white photo was taken by water.
/home/swq/Code/Qwen2.5-VL/qwen_lora_coco_caption/coco_2014_caption/355492.jpg,A zebra grazing on grass next to a stone wall.
/home/swq/Code/Qwen2.5-VL/qwen_lora_coco_caption/coco_2014_caption/30261.jpg,A man and woman on a train together.
/home/swq/Code/Qwen2.5-VL/qwen_lora_coco_caption/coco_2014_caption/48263.jpg,A man riding a boat down a river.
/home/swq/Code/Qwen2.5-VL/qwen_lora_coco_caption/coco_2014_caption/393675.jpg,vintage photo of a couple in black and white
/home/swq/Code/Qwen2.5-VL/qwen_lora_coco_caption/coco_2014_caption/223872.jpg,A carrot sliced up sitting on top of a cutting board.
/home/swq/Code/Qwen2.5-VL/qwen_lora_coco_caption/coco_2014_caption/221621.jpg,A bird flying over a large body of water.
/home/swq/Code/Qwen2.5-VL/qwen_lora_coco_caption/coco_2014_caption/295924.jpg,"A railroad crossway signal initiates, blocking off traffic, allowing a train to passing through."
/home/swq/Code/Qwen2.5-VL/qwen_lora_coco_caption/coco_2014_caption/107620.jpg,A long haired cat is sitting in an open suitcase.
/home/swq/Code/Qwen2.5-VL/qwen_lora_coco_caption/coco_2014_caption/504617.jpg,A woman riding on the back of a parked motorcycle.
/home/swq/Code/Qwen2.5-VL/qwen_lora_coco_caption/coco_2014_caption/231705.jpg,A couple of people riding on the back of an elephant.
/home/swq/Code/Qwen2.5-VL/qwen_lora_coco_caption/coco_2014_caption/494138.jpg,Two persons running and catching Frisbee  on the ground.
/home/swq/Code/Qwen2.5-VL/qwen_lora_coco_caption/coco_2014_caption/577206.jpg,two people with skis posing in the snowy mountains 
/home/swq/Code/Qwen2.5-VL/qwen_lora_coco_caption/coco_2014_caption/321418.jpg,A bunch of people standing near cows in the grass.
/home/swq/Code/Qwen2.5-VL/qwen_lora_coco_caption/coco_2014_caption/17799.jpg,A bunch of people showing of sheep at a sheep show. 
/home/swq/Code/Qwen2.5-VL/qwen_lora_coco_caption/coco_2014_caption/409220.jpg,A woman that is standing near a stop sign.
/home/swq/Code/Qwen2.5-VL/qwen_lora_coco_caption/coco_2014_caption/337953.jpg,Four smiling adults holding glasses of red and white wine.
/home/swq/Code/Qwen2.5-VL/qwen_lora_coco_caption/coco_2014_caption/172425.jpg,A man in black shirt doing a trick on a skateboard.
/home/swq/Code/Qwen2.5-VL/qwen_lora_coco_caption/coco_2014_caption/379749.jpg,A large blue jetliner sitting on top of an airport runway.
/home/swq/Code/Qwen2.5-VL/qwen_lora_coco_caption/coco_2014_caption/246728.jpg,A street with motels and lodges and cars driving down the street on both sides.
/home/swq/Code/Qwen2.5-VL/qwen_lora_coco_caption/coco_2014_caption/166926.jpg,Chefs in a large industrial kitchen preparing food.
/home/swq/Code/Qwen2.5-VL/qwen_lora_coco_caption/coco_2014_caption/39758.jpg,A pizza cut into 8 pieces on a pizza pan.
/home/swq/Code/Qwen2.5-VL/qwen_lora_coco_caption/coco_2014_caption/466505.jpg,A baseball player hitting a ball with a bat
/home/swq/Code/Qwen2.5-VL/qwen_lora_coco_caption/coco_2014_caption/190849.jpg,The bookbag and other items was sitting on a camaflouge sheet
/home/swq/Code/Qwen2.5-VL/qwen_lora_coco_caption/coco_2014_caption/332006.jpg,Colorfully dressed woman looking at the camera in a field.
/home/swq/Code/Qwen2.5-VL/qwen_lora_coco_caption/coco_2014_caption/249086.jpg,Two small children topping a homemade pizza with cheese.
/home/swq/Code/Qwen2.5-VL/qwen_lora_coco_caption/coco_2014_caption/536241.jpg,A skateboarder doing a trick in mid-air on a half pipe
/home/swq/Code/Qwen2.5-VL/qwen_lora_coco_caption/coco_2014_caption/340139.jpg,A man and woman play a doubles tennis match.
/home/swq/Code/Qwen2.5-VL/qwen_lora_coco_caption/coco_2014_caption/137836.jpg,a large giraffe hiding his head behind a tree.
/home/swq/Code/Qwen2.5-VL/qwen_lora_coco_caption/coco_2014_caption/2369.jpg,A skier jumping through the air and landing in the snow.
/home/swq/Code/Qwen2.5-VL/qwen_lora_coco_caption/coco_2014_caption/471409.jpg,three boys sitting at a table with a big pizza in the middle
/home/swq/Code/Qwen2.5-VL/qwen_lora_coco_caption/coco_2014_caption/530417.jpg,A green and yellow train traveling under a tunnel.
/home/swq/Code/Qwen2.5-VL/qwen_lora_coco_caption/coco_2014_caption/496183.jpg,A small girl is playing with an umbrella on the bed.
/home/swq/Code/Qwen2.5-VL/qwen_lora_coco_caption/coco_2014_caption/40144.jpg,A person is flying a kite on the beach
/home/swq/Code/Qwen2.5-VL/qwen_lora_coco_caption/coco_2014_caption/557987.jpg,two vases with colorful flowers sit in a window sill 
/home/swq/Code/Qwen2.5-VL/qwen_lora_coco_caption/coco_2014_caption/334473.jpg,a baseball player strikes out on a field 
/home/swq/Code/Qwen2.5-VL/qwen_lora_coco_caption/coco_2014_caption/323268.jpg,A view of a coffee shop from someone that is sitting down at a table with  their laptop. 
/home/swq/Code/Qwen2.5-VL/qwen_lora_coco_caption/coco_2014_caption/43338.jpg,A group of tangerines and bananas on a counter top. 
/home/swq/Code/Qwen2.5-VL/qwen_lora_coco_caption/coco_2014_caption/534291.jpg,A row of white toilets sitting next to each other on the floor.
/home/swq/Code/Qwen2.5-VL/qwen_lora_coco_caption/coco_2014_caption/151637.jpg,A beautiful woman holding a Nintendo Wii game controller.
/home/swq/Code/Qwen2.5-VL/qwen_lora_coco_caption/coco_2014_caption/24842.jpg,a long tray filled with a lot of fruits and veggies on it 
/home/swq/Code/Qwen2.5-VL/qwen_lora_coco_caption/coco_2014_caption/267647.jpg,A cake with a large piece cut out of it
/home/swq/Code/Qwen2.5-VL/qwen_lora_coco_caption/coco_2014_caption/362247.jpg,"Two giraffes stand next to each other, with a zebra standing in the background."
/home/swq/Code/Qwen2.5-VL/qwen_lora_coco_caption/coco_2014_caption/453948.jpg,A bathroom area with an in floor toilet and a crate of toilet paper.
/home/swq/Code/Qwen2.5-VL/qwen_lora_coco_caption/coco_2014_caption/506740.jpg,"Man on couch holding two cats, one sleeping, one struggling."
/home/swq/Code/Qwen2.5-VL/qwen_lora_coco_caption/coco_2014_caption/499985.jpg,A man wearing snow skiing clothes walks in the water among swimmers. 
/home/swq/Code/Qwen2.5-VL/qwen_lora_coco_caption/coco_2014_caption/578875.jpg,A giraffe is sitting on another giraffes neck.
/home/swq/Code/Qwen2.5-VL/qwen_lora_coco_caption/coco_2014_caption/421254.jpg,A white fire hydrant on a city street corner.
/home/swq/Code/Qwen2.5-VL/qwen_lora_coco_caption/coco_2014_caption/307.jpg,The dog is playing with his toy in the grass
/home/swq/Code/Qwen2.5-VL/qwen_lora_coco_caption/coco_2014_caption/399353.jpg,A sugary drink like Mountain Dew will speed up the computing.
/home/swq/Code/Qwen2.5-VL/qwen_lora_coco_caption/coco_2014_caption/572608.jpg,A woman kneeling down next to a toilet in a bathroom.
/home/swq/Code/Qwen2.5-VL/qwen_lora_coco_caption/coco_2014_caption/211457.jpg,"A living room with furniture, a fireplace and a big screen television. "
/home/swq/Code/Qwen2.5-VL/qwen_lora_coco_caption/coco_2014_caption/182373.jpg,A person on a snowboard in the snow.
/home/swq/Code/Qwen2.5-VL/qwen_lora_coco_caption/coco_2014_caption/288513.jpg,The parking meter in the black and white photo is near a stone wall.
/home/swq/Code/Qwen2.5-VL/qwen_lora_coco_caption/coco_2014_caption/473099.jpg,A white toilet with a silver rail behind it on a green wall. 
/home/swq/Code/Qwen2.5-VL/qwen_lora_coco_caption/coco_2014_caption/326892.jpg,A tray of various foods is sitting on the desk.
/home/swq/Code/Qwen2.5-VL/qwen_lora_coco_caption/coco_2014_caption/430964.jpg,A skier with ski poles posing on a snowy hill.
/home/swq/Code/Qwen2.5-VL/qwen_lora_coco_caption/coco_2014_caption/268848.jpg,A small black bear is making his way across a bank.
/home/swq/Code/Qwen2.5-VL/qwen_lora_coco_caption/coco_2014_caption/351622.jpg,a person showing cellphones on sale in a shop
/home/swq/Code/Qwen2.5-VL/qwen_lora_coco_caption/coco_2014_caption/311475.jpg,A airplane that is sitting at a runway terminal.
/home/swq/Code/Qwen2.5-VL/qwen_lora_coco_caption/coco_2014_caption/418181.jpg,A stop sign on the street beside a building.
/home/swq/Code/Qwen2.5-VL/qwen_lora_coco_caption/coco_2014_caption/23538.jpg,A plate that has food on a table.
/home/swq/Code/Qwen2.5-VL/qwen_lora_coco_caption/coco_2014_caption/109156.jpg,A couple of animals that are in the wild.
/home/swq/Code/Qwen2.5-VL/qwen_lora_coco_caption/coco_2014_caption/268129.jpg,A young boy riding skis down a snow covered slope.
/home/swq/Code/Qwen2.5-VL/qwen_lora_coco_caption/coco_2014_caption/124736.jpg,A bald headed man wearing a pink neck tie.
/home/swq/Code/Qwen2.5-VL/qwen_lora_coco_caption/coco_2014_caption/5823.jpg,A young girl skiing on a snowy slope.
/home/swq/Code/Qwen2.5-VL/qwen_lora_coco_caption/coco_2014_caption/89978.jpg,a cat that is around a bunch of apples
/home/swq/Code/Qwen2.5-VL/qwen_lora_coco_caption/coco_2014_caption/109036.jpg,"A banana, orange, and a apple sitting in a pile."
/home/swq/Code/Qwen2.5-VL/qwen_lora_coco_caption/coco_2014_caption/547726.jpg,A young person wearing a baseball uniform and a catchers mitt.
/home/swq/Code/Qwen2.5-VL/qwen_lora_coco_caption/coco_2014_caption/136445.jpg,A living room filled with furniture and a window with min blinds.
/home/swq/Code/Qwen2.5-VL/qwen_lora_coco_caption/coco_2014_caption/463338.jpg,A group of large and small elephants are in the grass.
/home/swq/Code/Qwen2.5-VL/qwen_lora_coco_caption/coco_2014_caption/379115.jpg,a steeple with a clock a building and some wires
/home/swq/Code/Qwen2.5-VL/qwen_lora_coco_caption/coco_2014_caption/278211.jpg,A women who has a pile of teddy bears in front of her.
/home/swq/Code/Qwen2.5-VL/qwen_lora_coco_caption/coco_2014_caption/548652.jpg,A building with a red and blue neon sign next to a  sidewalk.
/home/swq/Code/Qwen2.5-VL/qwen_lora_coco_caption/coco_2014_caption/559162.jpg,A kitchen filled with a stove top oven and lots of counter space.
/home/swq/Code/Qwen2.5-VL/qwen_lora_coco_caption/coco_2014_caption/342885.jpg,A black dog moving with a green toy in its mouth.
/home/swq/Code/Qwen2.5-VL/qwen_lora_coco_caption/coco_2014_caption/237241.jpg,a small child is lying down on top of the bed.
/home/swq/Code/Qwen2.5-VL/qwen_lora_coco_caption/coco_2014_caption/200376.jpg,an image of a dog sitting on a chair
/home/swq/Code/Qwen2.5-VL/qwen_lora_coco_caption/coco_2014_caption/58731.jpg,A wooden table with two cups on saucers on top of it.
/home/swq/Code/Qwen2.5-VL/qwen_lora_coco_caption/coco_2014_caption/223373.jpg,A man holding a baseball bat while standing next to home plate.
/home/swq/Code/Qwen2.5-VL/qwen_lora_coco_caption/coco_2014_caption/29751.jpg,A black dog and white cat playing in grass.
/home/swq/Code/Qwen2.5-VL/qwen_lora_coco_caption/coco_2014_caption/419497.jpg,That looks like a fully grown bear walking in the grass.
/home/swq/Code/Qwen2.5-VL/qwen_lora_coco_caption/coco_2014_caption/458751.jpg,A person standing on 4 different colored fire hydrants 
/home/swq/Code/Qwen2.5-VL/qwen_lora_coco_caption/coco_2014_caption/452495.jpg,A young man holding a baseball bat while standing on a field.
/home/swq/Code/Qwen2.5-VL/qwen_lora_coco_caption/coco_2014_caption/131564.jpg,a close up ofa cat playing with a shoe on the ground
/home/swq/Code/Qwen2.5-VL/qwen_lora_coco_caption/coco_2014_caption/111319.jpg,Many old ovens and refrigerators are collected together.
/home/swq/Code/Qwen2.5-VL/qwen_lora_coco_caption/coco_2014_caption/107277.jpg,a narrow bathroom features a small shower at the end of the wall
/home/swq/Code/Qwen2.5-VL/qwen_lora_coco_caption/coco_2014_caption/350755.jpg,Photographer looks down at his own feet while a number of people play on a snowy hill.
/home/swq/Code/Qwen2.5-VL/qwen_lora_coco_caption/coco_2014_caption/393686.jpg,A brown cow eating flowers and grass in a field.
/home/swq/Code/Qwen2.5-VL/qwen_lora_coco_caption/coco_2014_caption/375680.jpg,A large blue bus traveling down a small street next to tall buildings.
/home/swq/Code/Qwen2.5-VL/qwen_lora_coco_caption/coco_2014_caption/9846.jpg,A group of young girls playing a game of soccer.
/home/swq/Code/Qwen2.5-VL/qwen_lora_coco_caption/coco_2014_caption/567937.jpg,a baby elephant laying down next to a bigger elephant
/home/swq/Code/Qwen2.5-VL/qwen_lora_coco_caption/coco_2014_caption/577982.jpg,a man sits on a mountain with some skis on 
/home/swq/Code/Qwen2.5-VL/qwen_lora_coco_caption/coco_2014_caption/44700.jpg,A man in beard and glasses with a red and white suit on.
/home/swq/Code/Qwen2.5-VL/qwen_lora_coco_caption/coco_2014_caption/83808.jpg,A man skiis down a hill as snow falls.
/home/swq/Code/Qwen2.5-VL/qwen_lora_coco_caption/coco_2014_caption/33361.jpg,A big pile of soft and cuddly pandas on a table.
/home/swq/Code/Qwen2.5-VL/qwen_lora_coco_caption/coco_2014_caption/246848.jpg,A truck cab driving around a corner toward the camera.
/home/swq/Code/Qwen2.5-VL/qwen_lora_coco_caption/coco_2014_caption/240887.jpg,Two people standing next to one another holding cell phones.
/home/swq/Code/Qwen2.5-VL/qwen_lora_coco_caption/coco_2014_caption/539830.jpg,A young man riding a skateboard near a forest.
/home/swq/Code/Qwen2.5-VL/qwen_lora_coco_caption/coco_2014_caption/346799.jpg,There is someone holding an vanilla icecream cookiewhich
/home/swq/Code/Qwen2.5-VL/qwen_lora_coco_caption/coco_2014_caption/216778.jpg,A man with no shirt rides a skateboard over a ledge of a skateboard park.
/home/swq/Code/Qwen2.5-VL/qwen_lora_coco_caption/coco_2014_caption/135628.jpg,A bird sitting on top of a white bowl next to a bird on a white plate.
/home/swq/Code/Qwen2.5-VL/qwen_lora_coco_caption/coco_2014_caption/270070.jpg,A long dirt road going through a forest.
/home/swq/Code/Qwen2.5-VL/qwen_lora_coco_caption/coco_2014_caption/15198.jpg,A person kneeling behind a dog with words stating the dog is adopted across the picture.
/home/swq/Code/Qwen2.5-VL/qwen_lora_coco_caption/coco_2014_caption/89202.jpg,A man in a wet suit standing on a surfboard in the water. 
/home/swq/Code/Qwen2.5-VL/qwen_lora_coco_caption/coco_2014_caption/161937.jpg,Two bears that are standing in the water.
/home/swq/Code/Qwen2.5-VL/qwen_lora_coco_caption/coco_2014_caption/251789.jpg,A couple of women standing next to a clock.
/home/swq/Code/Qwen2.5-VL/qwen_lora_coco_caption/coco_2014_caption/230210.jpg,A group of three military personal cutting a cake.
/home/swq/Code/Qwen2.5-VL/qwen_lora_coco_caption/coco_2014_caption/347877.jpg,A woman holding a tennis racquet on a tennis court.
/home/swq/Code/Qwen2.5-VL/qwen_lora_coco_caption/coco_2014_caption/489195.jpg,A man standing in a wine cellar filled with barrels of wine.
/home/swq/Code/Qwen2.5-VL/qwen_lora_coco_caption/coco_2014_caption/474803.jpg,A motorcycle sits in front of a white cloth while on the pavement.
/home/swq/Code/Qwen2.5-VL/qwen_lora_coco_caption/coco_2014_caption/198969.jpg,"A view of a bunch of sinks, in a black and white photo."
/home/swq/Code/Qwen2.5-VL/qwen_lora_coco_caption/coco_2014_caption/316444.jpg,A pizza sitting on top of a pan next to an oven.
/home/swq/Code/Qwen2.5-VL/qwen_lora_coco_caption/coco_2014_caption/260360.jpg,Two computer screens that are sitting in front of keyboards.
/home/swq/Code/Qwen2.5-VL/qwen_lora_coco_caption/coco_2014_caption/509128.jpg,A man prepares to throw a white Frisbee.
/home/swq/Code/Qwen2.5-VL/qwen_lora_coco_caption/coco_2014_caption/581038.jpg,A white stove top oven with it's door partially open.
/home/swq/Code/Qwen2.5-VL/qwen_lora_coco_caption/coco_2014_caption/206932.jpg,snowboards and skis in the snow with their riders
/home/swq/Code/Qwen2.5-VL/qwen_lora_coco_caption/coco_2014_caption/185826.jpg,a tal tower with a clock on the top of it
/home/swq/Code/Qwen2.5-VL/qwen_lora_coco_caption/coco_2014_caption/457962.jpg,A man and his son eating donuts at a restaurant.
/home/swq/Code/Qwen2.5-VL/qwen_lora_coco_caption/coco_2014_caption/65356.jpg,A small black and white dog sitting on a yellow davenport.
/home/swq/Code/Qwen2.5-VL/qwen_lora_coco_caption/coco_2014_caption/358580.jpg,a person standing on a road with many cars 
/home/swq/Code/Qwen2.5-VL/qwen_lora_coco_caption/coco_2014_caption/491989.jpg,A woman with a yellow Frisbee in her hands.
/home/swq/Code/Qwen2.5-VL/qwen_lora_coco_caption/coco_2014_caption/505687.jpg,A bathroom corner with a white toilet on white wall.
/home/swq/Code/Qwen2.5-VL/qwen_lora_coco_caption/coco_2014_caption/509564.jpg,A truck with its back full of photographers driving slowly down a city street.
/home/swq/Code/Qwen2.5-VL/qwen_lora_coco_caption/coco_2014_caption/325444.jpg,A street light with a green sign hanging from it's side.
/home/swq/Code/Qwen2.5-VL/qwen_lora_coco_caption/coco_2014_caption/226658.jpg,"Two women preparing food in a kitchen, one at the sink and one at the table"
/home/swq/Code/Qwen2.5-VL/qwen_lora_coco_caption/coco_2014_caption/71124.jpg,A person on a surfboard in the water.
/home/swq/Code/Qwen2.5-VL/qwen_lora_coco_caption/coco_2014_caption/159324.jpg,Two people are walking down a street with umbrellas in the rain behind a couple also walking in the rain.
/home/swq/Code/Qwen2.5-VL/qwen_lora_coco_caption/coco_2014_caption/365582.jpg,A kitchen counter top with a microwave oven and other utensils.
/home/swq/Code/Qwen2.5-VL/qwen_lora_coco_caption/coco_2014_caption/475932.jpg,A man and a woman sitting on a wooden park bench.
/home/swq/Code/Qwen2.5-VL/qwen_lora_coco_caption/coco_2014_caption/291451.jpg,Two red trains sitting inside of a garage.
/home/swq/Code/Qwen2.5-VL/qwen_lora_coco_caption/coco_2014_caption/232329.jpg,Two people stand near bicycles behind a motorcyclist driving on the street.
/home/swq/Code/Qwen2.5-VL/qwen_lora_coco_caption/coco_2014_caption/217864.jpg,A couple of street signs on top of a pedestrian crossing sign.
/home/swq/Code/Qwen2.5-VL/qwen_lora_coco_caption/coco_2014_caption/37913.jpg,A green and white bus parked next to a building.
/home/swq/Code/Qwen2.5-VL/qwen_lora_coco_caption/coco_2014_caption/492297.jpg,A woman holding a dog wearing a hat and sunglasses.
/home/swq/Code/Qwen2.5-VL/qwen_lora_coco_caption/coco_2014_caption/380657.jpg,The person skis in snow that is waist deep.
/home/swq/Code/Qwen2.5-VL/qwen_lora_coco_caption/coco_2014_caption/78225.jpg,A man standing on a tennis court holding a tennis racquet.
/home/swq/Code/Qwen2.5-VL/qwen_lora_coco_caption/coco_2014_caption/393781.jpg,"A plate of food with a fork, rice, meat and broccoli on it. "
/home/swq/Code/Qwen2.5-VL/qwen_lora_coco_caption/coco_2014_caption/410898.jpg,A military motorcade riding motorcycles down the street.
/home/swq/Code/Qwen2.5-VL/qwen_lora_coco_caption/coco_2014_caption/560573.jpg,a man that is looking at a frizbee
/home/swq/Code/Qwen2.5-VL/qwen_lora_coco_caption/coco_2014_caption/435218.jpg,A kitchen with a metal stove and metal electronic dishwasher.
/home/swq/Code/Qwen2.5-VL/qwen_lora_coco_caption/coco_2014_caption/338745.jpg,A double decker bus is shown driving through the street.
/home/swq/Code/Qwen2.5-VL/qwen_lora_coco_caption/coco_2014_caption/564904.jpg,A young boy is enjoying his foot long chili dog.
/home/swq/Code/Qwen2.5-VL/qwen_lora_coco_caption/coco_2014_caption/55984.jpg,An attentive lifeguard watches swimmers in the ocean
/home/swq/Code/Qwen2.5-VL/qwen_lora_coco_caption/coco_2014_caption/244979.jpg,A black and white photo of a horse grazing.
/home/swq/Code/Qwen2.5-VL/qwen_lora_coco_caption/coco_2014_caption/252272.jpg,A modern clock hangs on the walkway ceiling outside an office
/home/swq/Code/Qwen2.5-VL/qwen_lora_coco_caption/coco_2014_caption/488583.jpg,A man pushing a lot of luggage in an airport.
/home/swq/Code/Qwen2.5-VL/qwen_lora_coco_caption/coco_2014_caption/499204.jpg,A couple of hot dogs and a drink on a counter.
/home/swq/Code/Qwen2.5-VL/qwen_lora_coco_caption/coco_2014_caption/534353.jpg,A horse and rider jump an obstacle during an equestrian event
/home/swq/Code/Qwen2.5-VL/qwen_lora_coco_caption/coco_2014_caption/505595.jpg,horse and buggy going down a road next to a car
/home/swq/Code/Qwen2.5-VL/qwen_lora_coco_caption/coco_2014_caption/562590.jpg,A man is snow skiing next to tree tops.
/home/swq/Code/Qwen2.5-VL/qwen_lora_coco_caption/coco_2014_caption/6603.jpg,A man riding on the back of an elephant near a lake.
/home/swq/Code/Qwen2.5-VL/qwen_lora_coco_caption/coco_2014_caption/326210.jpg,"A desk with a laptop, computer, headphones and a book on it."
/home/swq/Code/Qwen2.5-VL/qwen_lora_coco_caption/coco_2014_caption/47833.jpg,A brown refrigerator freezer sitting inside of a kitchen.
/home/swq/Code/Qwen2.5-VL/qwen_lora_coco_caption/coco_2014_caption/108254.jpg,A two-person vanity is below a mirror in the bathroom.
/home/swq/Code/Qwen2.5-VL/qwen_lora_coco_caption/coco_2014_caption/330041.jpg,A lit up stop sign that is on the side of a street.
/home/swq/Code/Qwen2.5-VL/qwen_lora_coco_caption/coco_2014_caption/471609.jpg,A person surfing on the surfboard in the sea.
/home/swq/Code/Qwen2.5-VL/qwen_lora_coco_caption/coco_2014_caption/26978.jpg,A yellow banana sitting on top of a bed.
/home/swq/Code/Qwen2.5-VL/qwen_lora_coco_caption/coco_2014_caption/188009.jpg,A man in white shirt skateboarding between cones.
/home/swq/Code/Qwen2.5-VL/qwen_lora_coco_caption/coco_2014_caption/561630.jpg,A man sitting in front of a laptop computer at a desk.
/home/swq/Code/Qwen2.5-VL/qwen_lora_coco_caption/coco_2014_caption/495489.jpg,A couple of cooks preparing food inside of a kitchen.
/home/swq/Code/Qwen2.5-VL/qwen_lora_coco_caption/coco_2014_caption/468035.jpg,A brown horse is standing next to a person.
/home/swq/Code/Qwen2.5-VL/qwen_lora_coco_caption/coco_2014_caption/58997.jpg,A dock filled with boats in a lake during a sunset
/home/swq/Code/Qwen2.5-VL/qwen_lora_coco_caption/coco_2014_caption/567179.jpg,"A bathroom with a toilet, sink and toilet paper roll."
/home/swq/Code/Qwen2.5-VL/qwen_lora_coco_caption/coco_2014_caption/384327.jpg,A blue and yellow jet flying past the Golden Gate Bridge
/home/swq/Code/Qwen2.5-VL/qwen_lora_coco_caption/coco_2014_caption/368589.jpg,A woman standing behind two expired parking meters.
/home/swq/Code/Qwen2.5-VL/qwen_lora_coco_caption/coco_2014_caption/427013.jpg,The zebra is walking alone on the grass today
/home/swq/Code/Qwen2.5-VL/qwen_lora_coco_caption/coco_2014_caption/541491.jpg,The desk is crowded with electronics and office equipment.
/home/swq/Code/Qwen2.5-VL/qwen_lora_coco_caption/coco_2014_caption/306049.jpg,A man riding a wave on a surfboard in the ocean.
/home/swq/Code/Qwen2.5-VL/qwen_lora_coco_caption/coco_2014_caption/322302.jpg,A black cat staring out the window behind a computer
/home/swq/Code/Qwen2.5-VL/qwen_lora_coco_caption/coco_2014_caption/580149.jpg,Toilet sending out a wooden wall above it
/home/swq/Code/Qwen2.5-VL/qwen_lora_coco_caption/coco_2014_caption/322427.jpg,A pallet is laid on the wooden floor in the apartment.
/home/swq/Code/Qwen2.5-VL/qwen_lora_coco_caption/coco_2014_caption/252627.jpg,A dog standing at a window looking out with great anticipation.
/home/swq/Code/Qwen2.5-VL/qwen_lora_coco_caption/coco_2014_caption/16520.jpg,A sheep relaxing on the grass with it's eyes open.
/home/swq/Code/Qwen2.5-VL/qwen_lora_coco_caption/coco_2014_caption/113168.jpg,There is a small dog sitting on top of the microwave.
/home/swq/Code/Qwen2.5-VL/qwen_lora_coco_caption/coco_2014_caption/341768.jpg,A CITY BUS IS ON THE SIDE CURB 
/home/swq/Code/Qwen2.5-VL/qwen_lora_coco_caption/coco_2014_caption/157153.jpg,a couple of school buses and a train on the street 
/home/swq/Code/Qwen2.5-VL/qwen_lora_coco_caption/coco_2014_caption/506073.jpg,A female and young boy in the same room each playing video games on separate televisions.
/home/swq/Code/Qwen2.5-VL/qwen_lora_coco_caption/coco_2014_caption/123837.jpg,A table filled with plates and bowls of food.
/home/swq/Code/Qwen2.5-VL/qwen_lora_coco_caption/coco_2014_caption/54996.jpg,This picture appears to be a model double decker bus.
/home/swq/Code/Qwen2.5-VL/qwen_lora_coco_caption/coco_2014_caption/540407.jpg,A boat sitting on a beach next to the ocean
/home/swq/Code/Qwen2.5-VL/qwen_lora_coco_caption/coco_2014_caption/225608.jpg,Pedestrians walking down a city street in a winter scene.
/home/swq/Code/Qwen2.5-VL/qwen_lora_coco_caption/coco_2014_caption/319991.jpg,a man holding a package of hot dogs outdoors with his dog
/home/swq/Code/Qwen2.5-VL/qwen_lora_coco_caption/coco_2014_caption/101643.jpg,A red and black motorcycle is on the side of the road by a field of wildflowers.
/home/swq/Code/Qwen2.5-VL/qwen_lora_coco_caption/coco_2014_caption/107941.jpg,A metal sign sitting on the side of a red brick building.
/home/swq/Code/Qwen2.5-VL/qwen_lora_coco_caption/coco_2014_caption/38213.jpg,Cat standing on sink edge next to running faucet. 
/home/swq/Code/Qwen2.5-VL/qwen_lora_coco_caption/coco_2014_caption/346930.jpg,A thick crust pizza covers the whole table.
/home/swq/Code/Qwen2.5-VL/qwen_lora_coco_caption/coco_2014_caption/118242.jpg,The herd of elephants is traipsing through the wet field in the jungle.
/home/swq/Code/Qwen2.5-VL/qwen_lora_coco_caption/coco_2014_caption/338535.jpg,Two little girls standing next to each other wearing school uniforms.
/home/swq/Code/Qwen2.5-VL/qwen_lora_coco_caption/coco_2014_caption/35664.jpg,A living room filled with furniture and large window.
/home/swq/Code/Qwen2.5-VL/qwen_lora_coco_caption/coco_2014_caption/220651.jpg,Two standing zebras and one mounting zebra outside within an enclosure.
/home/swq/Code/Qwen2.5-VL/qwen_lora_coco_caption/coco_2014_caption/571160.jpg,A man standing next to a taller man on a tennis court.
/home/swq/Code/Qwen2.5-VL/qwen_lora_coco_caption/coco_2014_caption/28317.jpg,A black car driving in snow next to a stop sign.
/home/swq/Code/Qwen2.5-VL/qwen_lora_coco_caption/coco_2014_caption/542472.jpg,A white plate topped with a salad next to a glass of OJ.
/home/swq/Code/Qwen2.5-VL/qwen_lora_coco_caption/coco_2014_caption/466450.jpg,A giraffe smelling a fence that is keeping it in.
/home/swq/Code/Qwen2.5-VL/qwen_lora_coco_caption/coco_2014_caption/497001.jpg,a red woody with paneled sides and a surfboard on top
/home/swq/Code/Qwen2.5-VL/qwen_lora_coco_caption/coco_2014_caption/35497.jpg,A train parked inside of a station next to giant pillars.
/home/swq/Code/Qwen2.5-VL/qwen_lora_coco_caption/coco_2014_caption/253004.jpg,A little kids train book setting on a keyboard.
/home/swq/Code/Qwen2.5-VL/qwen_lora_coco_caption/coco_2014_caption/378344.jpg,there is a stop sign that looks different from other stop signs
/home/swq/Code/Qwen2.5-VL/qwen_lora_coco_caption/coco_2014_caption/365205.jpg,Curious cat startled at her image in the mirror.  
/home/swq/Code/Qwen2.5-VL/qwen_lora_coco_caption/coco_2014_caption/72969.jpg,Two young men walking down a sidewalk holding a baseball bat.
/home/swq/Code/Qwen2.5-VL/qwen_lora_coco_caption/coco_2014_caption/152557.jpg,Adults watch a young child fly his kite on a beach.
/home/swq/Code/Qwen2.5-VL/qwen_lora_coco_caption/coco_2014_caption/11638.jpg,"Looking down at a squat style toilet, water bucket and sink"
/home/swq/Code/Qwen2.5-VL/qwen_lora_coco_caption/coco_2014_caption/284639.jpg,A TV stand with a TV on top of it next to a desktop computer.
/home/swq/Code/Qwen2.5-VL/qwen_lora_coco_caption/coco_2014_caption/207289.jpg,A couple of small brown pugs laying next to each other.
/home/swq/Code/Qwen2.5-VL/qwen_lora_coco_caption/coco_2014_caption/429809.jpg,A man standing on a tennis court in front of a ball.
/home/swq/Code/Qwen2.5-VL/qwen_lora_coco_caption/coco_2014_caption/210951.jpg,A large elephant standing over a small elephant.
/home/swq/Code/Qwen2.5-VL/qwen_lora_coco_caption/coco_2014_caption/334480.jpg,a couple of cows are standing in a field
/home/swq/Code/Qwen2.5-VL/qwen_lora_coco_caption/coco_2014_caption/278347.jpg,A group of people looking at an old motorcycle.
/home/swq/Code/Qwen2.5-VL/qwen_lora_coco_caption/coco_2014_caption/234244.jpg,"Three Asian guys, two of which are holding Wii remote controls."
/home/swq/Code/Qwen2.5-VL/qwen_lora_coco_caption/coco_2014_caption/13576.jpg,A man sitting next to a woman at a table with food.
/home/swq/Code/Qwen2.5-VL/qwen_lora_coco_caption/coco_2014_caption/8892.jpg, clock mounted on a brick wall displays the time
/home/swq/Code/Qwen2.5-VL/qwen_lora_coco_caption/coco_2014_caption/373476.jpg,A woman with large breast sitting on a couch in front of a laptop.
/home/swq/Code/Qwen2.5-VL/qwen_lora_coco_caption/coco_2014_caption/510899.jpg,There are birds standing around a parking lot
/home/swq/Code/Qwen2.5-VL/qwen_lora_coco_caption/coco_2014_caption/335339.jpg,A white police car driving down a street.
/home/swq/Code/Qwen2.5-VL/qwen_lora_coco_caption/coco_2014_caption/8785.jpg,A desktop computer monitor sitting on top of a white desk.
/home/swq/Code/Qwen2.5-VL/qwen_lora_coco_caption/coco_2014_caption/117507.jpg,A person's feet standing and balancing on a skateboard.
/home/swq/Code/Qwen2.5-VL/qwen_lora_coco_caption/coco_2014_caption/95210.jpg,A red bus pulls out onto the street in a foreign country.
/home/swq/Code/Qwen2.5-VL/qwen_lora_coco_caption/coco_2014_caption/482885.jpg,A woman is on a field playing a baseball game.
/home/swq/Code/Qwen2.5-VL/qwen_lora_coco_caption/coco_2014_caption/408576.jpg,a person holding a hair tool in their hands.
/home/swq/Code/Qwen2.5-VL/qwen_lora_coco_caption/coco_2014_caption/138234.jpg,A single large elephant at the edge of a river. 
/home/swq/Code/Qwen2.5-VL/qwen_lora_coco_caption/coco_2014_caption/189542.jpg,An elephant partially hidden behind a large rock.
/home/swq/Code/Qwen2.5-VL/qwen_lora_coco_caption/coco_2014_caption/200455.jpg,This open faced sandwich comes with fries on the side
/home/swq/Code/Qwen2.5-VL/qwen_lora_coco_caption/coco_2014_caption/507252.jpg,A woman eating a hot dog on a bun.
/home/swq/Code/Qwen2.5-VL/qwen_lora_coco_caption/coco_2014_caption/528154.jpg,Two cows are walking along the fence of their pasture.
/home/swq/Code/Qwen2.5-VL/qwen_lora_coco_caption/coco_2014_caption/300399.jpg,A man wearing a striped shirt show off his Dell net book.
/home/swq/Code/Qwen2.5-VL/qwen_lora_coco_caption/coco_2014_caption/435920.jpg,"A pizza sits on the table with pepperoni, cheese, ricotta cheese and topped with greens."
/home/swq/Code/Qwen2.5-VL/qwen_lora_coco_caption/coco_2014_caption/533619.jpg,Two women are putting pies in the oven.
/home/swq/Code/Qwen2.5-VL/qwen_lora_coco_caption/coco_2014_caption/539966.jpg,"A person walking near a large building in the rain, holding an umbrella."
/home/swq/Code/Qwen2.5-VL/qwen_lora_coco_caption/coco_2014_caption/322024.jpg,Two buses make a stop outside of a building.
/home/swq/Code/Qwen2.5-VL/qwen_lora_coco_caption/coco_2014_caption/18683.jpg,A child holding a cell phone and children on a bed.
/home/swq/Code/Qwen2.5-VL/qwen_lora_coco_caption/coco_2014_caption/347590.jpg,A lamp is lit on the nightstand beside the turned-down bed.
/home/swq/Code/Qwen2.5-VL/qwen_lora_coco_caption/coco_2014_caption/220364.jpg,A man holding a phone in front of a monkey.
/home/swq/Code/Qwen2.5-VL/qwen_lora_coco_caption/coco_2014_caption/153609.jpg,Two business men converse while walking a stone road. 
/home/swq/Code/Qwen2.5-VL/qwen_lora_coco_caption/coco_2014_caption/430230.jpg,An exited dog is running toward the camera with a frisbee in his mouth.
/home/swq/Code/Qwen2.5-VL/qwen_lora_coco_caption/coco_2014_caption/118590.jpg,a horse drawn carriage on a city street 
/home/swq/Code/Qwen2.5-VL/qwen_lora_coco_caption/coco_2014_caption/175427.jpg,A person standing by a bottle on a counter.
/home/swq/Code/Qwen2.5-VL/qwen_lora_coco_caption/coco_2014_caption/228123.jpg,A man stands on his surfboard while surfing a small wave.
/home/swq/Code/Qwen2.5-VL/qwen_lora_coco_caption/coco_2014_caption/411083.jpg,A jar of honey with a plate of food in the background.
/home/swq/Code/Qwen2.5-VL/qwen_lora_coco_caption/coco_2014_caption/552911.jpg,A person leading a horse next to the ocean.
/home/swq/Code/Qwen2.5-VL/qwen_lora_coco_caption/coco_2014_caption/504025.jpg,"The encompassing of an outside town in the picture.
"
/home/swq/Code/Qwen2.5-VL/qwen_lora_coco_caption/coco_2014_caption/354225.jpg,A young girl in a Baby Phat outfit holding food. 
/home/swq/Code/Qwen2.5-VL/qwen_lora_coco_caption/coco_2014_caption/447130.jpg,A person on a skateboard up in the air.
/home/swq/Code/Qwen2.5-VL/qwen_lora_coco_caption/coco_2014_caption/208386.jpg,a man stands in front of a train made of cake 
/home/swq/Code/Qwen2.5-VL/qwen_lora_coco_caption/coco_2014_caption/170809.jpg,A couple of people on the ground with umbrellas.
/home/swq/Code/Qwen2.5-VL/qwen_lora_coco_caption/coco_2014_caption/287434.jpg,A man doing a trick on a skateboard over a cement edge.
/home/swq/Code/Qwen2.5-VL/qwen_lora_coco_caption/coco_2014_caption/459793.jpg,A very tall clock tower with a weather vein on top of it.
/home/swq/Code/Qwen2.5-VL/qwen_lora_coco_caption/coco_2014_caption/196777.jpg,There are several motorcycles at the side of the road.
/home/swq/Code/Qwen2.5-VL/qwen_lora_coco_caption/coco_2014_caption/112252.jpg,"A white, blue, and red plane flies through the air."
/home/swq/Code/Qwen2.5-VL/qwen_lora_coco_caption/coco_2014_caption/391213.jpg,ladies in a kitchen doing something at the sink
/home/swq/Code/Qwen2.5-VL/qwen_lora_coco_caption/coco_2014_caption/98554.jpg,some people standing around by a table and chairs 
/home/swq/Code/Qwen2.5-VL/qwen_lora_coco_caption/coco_2014_caption/35004.jpg,a couple of people that are staring at doughnuts
/home/swq/Code/Qwen2.5-VL/qwen_lora_coco_caption/coco_2014_caption/181128.jpg,A large elephant walking through a wooded area
/home/swq/Code/Qwen2.5-VL/qwen_lora_coco_caption/coco_2014_caption/509021.jpg,orange and black cat lying in grass looking over his shoulder
/home/swq/Code/Qwen2.5-VL/qwen_lora_coco_caption/coco_2014_caption/435811.jpg,A bunch of busses are in a lot.
/home/swq/Code/Qwen2.5-VL/qwen_lora_coco_caption/coco_2014_caption/214803.jpg,A pair of skis and ski poles in the snow. 
/home/swq/Code/Qwen2.5-VL/qwen_lora_coco_caption/coco_2014_caption/102322.jpg,A close up of a urinal in a restroom.
/home/swq/Code/Qwen2.5-VL/qwen_lora_coco_caption/coco_2014_caption/111140.jpg,A group of people that are standing near a horse.
/home/swq/Code/Qwen2.5-VL/qwen_lora_coco_caption/coco_2014_caption/32819.jpg,A large green child's train with wheels traveling through a curvy road.
/home/swq/Code/Qwen2.5-VL/qwen_lora_coco_caption/coco_2014_caption/509626.jpg,a baseball player swings his bat at a ball 
/home/swq/Code/Qwen2.5-VL/qwen_lora_coco_caption/coco_2014_caption/37830.jpg,A guy on a surfboard in the ocean riding a wave.
/home/swq/Code/Qwen2.5-VL/qwen_lora_coco_caption/coco_2014_caption/136903.jpg,A woman standing next to an animal on top of a field.
/home/swq/Code/Qwen2.5-VL/qwen_lora_coco_caption/coco_2014_caption/340345.jpg,a group of giraffe standing next to each other in an open field
/home/swq/Code/Qwen2.5-VL/qwen_lora_coco_caption/coco_2014_caption/488011.jpg,A city bus travelling down a secluded street.
/home/swq/Code/Qwen2.5-VL/qwen_lora_coco_caption/coco_2014_caption/186791.jpg,A baseball player walks in the outfield of a baseball field.
/home/swq/Code/Qwen2.5-VL/qwen_lora_coco_caption/coco_2014_caption/423083.jpg,"A desk with two computers, one keyboard, a mouse, a soda and figures on it. "
/home/swq/Code/Qwen2.5-VL/qwen_lora_coco_caption/coco_2014_caption/579735.jpg,A young man on a skate board in mid air over a rail.
/home/swq/Code/Qwen2.5-VL/qwen_lora_coco_caption/coco_2014_caption/510591.jpg,A picture of some craft items that are on a table.
/home/swq/Code/Qwen2.5-VL/qwen_lora_coco_caption/coco_2014_caption/359548.jpg,A couple of people in a field flying a kite.
/home/swq/Code/Qwen2.5-VL/qwen_lora_coco_caption/coco_2014_caption/536752.jpg,A smiling man along with some friends are standing around in the snow.
/home/swq/Code/Qwen2.5-VL/qwen_lora_coco_caption/coco_2014_caption/572022.jpg,A vintage stove in a vintage kitchen that apparently has fire and water damage. 
/home/swq/Code/Qwen2.5-VL/qwen_lora_coco_caption/coco_2014_caption/380034.jpg,Two men shaking hands among a group of people.
/home/swq/Code/Qwen2.5-VL/qwen_lora_coco_caption/coco_2014_caption/212199.jpg,The person is walking on the concrete by the passenger bus.
/home/swq/Code/Qwen2.5-VL/qwen_lora_coco_caption/coco_2014_caption/86803.jpg,A man standing on a tennis court holding a racquet.
/home/swq/Code/Qwen2.5-VL/qwen_lora_coco_caption/coco_2014_caption/441129.jpg,A table topped with cakes on top of a wooden trays.
/home/swq/Code/Qwen2.5-VL/qwen_lora_coco_caption/coco_2014_caption/463753.jpg,A pizza sitting on a table next to a chocolate doughnut.
/home/swq/Code/Qwen2.5-VL/qwen_lora_coco_caption/coco_2014_caption/517510.jpg,A Metro train is on the rails between buildings.
/home/swq/Code/Qwen2.5-VL/qwen_lora_coco_caption/coco_2014_caption/136015.jpg,A guy sitting on the corner of a wide city street.
/home/swq/Code/Qwen2.5-VL/qwen_lora_coco_caption/coco_2014_caption/540496.jpg,A bicycle leans on a red double-decker bus.
/home/swq/Code/Qwen2.5-VL/qwen_lora_coco_caption/coco_2014_caption/363318.jpg,A woman returning a shot at a tennis match.
/home/swq/Code/Qwen2.5-VL/qwen_lora_coco_caption/coco_2014_caption/496128.jpg,Two men standing next to each other at a bar having a drink.
/home/swq/Code/Qwen2.5-VL/qwen_lora_coco_caption/coco_2014_caption/16567.jpg,Three surfers can be seen trying to catch a wave.
/home/swq/Code/Qwen2.5-VL/qwen_lora_coco_caption/coco_2014_caption/422910.jpg,A cat is asleep in the open luggage.
/home/swq/Code/Qwen2.5-VL/qwen_lora_coco_caption/coco_2014_caption/319259.jpg,A person is standing at the edge of the water on a beach.
/home/swq/Code/Qwen2.5-VL/qwen_lora_coco_caption/coco_2014_caption/117156.jpg,Children in festive clothes parade along with kites above them.
/home/swq/Code/Qwen2.5-VL/qwen_lora_coco_caption/coco_2014_caption/371307.jpg,a blue cup on a sign hanging outside
/home/swq/Code/Qwen2.5-VL/qwen_lora_coco_caption/coco_2014_caption/537064.jpg,A lighthouse stands on the edge of a pier near the ocean.
/home/swq/Code/Qwen2.5-VL/qwen_lora_coco_caption/coco_2014_caption/493484.jpg,Player taking swing at ball during game with spectators in seats.
/home/swq/Code/Qwen2.5-VL/qwen_lora_coco_caption/coco_2014_caption/341534.jpg,This is a bathroom with a toilet sink and bath
/home/swq/Code/Qwen2.5-VL/qwen_lora_coco_caption/coco_2014_caption/399298.jpg,a blue plate a fork and some carrots and other vegetables
/home/swq/Code/Qwen2.5-VL/qwen_lora_coco_caption/coco_2014_caption/291206.jpg,A piece of red luggage sitting against a dilapidated wall.
/home/swq/Code/Qwen2.5-VL/qwen_lora_coco_caption/coco_2014_caption/228920.jpg,A young boy who is using a pair of scissors.
/home/swq/Code/Qwen2.5-VL/qwen_lora_coco_caption/coco_2014_caption/42735.jpg,A coffee mug sits next to a keyboard on a desk.
/home/swq/Code/Qwen2.5-VL/qwen_lora_coco_caption/coco_2014_caption/135982.jpg,A lone horse grazes on grass near trees.
/home/swq/Code/Qwen2.5-VL/qwen_lora_coco_caption/coco_2014_caption/273205.jpg,A lamp is standing on the curb next to a parking meter.
/home/swq/Code/Qwen2.5-VL/qwen_lora_coco_caption/coco_2014_caption/156197.jpg,A street with cars parked on the side of it.
/home/swq/Code/Qwen2.5-VL/qwen_lora_coco_caption/coco_2014_caption/121000.jpg,a large wall built on beach to separate two sides
/home/swq/Code/Qwen2.5-VL/qwen_lora_coco_caption/coco_2014_caption/252105.jpg,A group of people playing a game with Nintendo Wii controllers.
/home/swq/Code/Qwen2.5-VL/qwen_lora_coco_caption/coco_2014_caption/517485.jpg,A man riding a bike while popping a wheelie.
/home/swq/Code/Qwen2.5-VL/qwen_lora_coco_caption/coco_2014_caption/36758.jpg,"A meal of eggs, bacon, bread, cheese and ham on a white plate is shown over a cobblestone street."
/home/swq/Code/Qwen2.5-VL/qwen_lora_coco_caption/coco_2014_caption/418393.jpg,Two adult giraffes with their necks entangled together. 
/home/swq/Code/Qwen2.5-VL/qwen_lora_coco_caption/coco_2014_caption/124889.jpg,this bathroom has blue tiles and a white toilet
/home/swq/Code/Qwen2.5-VL/qwen_lora_coco_caption/coco_2014_caption/506792.jpg,a blue door and a red black and white fire hydrant 
/home/swq/Code/Qwen2.5-VL/qwen_lora_coco_caption/coco_2014_caption/243829.jpg,A little girl standing and facing a fence with animals behind it.
/home/swq/Code/Qwen2.5-VL/qwen_lora_coco_caption/coco_2014_caption/532789.jpg,Woman smiling at celebration with lit candles on cake and guests present.
/home/swq/Code/Qwen2.5-VL/qwen_lora_coco_caption/coco_2014_caption/380752.jpg,A women with a baseball bat and helmet on.
/home/swq/Code/Qwen2.5-VL/qwen_lora_coco_caption/coco_2014_caption/426300.jpg,A group of individuals looking at various wine on a table.
/home/swq/Code/Qwen2.5-VL/qwen_lora_coco_caption/coco_2014_caption/376715.jpg,A child petting a cows head while sitting in a grassy field
/home/swq/Code/Qwen2.5-VL/qwen_lora_coco_caption/coco_2014_caption/484246.jpg,a giraffe is standing in a grassy field
/home/swq/Code/Qwen2.5-VL/qwen_lora_coco_caption/coco_2014_caption/277401.jpg,An unmade double bed with clothes on it and a single bed in a motel room.
/home/swq/Code/Qwen2.5-VL/qwen_lora_coco_caption/coco_2014_caption/201308.jpg,A grizzle bear looking concerned while in the woods.
/home/swq/Code/Qwen2.5-VL/qwen_lora_coco_caption/coco_2014_caption/77027.jpg,A dog that is sitting near a bench.
/home/swq/Code/Qwen2.5-VL/qwen_lora_coco_caption/coco_2014_caption/18414.jpg,"A wok is shown, with fresh vegetables in a sauce."
/home/swq/Code/Qwen2.5-VL/qwen_lora_coco_caption/coco_2014_caption/132141.jpg,A man flying through the air while riding a skateboard.
/home/swq/Code/Qwen2.5-VL/qwen_lora_coco_caption/coco_2014_caption/568492.jpg,a man sitting at a table with a laptop computer sitting on a table in front of him
/home/swq/Code/Qwen2.5-VL/qwen_lora_coco_caption/coco_2014_caption/30449.jpg,A kitchen with lots of blue cabinets and brown counter tops.
/home/swq/Code/Qwen2.5-VL/qwen_lora_coco_caption/coco_2014_caption/119021.jpg,A woman riding roller skates in an attic.
/home/swq/Code/Qwen2.5-VL/qwen_lora_coco_caption/coco_2014_caption/90882.jpg,A white stove top oven sitting next to a set of drawers.
/home/swq/Code/Qwen2.5-VL/qwen_lora_coco_caption/coco_2014_caption/229827.jpg,A picture of a group of children playing Wii.
/home/swq/Code/Qwen2.5-VL/qwen_lora_coco_caption/coco_2014_caption/123214.jpg,Kite flying takes place all around the Washington Monument.
/home/swq/Code/Qwen2.5-VL/qwen_lora_coco_caption/coco_2014_caption/451893.jpg,Several boats are tied up on a lake.
/home/swq/Code/Qwen2.5-VL/qwen_lora_coco_caption/coco_2014_caption/465941.jpg,A professional baseball player looks at the ball he is carrying
/home/swq/Code/Qwen2.5-VL/qwen_lora_coco_caption/coco_2014_caption/316250.jpg,A clock is on the ceiling in front of a row of lamps.
/home/swq/Code/Qwen2.5-VL/qwen_lora_coco_caption/coco_2014_caption/570486.jpg,A sign of chasing arrows near some cars of some sort.
/home/swq/Code/Qwen2.5-VL/qwen_lora_coco_caption/coco_2014_caption/79247.jpg,A lone giraffe standing on a grassy field.
/home/swq/Code/Qwen2.5-VL/qwen_lora_coco_caption/coco_2014_caption/204375.jpg,A couple of farm animals standing in the grass behind a stone wall.
/home/swq/Code/Qwen2.5-VL/qwen_lora_coco_caption/coco_2014_caption/332556.jpg,A lone brown horse standing in a tree lined field.
/home/swq/Code/Qwen2.5-VL/qwen_lora_coco_caption/coco_2014_caption/340733.jpg,A pan with a pizza on top of it.
/home/swq/Code/Qwen2.5-VL/qwen_lora_coco_caption/coco_2014_caption/468276.jpg,A meal on a paper plate with plastic silverware
/home/swq/Code/Qwen2.5-VL/qwen_lora_coco_caption/coco_2014_caption/117289.jpg,A silver and blue fire hydrant on a street corner.
/home/swq/Code/Qwen2.5-VL/qwen_lora_coco_caption/coco_2014_caption/149737.jpg,a bathroom with toilet paper on the ground 
/home/swq/Code/Qwen2.5-VL/qwen_lora_coco_caption/coco_2014_caption/18816.jpg,A woman in black jacket standing with skis next to a blue and white train.
/home/swq/Code/Qwen2.5-VL/qwen_lora_coco_caption/coco_2014_caption/566993.jpg,A woman walks on a tennis court while holding a tennis racket.
/home/swq/Code/Qwen2.5-VL/qwen_lora_coco_caption/coco_2014_caption/411155.jpg,A few bikes parked in front of a blue building.
/home/swq/Code/Qwen2.5-VL/qwen_lora_coco_caption/coco_2014_caption/153259.jpg,A brown teddy bear sitting with a giant cupcake on it's lap.
/home/swq/Code/Qwen2.5-VL/qwen_lora_coco_caption/coco_2014_caption/282567.jpg,a black and white photo of a train 
/home/swq/Code/Qwen2.5-VL/qwen_lora_coco_caption/coco_2014_caption/115845.jpg,A wall mounted with clocks displaying different time zones.
/home/swq/Code/Qwen2.5-VL/qwen_lora_coco_caption/coco_2014_caption/409821.jpg,A floor with lots of different items and a bag.
/home/swq/Code/Qwen2.5-VL/qwen_lora_coco_caption/coco_2014_caption/790.jpg,a family is sitting down at a table to have cake
/home/swq/Code/Qwen2.5-VL/qwen_lora_coco_caption/coco_2014_caption/87901.jpg,A small baby elephant walking through a pool of water.
/home/swq/Code/Qwen2.5-VL/qwen_lora_coco_caption/coco_2014_caption/231992.jpg,there are teddy bears under a blue blanket
/home/swq/Code/Qwen2.5-VL/qwen_lora_coco_caption/coco_2014_caption/215582.jpg,A young man eating a piece of chocolate cake on top of a red plate.
/home/swq/Code/Qwen2.5-VL/qwen_lora_coco_caption/coco_2014_caption/18529.jpg,Two older men cutting a slice of cake together.
/home/swq/Code/Qwen2.5-VL/qwen_lora_coco_caption/coco_2014_caption/507390.jpg,A mirror on a bus reflecting the inside of a bus.
/home/swq/Code/Qwen2.5-VL/qwen_lora_coco_caption/coco_2014_caption/370729.jpg,A man doing skateboard tricks on a wooden ramp
/home/swq/Code/Qwen2.5-VL/qwen_lora_coco_caption/coco_2014_caption/326508.jpg,A baseball playing wearing a catchers mitt on a baseball field
/home/swq/Code/Qwen2.5-VL/qwen_lora_coco_caption/coco_2014_caption/520341.jpg,A table topped with bags full of apples.
/home/swq/Code/Qwen2.5-VL/qwen_lora_coco_caption/coco_2014_caption/32868.jpg,There women sitting on a couch playing a game with Nintendo Wii controllers.
/home/swq/Code/Qwen2.5-VL/qwen_lora_coco_caption/coco_2014_caption/254292.jpg,a bunch of glazed doughnuts make their way through a processing machine 
/home/swq/Code/Qwen2.5-VL/qwen_lora_coco_caption/coco_2014_caption/377322.jpg,A girl and boy playing with a WII at a get together.
/home/swq/Code/Qwen2.5-VL/qwen_lora_coco_caption/coco_2014_caption/10871.jpg,A man in a tie and jacket wearing a white knitted cap stares at the camera.
/home/swq/Code/Qwen2.5-VL/qwen_lora_coco_caption/coco_2014_caption/313932.jpg,A stuffed animal standing on a wood platform on top of a table.
/home/swq/Code/Qwen2.5-VL/qwen_lora_coco_caption/coco_2014_caption/138904.jpg,a small toilet is in a bathroom down a hallway
/home/swq/Code/Qwen2.5-VL/qwen_lora_coco_caption/coco_2014_caption/86576.jpg,A yellow bird sitting on a branch in a green tree
/home/swq/Code/Qwen2.5-VL/qwen_lora_coco_caption/coco_2014_caption/316089.jpg,A black and grey cat laying on a chair.
/home/swq/Code/Qwen2.5-VL/qwen_lora_coco_caption/coco_2014_caption/421182.jpg,A green apple on the ground in the dirt.
/home/swq/Code/Qwen2.5-VL/qwen_lora_coco_caption/coco_2014_caption/565637.jpg,A living room filled with two black couches.
/home/swq/Code/Qwen2.5-VL/qwen_lora_coco_caption/coco_2014_caption/203796.jpg,A bear sitting on its rump next to another bear laid out flat.
/home/swq/Code/Qwen2.5-VL/qwen_lora_coco_caption/coco_2014_caption/166354.jpg,A lone surfer riding a large wave into shore.
/home/swq/Code/Qwen2.5-VL/qwen_lora_coco_caption/coco_2014_caption/10732.jpg,Two people on motorcycles in a parking lot in the rain.
/home/swq/Code/Qwen2.5-VL/qwen_lora_coco_caption/coco_2014_caption/287361.jpg,A skateboarder is riding the ramps at a skate park.
/home/swq/Code/Qwen2.5-VL/qwen_lora_coco_caption/coco_2014_caption/549821.jpg,A collection of electronic gadgets are assembled together.
/home/swq/Code/Qwen2.5-VL/qwen_lora_coco_caption/coco_2014_caption/148118.jpg,some twigs and grass are laying on the ground
/home/swq/Code/Qwen2.5-VL/qwen_lora_coco_caption/coco_2014_caption/299920.jpg,Combined images of skateboarder performing a stunt in a skate park.
/home/swq/Code/Qwen2.5-VL/qwen_lora_coco_caption/coco_2014_caption/458134.jpg,A chef standing in a kitchen making a big pot of food.
/home/swq/Code/Qwen2.5-VL/qwen_lora_coco_caption/coco_2014_caption/27980.jpg,Blue pickup truck pulling a boat out of the water. 
/home/swq/Code/Qwen2.5-VL/qwen_lora_coco_caption/coco_2014_caption/49662.jpg,A kid is doing a kick flip on a skateboard
/home/swq/Code/Qwen2.5-VL/qwen_lora_coco_caption/coco_2014_caption/79156.jpg,A wooden table with flowers and two chairs by the window.
/home/swq/Code/Qwen2.5-VL/qwen_lora_coco_caption/coco_2014_caption/563301.jpg,A large clock in front of a large older style home.
/home/swq/Code/Qwen2.5-VL/qwen_lora_coco_caption/coco_2014_caption/493212.jpg,A white paper plate topped with funnel cake.
/home/swq/Code/Qwen2.5-VL/qwen_lora_coco_caption/coco_2014_caption/321291.jpg,"A man with a paintbrush, painting designs on the outside of a train car."
/home/swq/Code/Qwen2.5-VL/qwen_lora_coco_caption/coco_2014_caption/19675.jpg,An orange cat stands near a grove of bushes.
/home/swq/Code/Qwen2.5-VL/qwen_lora_coco_caption/coco_2014_caption/531541.jpg,A man using scissors to cut white paper. 
/home/swq/Code/Qwen2.5-VL/qwen_lora_coco_caption/coco_2014_caption/546597.jpg,A very busy city street beneath some very tall buildings.
/home/swq/Code/Qwen2.5-VL/qwen_lora_coco_caption/coco_2014_caption/92092.jpg,A pair of scissors sitting upright casting a shadow.
/home/swq/Code/Qwen2.5-VL/qwen_lora_coco_caption/coco_2014_caption/225870.jpg,"A pink helmet on a skateboard  is, sitting on a table in front of some woma"
/home/swq/Code/Qwen2.5-VL/qwen_lora_coco_caption/coco_2014_caption/328161.jpg,A couple of young boys playing a game of soccer on a green field.
/home/swq/Code/Qwen2.5-VL/qwen_lora_coco_caption/coco_2014_caption/354690.jpg,Two people looking at a large bird on a bench.
/home/swq/Code/Qwen2.5-VL/qwen_lora_coco_caption/coco_2014_caption/256576.jpg,a police car parked on a city street 
/home/swq/Code/Qwen2.5-VL/qwen_lora_coco_caption/coco_2014_caption/234522.jpg,Seaplane flying towards ocean from the land in European city.
/home/swq/Code/Qwen2.5-VL/qwen_lora_coco_caption/coco_2014_caption/519075.jpg,A black and white horse carrying a carriage of women.
/home/swq/Code/Qwen2.5-VL/qwen_lora_coco_caption/coco_2014_caption/488964.jpg,A person working on a laptop computer with a cat sleeping next to the keyboard.
/home/swq/Code/Qwen2.5-VL/qwen_lora_coco_caption/coco_2014_caption/175383.jpg,A cat that is laying on a bed.
/home/swq/Code/Qwen2.5-VL/qwen_lora_coco_caption/coco_2014_caption/456245.jpg,"Four people are sitting in a canoe, with the third from the front paddling."
/home/swq/Code/Qwen2.5-VL/qwen_lora_coco_caption/coco_2014_caption/520485.jpg,A toilet that is directly next to a sink.
/home/swq/Code/Qwen2.5-VL/qwen_lora_coco_caption/coco_2014_caption/581795.jpg,A rider walks beside a horse in an indoor area.
/home/swq/Code/Qwen2.5-VL/qwen_lora_coco_caption/coco_2014_caption/160994.jpg,A man in a dress shirt and tie wearing glasses is frowning.
/home/swq/Code/Qwen2.5-VL/qwen_lora_coco_caption/coco_2014_caption/231868.jpg,A kitchen counter is cluttered with multiple objects.
/home/swq/Code/Qwen2.5-VL/qwen_lora_coco_caption/coco_2014_caption/578439.jpg,A group of horses grazing in an open field with over cast skies.
/home/swq/Code/Qwen2.5-VL/qwen_lora_coco_caption/coco_2014_caption/168607.jpg,"a plate with rice, veggies, and some meat"
/home/swq/Code/Qwen2.5-VL/qwen_lora_coco_caption/coco_2014_caption/53184.jpg,A man sitting down on a couch using a laptop computer.
/home/swq/Code/Qwen2.5-VL/qwen_lora_coco_caption/coco_2014_caption/403652.jpg,A couple of cats sitting inside of a window looking out of it.
/home/swq/Code/Qwen2.5-VL/qwen_lora_coco_caption/coco_2014_caption/20261.jpg,A kite that is flying in the sky.
/home/swq/Code/Qwen2.5-VL/qwen_lora_coco_caption/coco_2014_caption/195425.jpg,Cop on white motorcycle with a sidecar on a street.
/home/swq/Code/Qwen2.5-VL/qwen_lora_coco_caption/coco_2014_caption/87649.jpg,A train traveling down train tracks next to a  crowd of people.
/home/swq/Code/Qwen2.5-VL/qwen_lora_coco_caption/coco_2014_caption/77429.jpg,Modern looking kitchen with island in the middle of it
/home/swq/Code/Qwen2.5-VL/qwen_lora_coco_caption/coco_2014_caption/407734.jpg,A pensive diner takes in the waterside view.
/home/swq/Code/Qwen2.5-VL/qwen_lora_coco_caption/coco_2014_caption/309615.jpg,"A busy city street lined with stores, parked cars and people."
/home/swq/Code/Qwen2.5-VL/qwen_lora_coco_caption/coco_2014_caption/57256.jpg,A boy standing in front of a skateboard.
/home/swq/Code/Qwen2.5-VL/qwen_lora_coco_caption/coco_2014_caption/59399.jpg,A classic alarm clock with bell ringers on top.
/home/swq/Code/Qwen2.5-VL/qwen_lora_coco_caption/coco_2014_caption/117639.jpg,A silver SUV driving down a street next to a motorcycle.
/home/swq/Code/Qwen2.5-VL/qwen_lora_coco_caption/coco_2014_caption/24730.jpg,A group of people skiing at a ski resort.
/home/swq/Code/Qwen2.5-VL/qwen_lora_coco_caption/coco_2014_caption/123166.jpg,A woman catching a Frisbee in a black and white photo.
/home/swq/Code/Qwen2.5-VL/qwen_lora_coco_caption/coco_2014_caption/577148.jpg,A man with a fake red nose holds a giant sunflower.
/home/swq/Code/Qwen2.5-VL/qwen_lora_coco_caption/coco_2014_caption/492638.jpg,Two older man playing a video game on the Nintendo Wii.
/home/swq/Code/Qwen2.5-VL/qwen_lora_coco_caption/coco_2014_caption/96512.jpg,A busy city intersection shows a few buses and lots of lights.
/home/swq/Code/Qwen2.5-VL/qwen_lora_coco_caption/coco_2014_caption/287161.jpg,A large Sterling.eu airplane sits on the tarmac
/home/swq/Code/Qwen2.5-VL/qwen_lora_coco_caption/coco_2014_caption/151265.jpg,A couple of motor bikes on a parking lot.
/home/swq/Code/Qwen2.5-VL/qwen_lora_coco_caption/coco_2014_caption/377807.jpg,A white sheep standing in grassy area with trees in background.
/home/swq/Code/Qwen2.5-VL/qwen_lora_coco_caption/coco_2014_caption/529689.jpg,Some train cars on a rusty train track. 
/home/swq/Code/Qwen2.5-VL/qwen_lora_coco_caption/coco_2014_caption/426841.jpg,A woman sleeping on a table next to an empty chair.
/home/swq/Code/Qwen2.5-VL/qwen_lora_coco_caption/coco_2014_caption/335138.jpg,many people sitting around a table with laptops
/home/swq/Code/Qwen2.5-VL/qwen_lora_coco_caption/coco_2014_caption/1712.jpg,A large long train on a steel track.
/home/swq/Code/Qwen2.5-VL/qwen_lora_coco_caption/coco_2014_caption/101330.jpg,Bananas are fifteen cents each at the store. 
/home/swq/Code/Qwen2.5-VL/qwen_lora_coco_caption/coco_2014_caption/516985.jpg,A white toilet sitting in a forest on top of wood with a BBQ girl over it's waste hole.
/home/swq/Code/Qwen2.5-VL/qwen_lora_coco_caption/coco_2014_caption/222244.jpg,The fork sits next to a piece of chocolate cake.
/home/swq/Code/Qwen2.5-VL/qwen_lora_coco_caption/coco_2014_caption/31057.jpg,A blue flatbed truck with a yellow backhoe behind on a residential street.
/home/swq/Code/Qwen2.5-VL/qwen_lora_coco_caption/coco_2014_caption/403268.jpg,A train that is sitting next to station.
/home/swq/Code/Qwen2.5-VL/qwen_lora_coco_caption/coco_2014_caption/385283.jpg,this is an image of an adult helping a child brush teeth.
/home/swq/Code/Qwen2.5-VL/qwen_lora_coco_caption/coco_2014_caption/6518.jpg,A photo taken of a bridge with a clock tower in the background.
/home/swq/Code/Qwen2.5-VL/qwen_lora_coco_caption/coco_2014_caption/528583.jpg,Two women in the bathroom getting ready to wash up.
/home/swq/Code/Qwen2.5-VL/qwen_lora_coco_caption/coco_2014_caption/417528.jpg,A blue truck parked in a wet parking lot near tall buildings.
/home/swq/Code/Qwen2.5-VL/qwen_lora_coco_caption/coco_2014_caption/179914.jpg,a little flying her kite on the beach
/home/swq/Code/Qwen2.5-VL/qwen_lora_coco_caption/coco_2014_caption/530460.jpg,Several white cows in a pasture that is partly snow covered.
/home/swq/Code/Qwen2.5-VL/qwen_lora_coco_caption/coco_2014_caption/470907.jpg,An Indian elephant walks around outside during daylight.
/home/swq/Code/Qwen2.5-VL/qwen_lora_coco_caption/coco_2014_caption/109088.jpg,A man in a white outfit preparing a pizza on a wooden shovel. 
/home/swq/Code/Qwen2.5-VL/qwen_lora_coco_caption/coco_2014_caption/352497.jpg,A small child sitting in a big suitcase.
/home/swq/Code/Qwen2.5-VL/qwen_lora_coco_caption/coco_2014_caption/340897.jpg,A group of snowboarders pose for a group shot.
/home/swq/Code/Qwen2.5-VL/qwen_lora_coco_caption/coco_2014_caption/5345.jpg,This is a picture of a kitchen that is also used as an office
/home/swq/Code/Qwen2.5-VL/qwen_lora_coco_caption/coco_2014_caption/210806.jpg,A large jetliner sitting on top of an airport runway.
/home/swq/Code/Qwen2.5-VL/qwen_lora_coco_caption/coco_2014_caption/252679.jpg,A  home office is set up with computer equipment.
/home/swq/Code/Qwen2.5-VL/qwen_lora_coco_caption/coco_2014_caption/183921.jpg,People are in boats in the water off the city shore 
/home/swq/Code/Qwen2.5-VL/qwen_lora_coco_caption/coco_2014_caption/556843.jpg,A woman walking a donkey by a black truck
/home/swq/Code/Qwen2.5-VL/qwen_lora_coco_caption/coco_2014_caption/361205.jpg,"A toy kitchen with a n oven, stove, microwave and refrigerator."
/home/swq/Code/Qwen2.5-VL/qwen_lora_coco_caption/coco_2014_caption/519381.jpg,A man riding a horse who is herding some cattle.
/home/swq/Code/Qwen2.5-VL/qwen_lora_coco_caption/coco_2014_caption/409824.jpg,Two giraffes eating hay with one looking at camera.
/home/swq/Code/Qwen2.5-VL/qwen_lora_coco_caption/coco_2014_caption/43829.jpg,A man in brown jacket doing a trick on a snowboard.
/home/swq/Code/Qwen2.5-VL/qwen_lora_coco_caption/coco_2014_caption/270796.jpg,a small clock is next to a shelf
/home/swq/Code/Qwen2.5-VL/qwen_lora_coco_caption/coco_2014_caption/485752.jpg,A train going down the tracks next to a set of empty tracks.
/home/swq/Code/Qwen2.5-VL/qwen_lora_coco_caption/coco_2014_caption/360779.jpg,A piece of electronics equipment with a back cover and a air vent.
/home/swq/Code/Qwen2.5-VL/qwen_lora_coco_caption/coco_2014_caption/68223.jpg,A group of people on bicycles passing under a traffic light.
/home/swq/Code/Qwen2.5-VL/qwen_lora_coco_caption/coco_2014_caption/262065.jpg,A person sitting on a sandy beach on the water.
/home/swq/Code/Qwen2.5-VL/qwen_lora_coco_caption/coco_2014_caption/337552.jpg,A man and girl carrying surfboards down a sidewalk in front of a metro bus.
/home/swq/Code/Qwen2.5-VL/qwen_lora_coco_caption/coco_2014_caption/365319.jpg,A small airplane parked on a sunny runway
/home/swq/Code/Qwen2.5-VL/qwen_lora_coco_caption/coco_2014_caption/385130.jpg,Two animals in a field grazing upon green grass.
/home/swq/Code/Qwen2.5-VL/qwen_lora_coco_caption/coco_2014_caption/356079.jpg,a group of children eating pizza on a table 
/home/swq/Code/Qwen2.5-VL/qwen_lora_coco_caption/coco_2014_caption/135412.jpg,A man standing in the middle of the road guiding traffic. 
/home/swq/Code/Qwen2.5-VL/qwen_lora_coco_caption/coco_2014_caption/287904.jpg,A couple of men standing on top of a field.
/home/swq/Code/Qwen2.5-VL/qwen_lora_coco_caption/coco_2014_caption/468662.jpg,a small child swinging a baseball bat while standing in the grass
/home/swq/Code/Qwen2.5-VL/qwen_lora_coco_caption/coco_2014_caption/151307.jpg,A clock tower with dark clouds behind it. 
/home/swq/Code/Qwen2.5-VL/qwen_lora_coco_caption/coco_2014_caption/12497.jpg,A man standing in a field flying a kite 
/home/swq/Code/Qwen2.5-VL/qwen_lora_coco_caption/coco_2014_caption/37944.jpg,A man in white shirt and shorts holding a tennis racket.
/home/swq/Code/Qwen2.5-VL/qwen_lora_coco_caption/coco_2014_caption/93114.jpg,A pile of remote controls sitting next to each other.
/home/swq/Code/Qwen2.5-VL/qwen_lora_coco_caption/coco_2014_caption/169988.jpg,Two toilets with lids closed in a bathroom.
/home/swq/Code/Qwen2.5-VL/qwen_lora_coco_caption/coco_2014_caption/478899.jpg,A man riding a snowboard down a hill to a ramp.
/home/swq/Code/Qwen2.5-VL/qwen_lora_coco_caption/coco_2014_caption/339453.jpg,A damaged aircraft is being carried on a flatbed tow truck. 
/home/swq/Code/Qwen2.5-VL/qwen_lora_coco_caption/coco_2014_caption/534581.jpg,A toilet that has been built into the ground.
/home/swq/Code/Qwen2.5-VL/qwen_lora_coco_caption/coco_2014_caption/521269.jpg,A crowd of people standing around a living room holding game controllers.
/home/swq/Code/Qwen2.5-VL/qwen_lora_coco_caption/coco_2014_caption/436990.jpg,A glass table with white bottom holding a pressing device.
/home/swq/Code/Qwen2.5-VL/qwen_lora_coco_caption/coco_2014_caption/416117.jpg,A man and woman playing a video game at home.
/home/swq/Code/Qwen2.5-VL/qwen_lora_coco_caption/coco_2014_caption/490168.jpg,a room that has a bunch of people in it
/home/swq/Code/Qwen2.5-VL/qwen_lora_coco_caption/coco_2014_caption/306037.jpg,A wooden bench with a box of pizza.
/home/swq/Code/Qwen2.5-VL/qwen_lora_coco_caption/coco_2014_caption/129004.jpg,Various men in red jerseys at a baseball field.
/home/swq/Code/Qwen2.5-VL/qwen_lora_coco_caption/coco_2014_caption/38930.jpg,A tall giraffe standing next to others by  a fence
/home/swq/Code/Qwen2.5-VL/qwen_lora_coco_caption/coco_2014_caption/32231.jpg,A bunch of keyboards that are sitting next to a group of mouse's.
/home/swq/Code/Qwen2.5-VL/qwen_lora_coco_caption/coco_2014_caption/49491.jpg,A white bath tub next to a white toilet.
/home/swq/Code/Qwen2.5-VL/qwen_lora_coco_caption/coco_2014_caption/411329.jpg,A group of elephants marching in a row down a dirt road.
/home/swq/Code/Qwen2.5-VL/qwen_lora_coco_caption/coco_2014_caption/61575.jpg,A street sign for Cedar Street under a street light.
/home/swq/Code/Qwen2.5-VL/qwen_lora_coco_caption/coco_2014_caption/67680.jpg,A brown and white cow standing in a field of grass.
/home/swq/Code/Qwen2.5-VL/qwen_lora_coco_caption/coco_2014_caption/295201.jpg,A suit case filled with a magazine and a pair of shoes.
/home/swq/Code/Qwen2.5-VL/qwen_lora_coco_caption/coco_2014_caption/168563.jpg,A woman sitting on a bench that is facing the ocean.
/home/swq/Code/Qwen2.5-VL/qwen_lora_coco_caption/coco_2014_caption/192369.jpg,A miniature version of big ben sits in a street in london
/home/swq/Code/Qwen2.5-VL/qwen_lora_coco_caption/coco_2014_caption/523455.jpg,A man talking on a cell phone next to another man.
/home/swq/Code/Qwen2.5-VL/qwen_lora_coco_caption/coco_2014_caption/488120.jpg,A jumbo jet plane flying through a blue sky.
/home/swq/Code/Qwen2.5-VL/qwen_lora_coco_caption/coco_2014_caption/34409.jpg,A little boy standing on a patio holding a baseball bat.
/home/swq/Code/Qwen2.5-VL/qwen_lora_coco_caption/coco_2014_caption/471188.jpg,A street with double level buses and a ferris wheel
/home/swq/Code/Qwen2.5-VL/qwen_lora_coco_caption/coco_2014_caption/386085.jpg,A young bearded man in a brown suit and hat.
/home/swq/Code/Qwen2.5-VL/qwen_lora_coco_caption/coco_2014_caption/55344.jpg,A group of people standing around holding a Nintendo Wii remote.
/home/swq/Code/Qwen2.5-VL/qwen_lora_coco_caption/coco_2014_caption/416811.jpg,Horses bumbled up next to each other in an enclosure
/home/swq/Code/Qwen2.5-VL/qwen_lora_coco_caption/coco_2014_caption/10710.jpg,A baseball player holding a bat next to home plate.
/home/swq/Code/Qwen2.5-VL/qwen_lora_coco_caption/coco_2014_caption/470912.jpg,A small grey and white kitten sitting on a basket.
/home/swq/Code/Qwen2.5-VL/qwen_lora_coco_caption/coco_2014_caption/324852.jpg,A bus making a stop in front of a tall red brick building.
/home/swq/Code/Qwen2.5-VL/qwen_lora_coco_caption/coco_2014_caption/295317.jpg,Black laptop sitting on the table next way white computer. 
/home/swq/Code/Qwen2.5-VL/qwen_lora_coco_caption/coco_2014_caption/24699.jpg,A stop sign at a desolate intersection with hills in the background.
/home/swq/Code/Qwen2.5-VL/qwen_lora_coco_caption/coco_2014_caption/275581.jpg,A goat is sitting on a wall in a field.
/home/swq/Code/Qwen2.5-VL/qwen_lora_coco_caption/coco_2014_caption/137339.jpg,a bed that is in a small room
/home/swq/Code/Qwen2.5-VL/qwen_lora_coco_caption/coco_2014_caption/254850.jpg,A man holding Wii controllers in his hands.
/home/swq/Code/Qwen2.5-VL/qwen_lora_coco_caption/coco_2014_caption/456068.jpg,Man standing in water with a large elephant next to him. 
/home/swq/Code/Qwen2.5-VL/qwen_lora_coco_caption/coco_2014_caption/367171.jpg,A young man standing under a white road sign.
/home/swq/Code/Qwen2.5-VL/qwen_lora_coco_caption/coco_2014_caption/228435.jpg,"A bathroom sink topped with soap, cosmetics and a hairbrush."
/home/swq/Code/Qwen2.5-VL/qwen_lora_coco_caption/coco_2014_caption/334259.jpg,Two geese take flight from the water as another watches from shore.
/home/swq/Code/Qwen2.5-VL/qwen_lora_coco_caption/coco_2014_caption/313437.jpg,a farmer in the field holding two baby sheep
/home/swq/Code/Qwen2.5-VL/qwen_lora_coco_caption/coco_2014_caption/24948.jpg,A pan of bread on a wooden cutting board.
/home/swq/Code/Qwen2.5-VL/qwen_lora_coco_caption/coco_2014_caption/296286.jpg,A greasy looking foot long sandwich sitting on the paper wrapper.
/home/swq/Code/Qwen2.5-VL/qwen_lora_coco_caption/coco_2014_caption/324832.jpg,A green bird statue on top of a brick historical clock tower.
/home/swq/Code/Qwen2.5-VL/qwen_lora_coco_caption/coco_2014_caption/37063.jpg,A ma is sitting at a dining table eating a meal.
/home/swq/Code/Qwen2.5-VL/qwen_lora_coco_caption/coco_2014_caption/506327.jpg,a bed with a canopy near a lamp
/home/swq/Code/Qwen2.5-VL/qwen_lora_coco_caption/coco_2014_caption/153639.jpg,Cutting into a pizza that is covered with toppings.
/home/swq/Code/Qwen2.5-VL/qwen_lora_coco_caption/coco_2014_caption/437958.jpg,The clock is near the roof of the church building.
/home/swq/Code/Qwen2.5-VL/qwen_lora_coco_caption/coco_2014_caption/98859.jpg,A dock crowded with several tied up rowing boats.
/home/swq/Code/Qwen2.5-VL/qwen_lora_coco_caption/coco_2014_caption/110490.jpg,A woman talking on a cell phone while standing in a park.
/home/swq/Code/Qwen2.5-VL/qwen_lora_coco_caption/coco_2014_caption/240344.jpg,three people walking with tripods and wearing hats
/home/swq/Code/Qwen2.5-VL/qwen_lora_coco_caption/coco_2014_caption/44606.jpg,A table topped with lots of different types of fruit.
/home/swq/Code/Qwen2.5-VL/qwen_lora_coco_caption/coco_2014_caption/525815.jpg,A tennis racket laying on a blue floor.
/home/swq/Code/Qwen2.5-VL/qwen_lora_coco_caption/coco_2014_caption/539535.jpg,A kitchen filled with a white refrigerator and a table.
/home/swq/Code/Qwen2.5-VL/qwen_lora_coco_caption/coco_2014_caption/484599.jpg,A man throwing a frisbee on a rocky field.
/home/swq/Code/Qwen2.5-VL/qwen_lora_coco_caption/coco_2014_caption/555602.jpg,A man standing in a room while holding a Wii game controller.
/home/swq/Code/Qwen2.5-VL/qwen_lora_coco_caption/coco_2014_caption/37012.jpg,A woman in workout gear stands next to a food truck.
/home/swq/Code/Qwen2.5-VL/qwen_lora_coco_caption/coco_2014_caption/106832.jpg,A food entree is shown with sides on a plate.
/home/swq/Code/Qwen2.5-VL/qwen_lora_coco_caption/coco_2014_caption/16483.jpg,People gather in the grass beneath cloudy skies for some sort of a patriotic event. 
/home/swq/Code/Qwen2.5-VL/qwen_lora_coco_caption/coco_2014_caption/139865.jpg,A plate topped with a submarine sandwich next to bottled of alcohol.
/home/swq/Code/Qwen2.5-VL/qwen_lora_coco_caption/coco_2014_caption/344902.jpg,a man is preparing to hit the baseball with is bat
/home/swq/Code/Qwen2.5-VL/qwen_lora_coco_caption/coco_2014_caption/380812.jpg,A plane wing next to other planes in airport docking area.
/home/swq/Code/Qwen2.5-VL/qwen_lora_coco_caption/coco_2014_caption/311092.jpg,A man riding a skateboard across a cement foreground.
/home/swq/Code/Qwen2.5-VL/qwen_lora_coco_caption/coco_2014_caption/485955.jpg,Some street signs on the side of the road.
/home/swq/Code/Qwen2.5-VL/qwen_lora_coco_caption/coco_2014_caption/501758.jpg,A male and a female standing in a kitchen
/home/swq/Code/Qwen2.5-VL/qwen_lora_coco_caption/coco_2014_caption/46454.jpg,A man holding a baseball bat standing on a field.
/home/swq/Code/Qwen2.5-VL/qwen_lora_coco_caption/coco_2014_caption/109568.jpg,Grilled cheese and salad in a white porcelain bowl.
/home/swq/Code/Qwen2.5-VL/qwen_lora_coco_caption/coco_2014_caption/363827.jpg,Several cars parked in front of a clock tower.
/home/swq/Code/Qwen2.5-VL/qwen_lora_coco_caption/coco_2014_caption/221216.jpg,a man standing in the doorway holding game controllers
/home/swq/Code/Qwen2.5-VL/qwen_lora_coco_caption/coco_2014_caption/197576.jpg,A giraffe is eating by a fence. 
/home/swq/Code/Qwen2.5-VL/qwen_lora_coco_caption/coco_2014_caption/192048.jpg,A herd of horses walking across a snow covered field.
/home/swq/Code/Qwen2.5-VL/qwen_lora_coco_caption/coco_2014_caption/257958.jpg,A group of giraffe standing next to each other.
/home/swq/Code/Qwen2.5-VL/qwen_lora_coco_caption/coco_2014_caption/77760.jpg,A vase filled with red roses on top of a table.
/home/swq/Code/Qwen2.5-VL/qwen_lora_coco_caption/coco_2014_caption/514676.jpg,a giraffe is walking while the car passes by
/home/swq/Code/Qwen2.5-VL/qwen_lora_coco_caption/coco_2014_caption/264058.jpg,A room filled with beds and furniture with a window.
/home/swq/Code/Qwen2.5-VL/qwen_lora_coco_caption/coco_2014_caption/522661.jpg,two people holding suitcases walking towards a greyhound bus
/home/swq/Code/Qwen2.5-VL/qwen_lora_coco_caption/coco_2014_caption/131747.jpg,"A bathroom showing toilet, mirror, and sink "
/home/swq/Code/Qwen2.5-VL/qwen_lora_coco_caption/coco_2014_caption/286166.jpg,Jockeys in colorful outfits on their horses during a horse race.
/home/swq/Code/Qwen2.5-VL/qwen_lora_coco_caption/coco_2014_caption/333088.jpg,a room with a pool table and two dining tables
/home/swq/Code/Qwen2.5-VL/qwen_lora_coco_caption/coco_2014_caption/485364.jpg,The young couple are getting ready to share the cake. 
/home/swq/Code/Qwen2.5-VL/qwen_lora_coco_caption/coco_2014_caption/474237.jpg,A man riding a skateboard down a paved street.
/home/swq/Code/Qwen2.5-VL/qwen_lora_coco_caption/coco_2014_caption/578411.jpg,The clock tower sits in the middle of the pavilion.
/home/swq/Code/Qwen2.5-VL/qwen_lora_coco_caption/coco_2014_caption/6491.jpg,Asian woman worker sitting on wooden boards in black and white photo.
/home/swq/Code/Qwen2.5-VL/qwen_lora_coco_caption/coco_2014_caption/237327.jpg,A man parking his motorcycle under a no parking sign.
/home/swq/Code/Qwen2.5-VL/qwen_lora_coco_caption/coco_2014_caption/311773.jpg,A baby playing with a toy mounted to a wall.
/home/swq/Code/Qwen2.5-VL/qwen_lora_coco_caption/coco_2014_caption/50305.jpg,A group of three friends standing next to each other.
/home/swq/Code/Qwen2.5-VL/qwen_lora_coco_caption/coco_2014_caption/343235.jpg,Three cats sitting looking out sliding glass door to yard and one cat lying on small rug looking at camera.
/home/swq/Code/Qwen2.5-VL/qwen_lora_coco_caption/coco_2014_caption/18507.jpg,people waiting to board a red passenger train
/home/swq/Code/Qwen2.5-VL/qwen_lora_coco_caption/coco_2014_caption/291839.jpg,"A man sitting at a candle lit desk using a computer.
"
/home/swq/Code/Qwen2.5-VL/qwen_lora_coco_caption/coco_2014_caption/333170.jpg,A fenced in area with three zebra standing and one laying down.
/home/swq/Code/Qwen2.5-VL/qwen_lora_coco_caption/coco_2014_caption/352176.jpg,"Three pictures of whole oranges, an orange cut in half and a glass of orange juice."
/home/swq/Code/Qwen2.5-VL/qwen_lora_coco_caption/coco_2014_caption/537878.jpg,A young boy playing amidst toys and cloths in a bedroom.
/home/swq/Code/Qwen2.5-VL/qwen_lora_coco_caption/coco_2014_caption/116003.jpg,A tennis player raising both arms in celebration.
/home/swq/Code/Qwen2.5-VL/qwen_lora_coco_caption/coco_2014_caption/21717.jpg,A man wearing a birthday cake hat holding a cellphone.
/home/swq/Code/Qwen2.5-VL/qwen_lora_coco_caption/coco_2014_caption/562330.jpg,an army truck parked and some cars on a street
/home/swq/Code/Qwen2.5-VL/qwen_lora_coco_caption/coco_2014_caption/175923.jpg,A bed sitting in a bedroom next to a white wall.
/home/swq/Code/Qwen2.5-VL/qwen_lora_coco_caption/coco_2014_caption/138529.jpg,A cat sits inside of a bathroom sink.
/home/swq/Code/Qwen2.5-VL/qwen_lora_coco_caption/coco_2014_caption/489670.jpg,Two beautiful young women smiling next to each other.
/home/swq/Code/Qwen2.5-VL/qwen_lora_coco_caption/coco_2014_caption/440349.jpg,A man in white shirt doing a trick on a skateboard.
/home/swq/Code/Qwen2.5-VL/qwen_lora_coco_caption/coco_2014_caption/227269.jpg,A man swinging a tennis racket at a tennis ball. 
/home/swq/Code/Qwen2.5-VL/qwen_lora_coco_caption/coco_2014_caption/580104.jpg,a person taking a photo in a bath room mirror
/home/swq/Code/Qwen2.5-VL/qwen_lora_coco_caption/coco_2014_caption/9133.jpg,A group of people are sitting and standing by the curb
/home/swq/Code/Qwen2.5-VL/qwen_lora_coco_caption/coco_2014_caption/542814.jpg,A microwave sits on top of another microwave on the floor.
/home/swq/Code/Qwen2.5-VL/qwen_lora_coco_caption/coco_2014_caption/504997.jpg,An oval shaped toilet on a black floor.
/home/swq/Code/Qwen2.5-VL/qwen_lora_coco_caption/coco_2014_caption/283448.jpg,A hand holding a pair of metal scissors.
/home/swq/Code/Qwen2.5-VL/qwen_lora_coco_caption/coco_2014_caption/394.jpg,A white dog holding a purple frisbee in it's mouth.
/home/swq/Code/Qwen2.5-VL/qwen_lora_coco_caption/coco_2014_caption/303804.jpg,Many different vases lined up on a shelf. 
/home/swq/Code/Qwen2.5-VL/qwen_lora_coco_caption/coco_2014_caption/103295.jpg,A dim bathroom with a light over the sink
/home/swq/Code/Qwen2.5-VL/qwen_lora_coco_caption/coco_2014_caption/514168.jpg,A surfer rides a smaller ocean wave on a cloudy day.
/home/swq/Code/Qwen2.5-VL/qwen_lora_coco_caption/coco_2014_caption/436027.jpg,a bathroom with a sink and a toilet
/home/swq/Code/Qwen2.5-VL/qwen_lora_coco_caption/coco_2014_caption/61674.jpg,a person standing in a field wearing a back pack next to some bikes
/home/swq/Code/Qwen2.5-VL/qwen_lora_coco_caption/coco_2014_caption/9993.jpg,A pizza sitting on top of a metal pizza pan.
/home/swq/Code/Qwen2.5-VL/qwen_lora_coco_caption/coco_2014_caption/484059.jpg,A plane seems is flying in the blue sky. 
/home/swq/Code/Qwen2.5-VL/qwen_lora_coco_caption/coco_2014_caption/77834.jpg,A crowd of people on a hill flying kites.
/home/swq/Code/Qwen2.5-VL/qwen_lora_coco_caption/coco_2014_caption/407845.jpg,A boy riding a skateboard on a rail over some steps.
/home/swq/Code/Qwen2.5-VL/qwen_lora_coco_caption/coco_2014_caption/494528.jpg,"A cluttered counter with dishes, a cutting board and some vegetables."
/home/swq/Code/Qwen2.5-VL/qwen_lora_coco_caption/coco_2014_caption/560087.jpg,A girl in the woods wearing a hat and a tie looking up
/home/swq/Code/Qwen2.5-VL/qwen_lora_coco_caption/coco_2014_caption/235394.jpg,Two adults and a child with skis in the snow.
/home/swq/Code/Qwen2.5-VL/qwen_lora_coco_caption/coco_2014_caption/414787.jpg,a lovely white bathroom with white shower curtain.
/home/swq/Code/Qwen2.5-VL/qwen_lora_coco_caption/coco_2014_caption/158322.jpg,A man sitting in a chair petting a dog.
/home/swq/Code/Qwen2.5-VL/qwen_lora_coco_caption/coco_2014_caption/436918.jpg,An overhead view looking into a beige colored toilet.
/home/swq/Code/Qwen2.5-VL/qwen_lora_coco_caption/coco_2014_caption/438987.jpg,A person on a beach on a motor bike.
/home/swq/Code/Qwen2.5-VL/qwen_lora_coco_caption/coco_2014_caption/130885.jpg,A man holding up two ripe bananas in front of a house.
/home/swq/Code/Qwen2.5-VL/qwen_lora_coco_caption/coco_2014_caption/356549.jpg,a large air plane on an air port run way
/home/swq/Code/Qwen2.5-VL/qwen_lora_coco_caption/coco_2014_caption/325558.jpg,A BBQ with bananas being grilled on it.
/home/swq/Code/Qwen2.5-VL/qwen_lora_coco_caption/coco_2014_caption/389392.jpg,An orange subway train pulled into a train station.
/home/swq/Code/Qwen2.5-VL/qwen_lora_coco_caption/coco_2014_caption/435451.jpg,The old man rides on the cart behind the large brown horse in the dirt road.
/home/swq/Code/Qwen2.5-VL/qwen_lora_coco_caption/coco_2014_caption/218580.jpg,A woman teaching a small child to ski in the snow.
/home/swq/Code/Qwen2.5-VL/qwen_lora_coco_caption/coco_2014_caption/35793.jpg,Dirty 5th Ave and 5th St street signs at an intersection.
/home/swq/Code/Qwen2.5-VL/qwen_lora_coco_caption/coco_2014_caption/208633.jpg,A white plate filled with food to eat
/home/swq/Code/Qwen2.5-VL/qwen_lora_coco_caption/coco_2014_caption/12424.jpg,A baseball player playing a game of baseball
/home/swq/Code/Qwen2.5-VL/qwen_lora_coco_caption/coco_2014_caption/282482.jpg,A baseball player is swinging at a ball
/home/swq/Code/Qwen2.5-VL/qwen_lora_coco_caption/coco_2014_caption/67697.jpg,Two zebras who are in a field together.
/home/swq/Code/Qwen2.5-VL/qwen_lora_coco_caption/coco_2014_caption/399868.jpg,A baseball player standing on top of a lush green field.
/home/swq/Code/Qwen2.5-VL/qwen_lora_coco_caption/coco_2014_caption/259296.jpg,An adult elephant standing next to a baby elephant.
/home/swq/Code/Qwen2.5-VL/qwen_lora_coco_caption/coco_2014_caption/116526.jpg,A giraffe walks on grass in an area with trees.
/home/swq/Code/Qwen2.5-VL/qwen_lora_coco_caption/coco_2014_caption/180964.jpg,A row of toilets lined up outside with their lids off
/home/swq/Code/Qwen2.5-VL/qwen_lora_coco_caption/coco_2014_caption/337030.jpg,Inside view of a rustic log cabin showing an unmade bed.
/home/swq/Code/Qwen2.5-VL/qwen_lora_coco_caption/coco_2014_caption/132294.jpg,The woman cuddles the brown and white cat as it sleeps.
/home/swq/Code/Qwen2.5-VL/qwen_lora_coco_caption/coco_2014_caption/485680.jpg,A stop sign with bushes growing around it next to a palm tree. 
/home/swq/Code/Qwen2.5-VL/qwen_lora_coco_caption/coco_2014_caption/156323.jpg,Some on had their feet on the desk where  the computer is.
/home/swq/Code/Qwen2.5-VL/qwen_lora_coco_caption/coco_2014_caption/84594.jpg,a man is sitting down as a child pretends to be cutting his hair with fake scissors 
/home/swq/Code/Qwen2.5-VL/qwen_lora_coco_caption/coco_2014_caption/266336.jpg,"A kitchen with an oven, refrigerator, microwave and stove top."
/home/swq/Code/Qwen2.5-VL/qwen_lora_coco_caption/coco_2014_caption/202832.jpg,A bathroom with a toilet and sink below a window.
/home/swq/Code/Qwen2.5-VL/qwen_lora_coco_caption/coco_2014_caption/143797.jpg,A couple of kids riding skis on top of snow covered ground.
/home/swq/Code/Qwen2.5-VL/qwen_lora_coco_caption/coco_2014_caption/284756.jpg,An open umbrella is on a living room floor.
/home/swq/Code/Qwen2.5-VL/qwen_lora_coco_caption/coco_2014_caption/54386.jpg,"A living room with a fireplace, couch, and glass doors."
/home/swq/Code/Qwen2.5-VL/qwen_lora_coco_caption/coco_2014_caption/334216.jpg,Two young elephants stand next to two larger elephants with tusks. 
/home/swq/Code/Qwen2.5-VL/qwen_lora_coco_caption/coco_2014_caption/309541.jpg,Three identical buses travel together down the street.
/home/swq/Code/Qwen2.5-VL/qwen_lora_coco_caption/coco_2014_caption/390941.jpg,A man cosplaying as Jesus while holding a cellphone.
/home/swq/Code/Qwen2.5-VL/qwen_lora_coco_caption/coco_2014_caption/570339.jpg,a knit bag with handle holding a cell phone
/home/swq/Code/Qwen2.5-VL/qwen_lora_coco_caption/coco_2014_caption/360397.jpg,An old bus is driving along down a street lined with trees.
/home/swq/Code/Qwen2.5-VL/qwen_lora_coco_caption/coco_2014_caption/197663.jpg,A man and a woman holding glasses of white wine.
/home/swq/Code/Qwen2.5-VL/qwen_lora_coco_caption/coco_2014_caption/298380.jpg,a man in a helmet riding a snowboard
/home/swq/Code/Qwen2.5-VL/qwen_lora_coco_caption/coco_2014_caption/10388.jpg,A man standing on the end of a pier next to a boat.
/home/swq/Code/Qwen2.5-VL/qwen_lora_coco_caption/coco_2014_caption/379987.jpg,there are many fruits and vegetables on the table
/home/swq/Code/Qwen2.5-VL/qwen_lora_coco_caption/coco_2014_caption/128826.jpg,A man sitting across from a woman on a train.
/home/swq/Code/Qwen2.5-VL/qwen_lora_coco_caption/coco_2014_caption/120846.jpg,A small brown dog sleeping on top of a white chair.
/home/swq/Code/Qwen2.5-VL/qwen_lora_coco_caption/coco_2014_caption/542582.jpg,"An intersection in Colorado shows traffic includes train, bus, pedestrian and car"
/home/swq/Code/Qwen2.5-VL/qwen_lora_coco_caption/coco_2014_caption/95953.jpg,A motorcycle sitting by the sliding glass door outside on a patio.
/home/swq/Code/Qwen2.5-VL/qwen_lora_coco_caption/coco_2014_caption/281567.jpg,"A bed rooom that has a bed, small in table, waste can and a lamp."
/home/swq/Code/Qwen2.5-VL/qwen_lora_coco_caption/coco_2014_caption/190387.jpg,"CAT LOOKING AWAY FROM A COMPUTER, AND LOTS OF TOYS AND BOOKS "
/home/swq/Code/Qwen2.5-VL/qwen_lora_coco_caption/coco_2014_caption/171381.jpg,A toilet seat with many buttons and functions attached. 
/home/swq/Code/Qwen2.5-VL/qwen_lora_coco_caption/coco_2014_caption/504664.jpg,A group of people riding skis down a snow covered road.
/home/swq/Code/Qwen2.5-VL/qwen_lora_coco_caption/coco_2014_caption/365066.jpg,A giraff standing in front of a camera in a field.
/home/swq/Code/Qwen2.5-VL/qwen_lora_coco_caption/coco_2014_caption/511587.jpg,An aerial photo of train tracks with a train on one of them.
/home/swq/Code/Qwen2.5-VL/qwen_lora_coco_caption/coco_2014_caption/118703.jpg,Two buses sitting in front of a very tall building.
/home/swq/Code/Qwen2.5-VL/qwen_lora_coco_caption/coco_2014_caption/204407.jpg,A living room with gray furniture and a wooden TV shelf.
/home/swq/Code/Qwen2.5-VL/qwen_lora_coco_caption/coco_2014_caption/446269.jpg,A man sitting with a pate of dessert and a beverage.
/home/swq/Code/Qwen2.5-VL/qwen_lora_coco_caption/coco_2014_caption/184965.jpg,A large green sign posted on the side of a road near a tall building.
/home/swq/Code/Qwen2.5-VL/qwen_lora_coco_caption/coco_2014_caption/52231.jpg,A plate with a piece of cake and a spoon on it.
/home/swq/Code/Qwen2.5-VL/qwen_lora_coco_caption/coco_2014_caption/213034.jpg,A man that is standing on a skateboard.
/home/swq/Code/Qwen2.5-VL/qwen_lora_coco_caption/coco_2014_caption/455769.jpg,A toilet seat is covered in a flowery design. 
/home/swq/Code/Qwen2.5-VL/qwen_lora_coco_caption/coco_2014_caption/226270.jpg,A person flying through the air while riding a snowboard.
/home/swq/Code/Qwen2.5-VL/qwen_lora_coco_caption/coco_2014_caption/409933.jpg,A small plane flying through a smoggy gray sky.
/home/swq/Code/Qwen2.5-VL/qwen_lora_coco_caption/coco_2014_caption/247553.jpg,A little kid that is opening up a microwave.
/home/swq/Code/Qwen2.5-VL/qwen_lora_coco_caption/coco_2014_caption/30314.jpg,A herd of sheep standing on top of a lush green field.
/home/swq/Code/Qwen2.5-VL/qwen_lora_coco_caption/coco_2014_caption/399016.jpg,The small bird is perched on the small tree branch.
/home/swq/Code/Qwen2.5-VL/qwen_lora_coco_caption/coco_2014_caption/449710.jpg,a guy holding a phone in each of his hands
/home/swq/Code/Qwen2.5-VL/qwen_lora_coco_caption/coco_2014_caption/263512.jpg,A photographer is taking a close up shot of a zebra.
/home/swq/Code/Qwen2.5-VL/qwen_lora_coco_caption/coco_2014_caption/386253.jpg,A large toy castle filled with lots of toys.
/home/swq/Code/Qwen2.5-VL/qwen_lora_coco_caption/coco_2014_caption/434338.jpg,Several skiers on the slope of a mountain under a partly cloudy sky.
/home/swq/Code/Qwen2.5-VL/qwen_lora_coco_caption/coco_2014_caption/406391.jpg,A small airplane is flying against a gray sky.
/home/swq/Code/Qwen2.5-VL/qwen_lora_coco_caption/coco_2014_caption/57977.jpg,A art mobile installation consisting of street signs with the names of various streets.
/home/swq/Code/Qwen2.5-VL/qwen_lora_coco_caption/coco_2014_caption/423606.jpg,A man skiing down a snow-covered hill with his ski poles up.
/home/swq/Code/Qwen2.5-VL/qwen_lora_coco_caption/coco_2014_caption/195391.jpg,People sit on inflatable cylinders while two girls play Wii on a projection screen in a library.
/home/swq/Code/Qwen2.5-VL/qwen_lora_coco_caption/coco_2014_caption/25290.jpg,Black and white photograph of a skate boarder climbing his board
/home/swq/Code/Qwen2.5-VL/qwen_lora_coco_caption/coco_2014_caption/72704.jpg,A black cat making an angry face while sitting on the bathroom floor 
/home/swq/Code/Qwen2.5-VL/qwen_lora_coco_caption/coco_2014_caption/571392.jpg,A small horse stands in a cage surrounded by people.
/home/swq/Code/Qwen2.5-VL/qwen_lora_coco_caption/coco_2014_caption/50961.jpg,An industrial kitchen with all brass pots slightly dirty
/home/swq/Code/Qwen2.5-VL/qwen_lora_coco_caption/coco_2014_caption/192513.jpg,A pitcher delivers a pitch during a game.
/home/swq/Code/Qwen2.5-VL/qwen_lora_coco_caption/coco_2014_caption/371453.jpg,An airplane flies above a tree with more airplanes far behind it in the sky.
/home/swq/Code/Qwen2.5-VL/qwen_lora_coco_caption/coco_2014_caption/134752.jpg,a cake is waiting for someone to cut it
/home/swq/Code/Qwen2.5-VL/qwen_lora_coco_caption/coco_2014_caption/530919.jpg,A car is approaching a red light at an intersection
/home/swq/Code/Qwen2.5-VL/qwen_lora_coco_caption/coco_2014_caption/439689.jpg,a room with two gray couches a table a window and some pictures
/home/swq/Code/Qwen2.5-VL/qwen_lora_coco_caption/coco_2014_caption/227498.jpg,A toilet sitting in a bathroom next to a tile covered wall.
/home/swq/Code/Qwen2.5-VL/qwen_lora_coco_caption/coco_2014_caption/116518.jpg,A dog is frolicking with a dirty white teddy bear.
/home/swq/Code/Qwen2.5-VL/qwen_lora_coco_caption/coco_2014_caption/449613.jpg,Men in vintage baseball uniforms and a bucket of baseball bats.
/home/swq/Code/Qwen2.5-VL/qwen_lora_coco_caption/coco_2014_caption/467564.jpg,Many people and cars move along the busy street.
/home/swq/Code/Qwen2.5-VL/qwen_lora_coco_caption/coco_2014_caption/336457.jpg,There is a bathroom with a sink and a toilet 
/home/swq/Code/Qwen2.5-VL/qwen_lora_coco_caption/coco_2014_caption/95258.jpg,A white double oven mounted inside of a wall in a kitchen.
/home/swq/Code/Qwen2.5-VL/qwen_lora_coco_caption/coco_2014_caption/528961.jpg,The ball player is poised over the base.
/home/swq/Code/Qwen2.5-VL/qwen_lora_coco_caption/coco_2014_caption/148437.jpg,A biker is riding his motorcycle through an intersection
/home/swq/Code/Qwen2.5-VL/qwen_lora_coco_caption/coco_2014_caption/124311.jpg,a bedroom with two big beds covered with green blankets 
/home/swq/Code/Qwen2.5-VL/qwen_lora_coco_caption/coco_2014_caption/155386.jpg,A red double decker bus for sightseeing. 
/home/swq/Code/Qwen2.5-VL/qwen_lora_coco_caption/coco_2014_caption/224242.jpg,a couple of people that are walking in the snow
/home/swq/Code/Qwen2.5-VL/qwen_lora_coco_caption/coco_2014_caption/34354.jpg,A person in a baseball uniform holding a baseball bat.
/home/swq/Code/Qwen2.5-VL/qwen_lora_coco_caption/coco_2014_caption/298545.jpg,A man holding a tennis racquet on a tennis court.
/home/swq/Code/Qwen2.5-VL/qwen_lora_coco_caption/coco_2014_caption/428050.jpg,A man standing with a small child in front of an aquarium. 
/home/swq/Code/Qwen2.5-VL/qwen_lora_coco_caption/coco_2014_caption/503967.jpg,A large sub sandwich topped with meat cheese and pickles.
/home/swq/Code/Qwen2.5-VL/qwen_lora_coco_caption/coco_2014_caption/132385.jpg,A man riding a skateboard through the air off of stone steps.
/home/swq/Code/Qwen2.5-VL/qwen_lora_coco_caption/coco_2014_caption/258000.jpg,a hard wood floor kitchen with black appliances
/home/swq/Code/Qwen2.5-VL/qwen_lora_coco_caption/coco_2014_caption/288156.jpg,A child in striped pink shirt sitting in bathroom with toilet paper.
/home/swq/Code/Qwen2.5-VL/qwen_lora_coco_caption/coco_2014_caption/24498.jpg,A blue and white bathroom with white fixtures
/home/swq/Code/Qwen2.5-VL/qwen_lora_coco_caption/coco_2014_caption/58987.jpg,A small yellow car with a driver sitting on the right side of the vehicle.
/home/swq/Code/Qwen2.5-VL/qwen_lora_coco_caption/coco_2014_caption/242663.jpg,A stop and go light at an intersection that shows a green light.
/home/swq/Code/Qwen2.5-VL/qwen_lora_coco_caption/coco_2014_caption/145570.jpg,A man stands next to a truck for delivering West Indian food.
/home/swq/Code/Qwen2.5-VL/qwen_lora_coco_caption/coco_2014_caption/51012.jpg,A big and small teddy bear sitting on a blanket on the bed.
/home/swq/Code/Qwen2.5-VL/qwen_lora_coco_caption/coco_2014_caption/69205.jpg,A large black dog standing on a kitchen floor.
/home/swq/Code/Qwen2.5-VL/qwen_lora_coco_caption/coco_2014_caption/519626.jpg,A plate topped with lots of pizza and broccoli.
/home/swq/Code/Qwen2.5-VL/qwen_lora_coco_caption/coco_2014_caption/500977.jpg,A horse stands with his head resting over a fence.
/home/swq/Code/Qwen2.5-VL/qwen_lora_coco_caption/coco_2014_caption/217113.jpg,a pizza on a plate on a table 
/home/swq/Code/Qwen2.5-VL/qwen_lora_coco_caption/coco_2014_caption/289693.jpg,Two men on skateboards racing around cones setup in a street.
/home/swq/Code/Qwen2.5-VL/qwen_lora_coco_caption/coco_2014_caption/405181.jpg,A man standing in the middle of an intersection.
/home/swq/Code/Qwen2.5-VL/qwen_lora_coco_caption/coco_2014_caption/3259.jpg,a desk filled with assorted electronics and a phone 
/home/swq/Code/Qwen2.5-VL/qwen_lora_coco_caption/coco_2014_caption/484840.jpg,A herd of goats is walking on the road and the grass beside it.
/home/swq/Code/Qwen2.5-VL/qwen_lora_coco_caption/coco_2014_caption/222913.jpg,A shelf in a store filled with stuffed animals and teddy bears.
/home/swq/Code/Qwen2.5-VL/qwen_lora_coco_caption/coco_2014_caption/270688.jpg,A bowl of vegetables next to a drink and plate of pizza
/home/swq/Code/Qwen2.5-VL/qwen_lora_coco_caption/coco_2014_caption/254332.jpg,Tow kids sitting under a blue umbrella together.
/home/swq/Code/Qwen2.5-VL/qwen_lora_coco_caption/coco_2014_caption/226145.jpg,A white  hand holding a chocolate sprinkled donut.
/home/swq/Code/Qwen2.5-VL/qwen_lora_coco_caption/coco_2014_caption/533477.jpg,THIS IS A PICTURE OF A TODDLER PLAYING WITH HIS WII
/home/swq/Code/Qwen2.5-VL/qwen_lora_coco_caption/coco_2014_caption/482326.jpg,A man is taking a picture of something on a paper with his cell phone. 
/home/swq/Code/Qwen2.5-VL/qwen_lora_coco_caption/coco_2014_caption/292451.jpg,a car that is going down a small street
/home/swq/Code/Qwen2.5-VL/qwen_lora_coco_caption/coco_2014_caption/390625.jpg,A umbrella that is upside down in the dirt.
/home/swq/Code/Qwen2.5-VL/qwen_lora_coco_caption/coco_2014_caption/142656.jpg,two sinks a toilet mirrors and a counter
/home/swq/Code/Qwen2.5-VL/qwen_lora_coco_caption/coco_2014_caption/282766.jpg,A large jetliner flying down an airport runway.
/home/swq/Code/Qwen2.5-VL/qwen_lora_coco_caption/coco_2014_caption/567363.jpg,A man carrying skis up the side of a ski slope.
/home/swq/Code/Qwen2.5-VL/qwen_lora_coco_caption/coco_2014_caption/517451.jpg,A very small bathroom with red tile flooring.
/home/swq/Code/Qwen2.5-VL/qwen_lora_coco_caption/coco_2014_caption/75305.jpg,A woman eating a pizza and smiling for the camera.
/home/swq/Code/Qwen2.5-VL/qwen_lora_coco_caption/coco_2014_caption/346547.jpg,Delicate naked stems emerge from five brown vases.
/home/swq/Code/Qwen2.5-VL/qwen_lora_coco_caption/coco_2014_caption/415665.jpg,A zebra standing on a grassy pasture in the daytime.
/home/swq/Code/Qwen2.5-VL/qwen_lora_coco_caption/coco_2014_caption/73724.jpg,Two boys in a room with desks and various toys.
/home/swq/Code/Qwen2.5-VL/qwen_lora_coco_caption/coco_2014_caption/225535.jpg,A woman sticking her tongue out sitting on a touch.
/home/swq/Code/Qwen2.5-VL/qwen_lora_coco_caption/coco_2014_caption/172322.jpg,"An image of a interesting item in the picture.
"
/home/swq/Code/Qwen2.5-VL/qwen_lora_coco_caption/coco_2014_caption/38049.jpg,A woman riding a snowboard down a snow covered slope.
/home/swq/Code/Qwen2.5-VL/qwen_lora_coco_caption/coco_2014_caption/72509.jpg,Various people crossing a bridge with some of them using umbrellas.
/home/swq/Code/Qwen2.5-VL/qwen_lora_coco_caption/coco_2014_caption/513406.jpg,Picture of a meal course at a wedding.
/home/swq/Code/Qwen2.5-VL/qwen_lora_coco_caption/coco_2014_caption/167245.jpg,A man in blue shirt jumping over gap on a skateboard.
/home/swq/Code/Qwen2.5-VL/qwen_lora_coco_caption/coco_2014_caption/429184.jpg,A bull with long horns wearing a yoke on it's back.
/home/swq/Code/Qwen2.5-VL/qwen_lora_coco_caption/coco_2014_caption/336195.jpg,a man and a baby sitting in front of a pizza
/home/swq/Code/Qwen2.5-VL/qwen_lora_coco_caption/coco_2014_caption/156802.jpg,A group of people sitting down at a table together sharing a meal.
/home/swq/Code/Qwen2.5-VL/qwen_lora_coco_caption/coco_2014_caption/255849.jpg,a lady that has a pizza cut up on a tray
/home/swq/Code/Qwen2.5-VL/qwen_lora_coco_caption/coco_2014_caption/558634.jpg,A black and white photo of people on the side of the road with a bus on the street.
/home/swq/Code/Qwen2.5-VL/qwen_lora_coco_caption/coco_2014_caption/238177.jpg,The living room is clean and empty of people. 
/home/swq/Code/Qwen2.5-VL/qwen_lora_coco_caption/coco_2014_caption/511495.jpg,The reflection of a small teddy bear in a mirror.
/home/swq/Code/Qwen2.5-VL/qwen_lora_coco_caption/coco_2014_caption/444373.jpg,A large red bus driving down a street.
/home/swq/Code/Qwen2.5-VL/qwen_lora_coco_caption/coco_2014_caption/408368.jpg,A lush green field with horses and ducks grazing on it.
/home/swq/Code/Qwen2.5-VL/qwen_lora_coco_caption/coco_2014_caption/91581.jpg,A man standing in a batting cage holding a bat.
/home/swq/Code/Qwen2.5-VL/qwen_lora_coco_caption/coco_2014_caption/393900.jpg,A airplane that is sitting on a tarmac.
/home/swq/Code/Qwen2.5-VL/qwen_lora_coco_caption/coco_2014_caption/377278.jpg,A brown and white dog on a skateboard on sidewalk.
/home/swq/Code/Qwen2.5-VL/qwen_lora_coco_caption/coco_2014_caption/195998.jpg,A man stands outside with an orange in his hand and an umbrella top covering his head.
/home/swq/Code/Qwen2.5-VL/qwen_lora_coco_caption/coco_2014_caption/22536.jpg,A person on a cell phone on a road.
/home/swq/Code/Qwen2.5-VL/qwen_lora_coco_caption/coco_2014_caption/468801.jpg,"A bedroom with a large bed and fireplace.
"
/home/swq/Code/Qwen2.5-VL/qwen_lora_coco_caption/coco_2014_caption/277375.jpg,some kind of bread on a big wooden board
/home/swq/Code/Qwen2.5-VL/qwen_lora_coco_caption/coco_2014_caption/101215.jpg,A woman in a short white skirt holding a tennis racquet.
/home/swq/Code/Qwen2.5-VL/qwen_lora_coco_caption/coco_2014_caption/339186.jpg,A stop sign buried in a pile of snow near some trees.
/home/swq/Code/Qwen2.5-VL/qwen_lora_coco_caption/coco_2014_caption/201078.jpg,A man and woman pose for a picture on the ski slope.
/home/swq/Code/Qwen2.5-VL/qwen_lora_coco_caption/coco_2014_caption/27276.jpg,A dog is under the bed eating a box
/home/swq/Code/Qwen2.5-VL/qwen_lora_coco_caption/coco_2014_caption/400612.jpg,A LARGE BANANA TREE WITH BRIGHT GREEN BANANAS ON IT
/home/swq/Code/Qwen2.5-VL/qwen_lora_coco_caption/coco_2014_caption/560723.jpg,Signage detracts from the ornamental beauty of this streetlight.
/home/swq/Code/Qwen2.5-VL/qwen_lora_coco_caption/coco_2014_caption/519264.jpg,A couple of red airplanes flying over the ocean.
/home/swq/Code/Qwen2.5-VL/qwen_lora_coco_caption/coco_2014_caption/361406.jpg,"A pizza with sauce, cheese and sausage sitting on a table. "
/home/swq/Code/Qwen2.5-VL/qwen_lora_coco_caption/coco_2014_caption/527073.jpg,Red wagon full of brown stuffed toy bears.
/home/swq/Code/Qwen2.5-VL/qwen_lora_coco_caption/coco_2014_caption/337325.jpg,A cellphone is shown with contact pictures lined across the top.
/home/swq/Code/Qwen2.5-VL/qwen_lora_coco_caption/coco_2014_caption/357132.jpg,A WOMAN IS TAKING A PHOTO OF CHERRY BLOSSOM TREE 
/home/swq/Code/Qwen2.5-VL/qwen_lora_coco_caption/coco_2014_caption/368249.jpg,A group of people standing in a street with umbrellas.
/home/swq/Code/Qwen2.5-VL/qwen_lora_coco_caption/coco_2014_caption/459037.jpg,A plate with oranges and apples on a table
/home/swq/Code/Qwen2.5-VL/qwen_lora_coco_caption/coco_2014_caption/470062.jpg,two young children feeding change into a parking meter.
/home/swq/Code/Qwen2.5-VL/qwen_lora_coco_caption/coco_2014_caption/284454.jpg,An unlit stoplight stands on the corner of a mostly empty street.
/home/swq/Code/Qwen2.5-VL/qwen_lora_coco_caption/coco_2014_caption/522868.jpg,People are feeding an elephant over a guard rail.
/home/swq/Code/Qwen2.5-VL/qwen_lora_coco_caption/coco_2014_caption/319615.jpg,A group of people riding horses down a beach.
/home/swq/Code/Qwen2.5-VL/qwen_lora_coco_caption/coco_2014_caption/83568.jpg,A couple of elephants standing next to the water
/home/swq/Code/Qwen2.5-VL/qwen_lora_coco_caption/coco_2014_caption/115959.jpg,a black man skating on the road very high
/home/swq/Code/Qwen2.5-VL/qwen_lora_coco_caption/coco_2014_caption/79616.jpg,Two men are wearing togas and shirts as they stand near two girls.
/home/swq/Code/Qwen2.5-VL/qwen_lora_coco_caption/coco_2014_caption/353707.jpg,a person riding a a surf board on a body of water 
/home/swq/Code/Qwen2.5-VL/qwen_lora_coco_caption/coco_2014_caption/294811.jpg,a group of people half in the water dressed in bathing suits and the other half standing next to a boat
/home/swq/Code/Qwen2.5-VL/qwen_lora_coco_caption/coco_2014_caption/496832.jpg,A woman packing a blue suitcase on top of a wooden chair.
/home/swq/Code/Qwen2.5-VL/qwen_lora_coco_caption/coco_2014_caption/70904.jpg,A man running to catch a frisbee at dusk
/home/swq/Code/Qwen2.5-VL/qwen_lora_coco_caption/coco_2014_caption/299850.jpg,A woman hitting a tennis ball with a racquet.
/home/swq/Code/Qwen2.5-VL/qwen_lora_coco_caption/coco_2014_caption/301413.jpg,A man writing on a paper next to a wine glass.
/home/swq/Code/Qwen2.5-VL/qwen_lora_coco_caption/coco_2014_caption/251932.jpg,an air plane flying thru the air with a sky background
/home/swq/Code/Qwen2.5-VL/qwen_lora_coco_caption/coco_2014_caption/229228.jpg,a cat that is standing in a window sill
/home/swq/Code/Qwen2.5-VL/qwen_lora_coco_caption/coco_2014_caption/430563.jpg,a close up of two cats one laying on its back
/home/swq/Code/Qwen2.5-VL/qwen_lora_coco_caption/coco_2014_caption/547966.jpg,"A plate of stake, potatoes, broccoli and mushrooms."
/home/swq/Code/Qwen2.5-VL/qwen_lora_coco_caption/coco_2014_caption/424342.jpg,A flat screen television in a living room
/home/swq/Code/Qwen2.5-VL/qwen_lora_coco_caption/coco_2014_caption/263271.jpg,A hamburger and french fries with ketchup on a white plate.
/home/swq/Code/Qwen2.5-VL/qwen_lora_coco_caption/coco_2014_caption/364221.jpg,A person riding a yellow surfboard on  a wave.
/home/swq/Code/Qwen2.5-VL/qwen_lora_coco_caption/coco_2014_caption/163498.jpg,A red double decker bus driving down a street surrounded by tall buildings.
/home/swq/Code/Qwen2.5-VL/qwen_lora_coco_caption/coco_2014_caption/170485.jpg,A man holding a surfboard walking into the ocean.
/home/swq/Code/Qwen2.5-VL/qwen_lora_coco_caption/coco_2014_caption/355984.jpg,A cat standing inside of an open green umbrella.
/home/swq/Code/Qwen2.5-VL/qwen_lora_coco_caption/coco_2014_caption/451240.jpg,A woman standing in a kitchen with a tray of food.
/home/swq/Code/Qwen2.5-VL/qwen_lora_coco_caption/coco_2014_caption/283383.jpg,A zebra standing on top of a grass field.
/home/swq/Code/Qwen2.5-VL/qwen_lora_coco_caption/coco_2014_caption/468542.jpg,Herd of cattle being herded by a man on a horse.
/home/swq/Code/Qwen2.5-VL/qwen_lora_coco_caption/coco_2014_caption/480087.jpg,The woman hits the tennis ball with her racket.
/home/swq/Code/Qwen2.5-VL/qwen_lora_coco_caption/coco_2014_caption/109502.jpg,A group of young men holding skateboards on top of a skate park.
/home/swq/Code/Qwen2.5-VL/qwen_lora_coco_caption/coco_2014_caption/332646.jpg,A man is jumping to catch a frisbee.
/home/swq/Code/Qwen2.5-VL/qwen_lora_coco_caption/coco_2014_caption/549854.jpg,A meal that has multiple vegetables and meat 
/home/swq/Code/Qwen2.5-VL/qwen_lora_coco_caption/coco_2014_caption/240252.jpg,The tv is in front of the couch. 
/home/swq/Code/Qwen2.5-VL/qwen_lora_coco_caption/coco_2014_caption/437981.jpg,Beach-goers sit in their bathing suits on the beach.
/home/swq/Code/Qwen2.5-VL/qwen_lora_coco_caption/coco_2014_caption/120224.jpg,A man on a motorcycle is going down a country road.
/home/swq/Code/Qwen2.5-VL/qwen_lora_coco_caption/coco_2014_caption/212445.jpg,A horse drawn carriage traveling down a city street.
/home/swq/Code/Qwen2.5-VL/qwen_lora_coco_caption/coco_2014_caption/279345.jpg,"A man eating a meal in a booth at a  restaurant, with a woman sitting beside him not eating."
/home/swq/Code/Qwen2.5-VL/qwen_lora_coco_caption/coco_2014_caption/364677.jpg,A couple of men riding on the back of motorcycles.
/home/swq/Code/Qwen2.5-VL/qwen_lora_coco_caption/coco_2014_caption/178443.jpg,Two baseball teams on a baseball field with an umpire looking on
/home/swq/Code/Qwen2.5-VL/qwen_lora_coco_caption/coco_2014_caption/496619.jpg,A man walking around in a field with two cows.
/home/swq/Code/Qwen2.5-VL/qwen_lora_coco_caption/coco_2014_caption/201083.jpg,A herd of sheep grazing on a lush green field.
/home/swq/Code/Qwen2.5-VL/qwen_lora_coco_caption/coco_2014_caption/81585.jpg,A great shot of a nice Kawasaki bike that appears to be for show. 
/home/swq/Code/Qwen2.5-VL/qwen_lora_coco_caption/coco_2014_caption/397664.jpg,Man riding a bicycle while on his cell phone.
/home/swq/Code/Qwen2.5-VL/qwen_lora_coco_caption/coco_2014_caption/195345.jpg,Two zebra standing next to each other on a lush green field.
/home/swq/Code/Qwen2.5-VL/qwen_lora_coco_caption/coco_2014_caption/293070.jpg,A dad and his daughter eating a meal at a small table.
/home/swq/Code/Qwen2.5-VL/qwen_lora_coco_caption/coco_2014_caption/550844.jpg,A closeup of a bowl of cereal and some clementines.
/home/swq/Code/Qwen2.5-VL/qwen_lora_coco_caption/coco_2014_caption/103059.jpg,A dinning room table with a large vase filled with flowers.
/home/swq/Code/Qwen2.5-VL/qwen_lora_coco_caption/coco_2014_caption/136540.jpg,A three prong coat hanger with a knife on it.
/home/swq/Code/Qwen2.5-VL/qwen_lora_coco_caption/coco_2014_caption/128311.jpg,A flock of sheep standing around in a grass field.
/home/swq/Code/Qwen2.5-VL/qwen_lora_coco_caption/coco_2014_caption/47001.jpg,A wooden table with plate holding a pizza covered in cheese.
/home/swq/Code/Qwen2.5-VL/qwen_lora_coco_caption/coco_2014_caption/307552.jpg,A young man and woman sharing a slice of pizza.
/home/swq/Code/Qwen2.5-VL/qwen_lora_coco_caption/coco_2014_caption/17676.jpg,A toilet that has its seat open near a trash can.
/home/swq/Code/Qwen2.5-VL/qwen_lora_coco_caption/coco_2014_caption/530030.jpg,A street with various signage and people in shops.
/home/swq/Code/Qwen2.5-VL/qwen_lora_coco_caption/coco_2014_caption/23094.jpg,Two horses pulling a carriage full of people.
/home/swq/Code/Qwen2.5-VL/qwen_lora_coco_caption/coco_2014_caption/239792.jpg,"Skateboarder manueverin in air, frozen trick staples ground"
/home/swq/Code/Qwen2.5-VL/qwen_lora_coco_caption/coco_2014_caption/167671.jpg,Red lawn chair sits on beach with horse in background
/home/swq/Code/Qwen2.5-VL/qwen_lora_coco_caption/coco_2014_caption/128215.jpg,A wooden bench on the side of the road.
/home/swq/Code/Qwen2.5-VL/qwen_lora_coco_caption/coco_2014_caption/391480.jpg,A work out ball sits on a chair near a cluttered desk.
/home/swq/Code/Qwen2.5-VL/qwen_lora_coco_caption/coco_2014_caption/445080.jpg,A motorcycle with three wheels parked in a spot
/home/swq/Code/Qwen2.5-VL/qwen_lora_coco_caption/coco_2014_caption/105139.jpg,Fries and a sandwich sit on a plate next to some coffee. 
/home/swq/Code/Qwen2.5-VL/qwen_lora_coco_caption/coco_2014_caption/212263.jpg,Three dogs lying on the ground covered with grass
/home/swq/Code/Qwen2.5-VL/qwen_lora_coco_caption/coco_2014_caption/414082.jpg,A clock sitting on a tower. The clock is broken.
/home/swq/Code/Qwen2.5-VL/qwen_lora_coco_caption/coco_2014_caption/460821.jpg,A person standing with a backpack and a pair of skis on top of a slope.
/home/swq/Code/Qwen2.5-VL/qwen_lora_coco_caption/coco_2014_caption/565053.jpg,A red brick clock tower and a church steeple.
/home/swq/Code/Qwen2.5-VL/qwen_lora_coco_caption/coco_2014_caption/443631.jpg,A cup of coffee and doughnut on a table 
/home/swq/Code/Qwen2.5-VL/qwen_lora_coco_caption/coco_2014_caption/47074.jpg,A woman putting sticky notes on a wall near a kitchen and a computer.
/home/swq/Code/Qwen2.5-VL/qwen_lora_coco_caption/coco_2014_caption/327695.jpg,some giraffes green grass trees and bushes and a person
/home/swq/Code/Qwen2.5-VL/qwen_lora_coco_caption/coco_2014_caption/421884.jpg,A bunch of people sitting at a table
/home/swq/Code/Qwen2.5-VL/qwen_lora_coco_caption/coco_2014_caption/563743.jpg,a girl with blue hair is holding a stuffed bear
/home/swq/Code/Qwen2.5-VL/qwen_lora_coco_caption/coco_2014_caption/401583.jpg,an elephant standing on the ground with a man on his back
/home/swq/Code/Qwen2.5-VL/qwen_lora_coco_caption/coco_2014_caption/98641.jpg,A large group of people in a hotel lobby working on their laptops.
/home/swq/Code/Qwen2.5-VL/qwen_lora_coco_caption/coco_2014_caption/328855.jpg,A very big room filled with lots of people.
/home/swq/Code/Qwen2.5-VL/qwen_lora_coco_caption/coco_2014_caption/92661.jpg,A cluttered living room with a laptop computer.
/home/swq/Code/Qwen2.5-VL/qwen_lora_coco_caption/coco_2014_caption/301156.jpg,A white truck facing horizontally in the street.
/home/swq/Code/Qwen2.5-VL/qwen_lora_coco_caption/coco_2014_caption/145409.jpg,Kites flying in partly cloudy skies near the ocean.
/home/swq/Code/Qwen2.5-VL/qwen_lora_coco_caption/coco_2014_caption/383012.jpg,A knife slicing into a French loaf pizza with lots of fruit on top.
/home/swq/Code/Qwen2.5-VL/qwen_lora_coco_caption/coco_2014_caption/195411.jpg,A young man on a skateboard near a half pipe
/home/swq/Code/Qwen2.5-VL/qwen_lora_coco_caption/coco_2014_caption/135065.jpg,A tan and black doughnut with white marshmallows and a pink smiley face.
/home/swq/Code/Qwen2.5-VL/qwen_lora_coco_caption/coco_2014_caption/16084.jpg,The person in the bathroom is wearing a gas mask. 
/home/swq/Code/Qwen2.5-VL/qwen_lora_coco_caption/coco_2014_caption/192319.jpg,A table selling fruit at a market is set up very neatly
/home/swq/Code/Qwen2.5-VL/qwen_lora_coco_caption/coco_2014_caption/235488.jpg,A man riding a snow board down a snow covered slope.
/home/swq/Code/Qwen2.5-VL/qwen_lora_coco_caption/coco_2014_caption/567391.jpg,A rusted locomotive on a hot summer day. 
/home/swq/Code/Qwen2.5-VL/qwen_lora_coco_caption/coco_2014_caption/35156.jpg,Sheep with short hair eating grass under trees.
/home/swq/Code/Qwen2.5-VL/qwen_lora_coco_caption/coco_2014_caption/578072.jpg,a striped cat sitting atop a wooden chair
/home/swq/Code/Qwen2.5-VL/qwen_lora_coco_caption/coco_2014_caption/4785.jpg,A large herd of giraffe near some trees.
/home/swq/Code/Qwen2.5-VL/qwen_lora_coco_caption/coco_2014_caption/477467.jpg,The girls are checking-out where to put their surfboard in the water.
/home/swq/Code/Qwen2.5-VL/qwen_lora_coco_caption/coco_2014_caption/219968.jpg,a person that is walking in the snow with a umbrella
/home/swq/Code/Qwen2.5-VL/qwen_lora_coco_caption/coco_2014_caption/548118.jpg,A woman in a dress smiles in a kitchen.
/home/swq/Code/Qwen2.5-VL/qwen_lora_coco_caption/coco_2014_caption/144313.jpg,A couple of sheep standing on a grass covered field.
/home/swq/Code/Qwen2.5-VL/qwen_lora_coco_caption/coco_2014_caption/394208.jpg,A herd of sheep walking up a hillside covered in grass.
/home/swq/Code/Qwen2.5-VL/qwen_lora_coco_caption/coco_2014_caption/42858.jpg,People are on the beach watching kites fly in the air.
/home/swq/Code/Qwen2.5-VL/qwen_lora_coco_caption/coco_2014_caption/274105.jpg,A dog is standing while wearing a hat and glasses.
/home/swq/Code/Qwen2.5-VL/qwen_lora_coco_caption/coco_2014_caption/351827.jpg,a small boat on a large body of water
/home/swq/Code/Qwen2.5-VL/qwen_lora_coco_caption/coco_2014_caption/115191.jpg,Two zebra standing in an enclosure next to a dry forest.
/home/swq/Code/Qwen2.5-VL/qwen_lora_coco_caption/coco_2014_caption/384264.jpg,Several horses along the bank of the body of water.
/home/swq/Code/Qwen2.5-VL/qwen_lora_coco_caption/coco_2014_caption/211788.jpg,A large train that runs off of overhead power lines.
/home/swq/Code/Qwen2.5-VL/qwen_lora_coco_caption/coco_2014_caption/135242.jpg,A man playing with a video game at convention with crowd watching.
/home/swq/Code/Qwen2.5-VL/qwen_lora_coco_caption/coco_2014_caption/324910.jpg,Two men wearing ties at a bar drinking beer.
/home/swq/Code/Qwen2.5-VL/qwen_lora_coco_caption/coco_2014_caption/311116.jpg,A woman holding a surfboard while standing on a beach.
/home/swq/Code/Qwen2.5-VL/qwen_lora_coco_caption/coco_2014_caption/87096.jpg,Vendor in his stall selling various foods and bananas
/home/swq/Code/Qwen2.5-VL/qwen_lora_coco_caption/coco_2014_caption/490312.jpg,A plate of french fries and a sandwich.
/home/swq/Code/Qwen2.5-VL/qwen_lora_coco_caption/coco_2014_caption/162475.jpg,a little girl with a tennis racket tries to hit a tennis ball 
/home/swq/Code/Qwen2.5-VL/qwen_lora_coco_caption/coco_2014_caption/563076.jpg,An orange sign that says the right lane is closed ahead.
/home/swq/Code/Qwen2.5-VL/qwen_lora_coco_caption/coco_2014_caption/194600.jpg,two men are practicing tennis on the same side of the net.
/home/swq/Code/Qwen2.5-VL/qwen_lora_coco_caption/coco_2014_caption/97733.jpg,Harley style motorcycle parked next to another car. 
/home/swq/Code/Qwen2.5-VL/qwen_lora_coco_caption/coco_2014_caption/108240.jpg,A car driving down a street in the pouring rain at night.
/home/swq/Code/Qwen2.5-VL/qwen_lora_coco_caption/coco_2014_caption/15944.jpg,a table covered with different pastries and desserts
/home/swq/Code/Qwen2.5-VL/qwen_lora_coco_caption/coco_2014_caption/312961.jpg,A man that is jumping in the air over the water.
/home/swq/Code/Qwen2.5-VL/qwen_lora_coco_caption/coco_2014_caption/37326.jpg,Two people inside of a bed with two side lamps on and the curtains closed.
/home/swq/Code/Qwen2.5-VL/qwen_lora_coco_caption/coco_2014_caption/121316.jpg,A kitchen filled with lots of counter space next to a window.
/home/swq/Code/Qwen2.5-VL/qwen_lora_coco_caption/coco_2014_caption/68028.jpg,A corn beef sandwich cut in half on a white plate.
/home/swq/Code/Qwen2.5-VL/qwen_lora_coco_caption/coco_2014_caption/341431.jpg,a street line with street lights and tall buildings.
/home/swq/Code/Qwen2.5-VL/qwen_lora_coco_caption/coco_2014_caption/72120.jpg,A sunny spot on a brick patio with lots of flowers and plants.
/home/swq/Code/Qwen2.5-VL/qwen_lora_coco_caption/coco_2014_caption/228611.jpg,A group of people on a field with a boy swinging at a ball.
/home/swq/Code/Qwen2.5-VL/qwen_lora_coco_caption/coco_2014_caption/24307.jpg,The man using his cell phone stands in front of a glass shelf.
/home/swq/Code/Qwen2.5-VL/qwen_lora_coco_caption/coco_2014_caption/69087.jpg,a red and white stop sign with a street sign
/home/swq/Code/Qwen2.5-VL/qwen_lora_coco_caption/coco_2014_caption/355697.jpg,a couple of people are playing video games on a coach
/home/swq/Code/Qwen2.5-VL/qwen_lora_coco_caption/coco_2014_caption/449686.jpg,A young man flipping his skateboard on a walkway.
/home/swq/Code/Qwen2.5-VL/qwen_lora_coco_caption/coco_2014_caption/206830.jpg,Two back bears explore a stream where trees have fallen.
/home/swq/Code/Qwen2.5-VL/qwen_lora_coco_caption/coco_2014_caption/410144.jpg,A person that is cooking some food in a store.
/home/swq/Code/Qwen2.5-VL/qwen_lora_coco_caption/coco_2014_caption/75455.jpg,A dog is laying by a wooden bench
/home/swq/Code/Qwen2.5-VL/qwen_lora_coco_caption/coco_2014_caption/88549.jpg,The train going down the track has a yellow front car. 
/home/swq/Code/Qwen2.5-VL/qwen_lora_coco_caption/coco_2014_caption/459325.jpg,A square bowl of chopped and cooked vegetables. 
/home/swq/Code/Qwen2.5-VL/qwen_lora_coco_caption/coco_2014_caption/488207.jpg,Two motorcyclists rearing helmets riding on a street.
/home/swq/Code/Qwen2.5-VL/qwen_lora_coco_caption/coco_2014_caption/333502.jpg,a flower in a small vase on a table
/home/swq/Code/Qwen2.5-VL/qwen_lora_coco_caption/coco_2014_caption/169188.jpg,A very large train moving down the track.
/home/swq/Code/Qwen2.5-VL/qwen_lora_coco_caption/coco_2014_caption/393306.jpg,A man sitting on top of a couch next to wilted flowers.
/home/swq/Code/Qwen2.5-VL/qwen_lora_coco_caption/coco_2014_caption/252786.jpg,A woman standing at an airport next to luggage.
/home/swq/Code/Qwen2.5-VL/qwen_lora_coco_caption/coco_2014_caption/242721.jpg,a coin meter that is used for parking
/home/swq/Code/Qwen2.5-VL/qwen_lora_coco_caption/coco_2014_caption/172637.jpg,A row of parking meters sitting along side of a street.
/home/swq/Code/Qwen2.5-VL/qwen_lora_coco_caption/coco_2014_caption/151566.jpg,A man with an apron on making a vase.
/home/swq/Code/Qwen2.5-VL/qwen_lora_coco_caption/coco_2014_caption/414161.jpg,A small prop plane flies near to the ground in an area with trees.
/home/swq/Code/Qwen2.5-VL/qwen_lora_coco_caption/coco_2014_caption/140360.jpg,a black cat getting some water out of a bowl 
/home/swq/Code/Qwen2.5-VL/qwen_lora_coco_caption/coco_2014_caption/424431.jpg,A white polar bear swimming in a pool by waterfall
/home/swq/Code/Qwen2.5-VL/qwen_lora_coco_caption/coco_2014_caption/234916.jpg,A man standing over a cake next to a little boy.
/home/swq/Code/Qwen2.5-VL/qwen_lora_coco_caption/coco_2014_caption/319364.jpg,A cat is laying in between the keyboard and monitor. 
/home/swq/Code/Qwen2.5-VL/qwen_lora_coco_caption/coco_2014_caption/179770.jpg,A child hides on a shelf beneath a work desk.
/home/swq/Code/Qwen2.5-VL/qwen_lora_coco_caption/coco_2014_caption/248769.jpg,Four pairs of scissors sitting next to each other under a picture of a demon.
/home/swq/Code/Qwen2.5-VL/qwen_lora_coco_caption/coco_2014_caption/210472.jpg,A man and woman with a young child looking at a laptop computer.
/home/swq/Code/Qwen2.5-VL/qwen_lora_coco_caption/coco_2014_caption/513602.jpg,A woman is holding on to a white horse and bridle.
/home/swq/Code/Qwen2.5-VL/qwen_lora_coco_caption/coco_2014_caption/124033.jpg,A very pretty tree with some green bananas on it.
/home/swq/Code/Qwen2.5-VL/qwen_lora_coco_caption/coco_2014_caption/22729.jpg,Two horses running through a field of grass
/home/swq/Code/Qwen2.5-VL/qwen_lora_coco_caption/coco_2014_caption/26643.jpg,A man holding a tennis racquet on top of a tennis court.
/home/swq/Code/Qwen2.5-VL/qwen_lora_coco_caption/coco_2014_caption/48032.jpg,A baseball player is attempting to this the ball. 
/home/swq/Code/Qwen2.5-VL/qwen_lora_coco_caption/coco_2014_caption/565663.jpg,A dog that is laying down under a blanket.
/home/swq/Code/Qwen2.5-VL/qwen_lora_coco_caption/coco_2014_caption/204294.jpg,two men one has an orange tie the other a blue one
/home/swq/Code/Qwen2.5-VL/qwen_lora_coco_caption/coco_2014_caption/411862.jpg,some baseball players are playing baseball on a field
/home/swq/Code/Qwen2.5-VL/qwen_lora_coco_caption/coco_2014_caption/466643.jpg,A dog is lying on a sidewalk in front of a building.
/home/swq/Code/Qwen2.5-VL/qwen_lora_coco_caption/coco_2014_caption/105685.jpg,A little boy and girl looking into a pot at a Krispy Creme plant.
/home/swq/Code/Qwen2.5-VL/qwen_lora_coco_caption/coco_2014_caption/260545.jpg,A man wearing a watch is holding a tennis racket up with both hands
/home/swq/Code/Qwen2.5-VL/qwen_lora_coco_caption/coco_2014_caption/45770.jpg,A man leaned over riding a skateboard down a ramp.
/home/swq/Code/Qwen2.5-VL/qwen_lora_coco_caption/coco_2014_caption/28853.jpg,A gray and white building on the corner of bay street with building behind it.
/home/swq/Code/Qwen2.5-VL/qwen_lora_coco_caption/coco_2014_caption/578659.jpg,A machine with a conveyor belt filled with pastries.
/home/swq/Code/Qwen2.5-VL/qwen_lora_coco_caption/coco_2014_caption/554809.jpg,Small public restroom with chrome counter and wall.
/home/swq/Code/Qwen2.5-VL/qwen_lora_coco_caption/coco_2014_caption/129293.jpg,A white plate filled with a salad with pieces of ham.
/home/swq/Code/Qwen2.5-VL/qwen_lora_coco_caption/coco_2014_caption/429905.jpg,A hula girl statue on a vehicle dash in front of some horses.
/home/swq/Code/Qwen2.5-VL/qwen_lora_coco_caption/coco_2014_caption/207668.jpg,a person playing ping pong on a table in a kitchen
/home/swq/Code/Qwen2.5-VL/qwen_lora_coco_caption/coco_2014_caption/120088.jpg,Two adult elephants accompany two smaller juvenile elephants.
/home/swq/Code/Qwen2.5-VL/qwen_lora_coco_caption/coco_2014_caption/291498.jpg,A young person playing with a disc with snow on the ground.
/home/swq/Code/Qwen2.5-VL/qwen_lora_coco_caption/coco_2014_caption/520660.jpg,A lone giraffe sticking out it's tongue in a wooded area.
/home/swq/Code/Qwen2.5-VL/qwen_lora_coco_caption/coco_2014_caption/553407.jpg,a bus leaving a bus stop in an empty street
/home/swq/Code/Qwen2.5-VL/qwen_lora_coco_caption/coco_2014_caption/117400.jpg,A small girl is holding a pink umbrella on a sidewalk.
/home/swq/Code/Qwen2.5-VL/qwen_lora_coco_caption/coco_2014_caption/541313.jpg,People are at desks looking at computers against a pink wall.
/home/swq/Code/Qwen2.5-VL/qwen_lora_coco_caption/coco_2014_caption/438709.jpg,A beach plaza with palm trees and a street clock.
/home/swq/Code/Qwen2.5-VL/qwen_lora_coco_caption/coco_2014_caption/471755.jpg,A person holding a smart phone over a computer desk.
/home/swq/Code/Qwen2.5-VL/qwen_lora_coco_caption/coco_2014_caption/204074.jpg,many people riding bicycles on a city street
/home/swq/Code/Qwen2.5-VL/qwen_lora_coco_caption/coco_2014_caption/163660.jpg,A cat that is laying down on a bed.
/home/swq/Code/Qwen2.5-VL/qwen_lora_coco_caption/coco_2014_caption/514697.jpg,"Looking through a doorway. you see a commode and window on beige walls, with vinyl on the floors."
/home/swq/Code/Qwen2.5-VL/qwen_lora_coco_caption/coco_2014_caption/431972.jpg,The woman is in the kitchen cutting the watermelon. 
/home/swq/Code/Qwen2.5-VL/qwen_lora_coco_caption/coco_2014_caption/215546.jpg,"An empty bathroom with a toilette, sink and shower."
/home/swq/Code/Qwen2.5-VL/qwen_lora_coco_caption/coco_2014_caption/194223.jpg,A row of parked trains sitting on top of train tracks.
/home/swq/Code/Qwen2.5-VL/qwen_lora_coco_caption/coco_2014_caption/156436.jpg,A large giraffe walking across an open grassy field
/home/swq/Code/Qwen2.5-VL/qwen_lora_coco_caption/coco_2014_caption/578387.jpg,Kitchen counter cluttered with cake and ice cream buckets
/home/swq/Code/Qwen2.5-VL/qwen_lora_coco_caption/coco_2014_caption/136235.jpg,there are several planes at the runway of a airport
/home/swq/Code/Qwen2.5-VL/qwen_lora_coco_caption/coco_2014_caption/77601.jpg,A dhl cargo plane sitting on the runway
/home/swq/Code/Qwen2.5-VL/qwen_lora_coco_caption/coco_2014_caption/561591.jpg,"An air plane taking off from a run way, viewed from underneath."
/home/swq/Code/Qwen2.5-VL/qwen_lora_coco_caption/coco_2014_caption/57491.jpg,A baby holding a blue cup and eating a piece of banana.
/home/swq/Code/Qwen2.5-VL/qwen_lora_coco_caption/coco_2014_caption/50846.jpg,A well done hot dog covered in toppings.
/home/swq/Code/Qwen2.5-VL/qwen_lora_coco_caption/coco_2014_caption/301943.jpg,Two black and white puppies staring out a window.
/home/swq/Code/Qwen2.5-VL/qwen_lora_coco_caption/coco_2014_caption/184230.jpg,A woman lies on a bed working on her laptop.
/home/swq/Code/Qwen2.5-VL/qwen_lora_coco_caption/coco_2014_caption/152328.jpg,A woman riding a bike down a bike trail.
/home/swq/Code/Qwen2.5-VL/qwen_lora_coco_caption/coco_2014_caption/120247.jpg,A gang of biker police riding their bikes in formation down a street.
/home/swq/Code/Qwen2.5-VL/qwen_lora_coco_caption/coco_2014_caption/315428.jpg,A sparse living room with television and easy chair
/home/swq/Code/Qwen2.5-VL/qwen_lora_coco_caption/coco_2014_caption/330229.jpg,a big sign shows the two options of the road
/home/swq/Code/Qwen2.5-VL/qwen_lora_coco_caption/coco_2014_caption/419664.jpg,Men working on their laptops as a child plays.
/home/swq/Code/Qwen2.5-VL/qwen_lora_coco_caption/coco_2014_caption/121666.jpg,A group of men standing next to each other on a snow covered slope.
/home/swq/Code/Qwen2.5-VL/qwen_lora_coco_caption/coco_2014_caption/465198.jpg,A woman holding a tennis racquet on top of a tennis court.
/home/swq/Code/Qwen2.5-VL/qwen_lora_coco_caption/coco_2014_caption/21143.jpg,A couple of young guys playing with a disc in a field.
/home/swq/Code/Qwen2.5-VL/qwen_lora_coco_caption/coco_2014_caption/202856.jpg,A fork and a small cheesecake with a slice removed
/home/swq/Code/Qwen2.5-VL/qwen_lora_coco_caption/coco_2014_caption/46385.jpg,A man cutting  cake with lit candles sticking out of it.
/home/swq/Code/Qwen2.5-VL/qwen_lora_coco_caption/coco_2014_caption/425612.jpg,Adult elephant with offspring walking in open field with herd.
/home/swq/Code/Qwen2.5-VL/qwen_lora_coco_caption/coco_2014_caption/374832.jpg,A dog with it's paw on a remote control in a room with a television.
/home/swq/Code/Qwen2.5-VL/qwen_lora_coco_caption/coco_2014_caption/554215.jpg,A black and white photo of a parking meter on a city street.
/home/swq/Code/Qwen2.5-VL/qwen_lora_coco_caption/coco_2014_caption/18467.jpg,A bowl filled with lots of vegetables on a table.
/home/swq/Code/Qwen2.5-VL/qwen_lora_coco_caption/coco_2014_caption/53157.jpg,Dj's  playing music surrounded by cup cakes
/home/swq/Code/Qwen2.5-VL/qwen_lora_coco_caption/coco_2014_caption/78468.jpg,A truck towing a trailer loaded with bags.
/home/swq/Code/Qwen2.5-VL/qwen_lora_coco_caption/coco_2014_caption/101292.jpg,this is a close up photo of a giraffes face
/home/swq/Code/Qwen2.5-VL/qwen_lora_coco_caption/coco_2014_caption/304031.jpg,A man is balancing on a stump as he throws a frisbee.
/home/swq/Code/Qwen2.5-VL/qwen_lora_coco_caption/coco_2014_caption/174712.jpg,A lit up air plane flies over a runway.
/home/swq/Code/Qwen2.5-VL/qwen_lora_coco_caption/coco_2014_caption/387693.jpg,a tv box sitting on the floor in front of the fireplace 
/home/swq/Code/Qwen2.5-VL/qwen_lora_coco_caption/coco_2014_caption/246456.jpg,A man stands on his surfboard while riding a wave
/home/swq/Code/Qwen2.5-VL/qwen_lora_coco_caption/coco_2014_caption/378775.jpg,A woman holding a purple umbrella in her hand.
/home/swq/Code/Qwen2.5-VL/qwen_lora_coco_caption/coco_2014_caption/320115.jpg,A group of people standing on a baseball field around a podium.
/home/swq/Code/Qwen2.5-VL/qwen_lora_coco_caption/coco_2014_caption/309679.jpg,A mouse that is sitting in in front of a keyboard.
/home/swq/Code/Qwen2.5-VL/qwen_lora_coco_caption/coco_2014_caption/319209.jpg,A view of a water with trees surrounding the banks.
/home/swq/Code/Qwen2.5-VL/qwen_lora_coco_caption/coco_2014_caption/224134.jpg,Two women stand playing a video game in the living room.
/home/swq/Code/Qwen2.5-VL/qwen_lora_coco_caption/coco_2014_caption/519607.jpg,a close up of a plate of food on a table
/home/swq/Code/Qwen2.5-VL/qwen_lora_coco_caption/coco_2014_caption/111660.jpg,A street sign on a pole next to a building.
/home/swq/Code/Qwen2.5-VL/qwen_lora_coco_caption/coco_2014_caption/287197.jpg,A man riding up the side of a empty pool.
/home/swq/Code/Qwen2.5-VL/qwen_lora_coco_caption/coco_2014_caption/479331.jpg,A black bear sitting on a lawn chair. 
/home/swq/Code/Qwen2.5-VL/qwen_lora_coco_caption/coco_2014_caption/154002.jpg,"A living area with a desk, chair, closet and window."
/home/swq/Code/Qwen2.5-VL/qwen_lora_coco_caption/coco_2014_caption/118775.jpg,A blue/white train on a rail line 
/home/swq/Code/Qwen2.5-VL/qwen_lora_coco_caption/coco_2014_caption/199653.jpg,A side view of a small single zebra standing in the dirt
/home/swq/Code/Qwen2.5-VL/qwen_lora_coco_caption/coco_2014_caption/188858.jpg,a boy putting olives on a pizza in a pan
/home/swq/Code/Qwen2.5-VL/qwen_lora_coco_caption/coco_2014_caption/2563.jpg,People are standing in a field with kites flying above.
/home/swq/Code/Qwen2.5-VL/qwen_lora_coco_caption/coco_2014_caption/309181.jpg,A bear that is in standing in a tree.
/home/swq/Code/Qwen2.5-VL/qwen_lora_coco_caption/coco_2014_caption/43739.jpg,A woman standing in a kitchen with a smile on her face.
/home/swq/Code/Qwen2.5-VL/qwen_lora_coco_caption/coco_2014_caption/27974.jpg,A picture of a room that has a tv in it.
/home/swq/Code/Qwen2.5-VL/qwen_lora_coco_caption/coco_2014_caption/100483.jpg,A bunch of train trailers that are on a track.
/home/swq/Code/Qwen2.5-VL/qwen_lora_coco_caption/coco_2014_caption/568076.jpg,A large group of people on a field.
/home/swq/Code/Qwen2.5-VL/qwen_lora_coco_caption/coco_2014_caption/45280.jpg,A giraffe towers above the grass and shrubs in its environment
/home/swq/Code/Qwen2.5-VL/qwen_lora_coco_caption/coco_2014_caption/382636.jpg,A piece of cheesy bread sitting in a plastic bag.
/home/swq/Code/Qwen2.5-VL/qwen_lora_coco_caption/coco_2014_caption/552826.jpg,there is a wioman laying on her bed next to a lap top
/home/swq/Code/Qwen2.5-VL/qwen_lora_coco_caption/coco_2014_caption/313360.jpg,Large cat standing over another one laying on the ground. 
/home/swq/Code/Qwen2.5-VL/qwen_lora_coco_caption/coco_2014_caption/546401.jpg,An individual holding open a toaster with small white objects coming out of her hand and surrounding the hot dogs.
/home/swq/Code/Qwen2.5-VL/qwen_lora_coco_caption/coco_2014_caption/543552.jpg,A woman jumping a black horse over a wooden log barrier.
/home/swq/Code/Qwen2.5-VL/qwen_lora_coco_caption/coco_2014_caption/110348.jpg,a number of cows in a field with mountains in the background
/home/swq/Code/Qwen2.5-VL/qwen_lora_coco_caption/coco_2014_caption/229867.jpg,A stop sign with a solar panel above it.
/home/swq/Code/Qwen2.5-VL/qwen_lora_coco_caption/coco_2014_caption/24932.jpg,a child in a blue and black jacket and a red hat is skiing
/home/swq/Code/Qwen2.5-VL/qwen_lora_coco_caption/coco_2014_caption/244461.jpg,A pizza sitting on top of a pan.
/home/swq/Code/Qwen2.5-VL/qwen_lora_coco_caption/coco_2014_caption/371164.jpg,A woman and child are boarding a colorful little train.
/home/swq/Code/Qwen2.5-VL/qwen_lora_coco_caption/coco_2014_caption/468013.jpg,A cow is standing in a street as many people are walking around.
/home/swq/Code/Qwen2.5-VL/qwen_lora_coco_caption/coco_2014_caption/460363.jpg,a boy wearing a red shirt is doing a skateboard trick
/home/swq/Code/Qwen2.5-VL/qwen_lora_coco_caption/coco_2014_caption/270278.jpg,A stop sign by a beach next to some placid water.
/home/swq/Code/Qwen2.5-VL/qwen_lora_coco_caption/coco_2014_caption/64906.jpg,a close up of a small plane on a run way
/home/swq/Code/Qwen2.5-VL/qwen_lora_coco_caption/coco_2014_caption/17954.jpg,Six men standing on stairs in front of building with large columns.
/home/swq/Code/Qwen2.5-VL/qwen_lora_coco_caption/coco_2014_caption/203729.jpg,A giraffe walking through a dry grass field.
/home/swq/Code/Qwen2.5-VL/qwen_lora_coco_caption/coco_2014_caption/141889.jpg,A man laying on top of a bed below a headboard.
/home/swq/Code/Qwen2.5-VL/qwen_lora_coco_caption/coco_2014_caption/460403.jpg,An elephant sprays from its trunk in front of a waterfall. 
/home/swq/Code/Qwen2.5-VL/qwen_lora_coco_caption/coco_2014_caption/466390.jpg,A bicycle parked on a wooden pier next to a body of water.
/home/swq/Code/Qwen2.5-VL/qwen_lora_coco_caption/coco_2014_caption/183602.jpg,A group of women riding in a boat on a body of water.
/home/swq/Code/Qwen2.5-VL/qwen_lora_coco_caption/coco_2014_caption/545874.jpg,A man jumps onto a yellow fire hydrant on the sidewalk.
/home/swq/Code/Qwen2.5-VL/qwen_lora_coco_caption/coco_2014_caption/498694.jpg,a baseball player and a flying black bat
/home/swq/Code/Qwen2.5-VL/qwen_lora_coco_caption/coco_2014_caption/91998.jpg,Two people standing in a room with two yellow chairs.
/home/swq/Code/Qwen2.5-VL/qwen_lora_coco_caption/coco_2014_caption/8657.jpg,An old woman and a young man sitting on subway talking on phones.
/home/swq/Code/Qwen2.5-VL/qwen_lora_coco_caption/coco_2014_caption/523354.jpg,A group of people flying kites on a sandy beach
/home/swq/Code/Qwen2.5-VL/qwen_lora_coco_caption/coco_2014_caption/201634.jpg,A couple of young men standing next to each other.
/home/swq/Code/Qwen2.5-VL/qwen_lora_coco_caption/coco_2014_caption/490016.jpg,a couple of elephants that are walking on some dirt
/home/swq/Code/Qwen2.5-VL/qwen_lora_coco_caption/coco_2014_caption/457373.jpg,A small home restroom with white tile and green walls.
/home/swq/Code/Qwen2.5-VL/qwen_lora_coco_caption/coco_2014_caption/104752.jpg,A woman in white shirt removing food from a brick oven.
/home/swq/Code/Qwen2.5-VL/qwen_lora_coco_caption/coco_2014_caption/507101.jpg,a couple of elephants that are next to each other
/home/swq/Code/Qwen2.5-VL/qwen_lora_coco_caption/coco_2014_caption/343558.jpg,Horses running in a coral kicking up dust.
/home/swq/Code/Qwen2.5-VL/qwen_lora_coco_caption/coco_2014_caption/190921.jpg,Antique black and white photograph of baseball player with two bats
/home/swq/Code/Qwen2.5-VL/qwen_lora_coco_caption/coco_2014_caption/487854.jpg,A zebra and cows eat on opposite sides of the fence. 
/home/swq/Code/Qwen2.5-VL/qwen_lora_coco_caption/coco_2014_caption/390608.jpg,A meal of a sandwich and french fries.
/home/swq/Code/Qwen2.5-VL/qwen_lora_coco_caption/coco_2014_caption/369087.jpg,a couple of women playing a video game 
/home/swq/Code/Qwen2.5-VL/qwen_lora_coco_caption/coco_2014_caption/556638.jpg,A giraffe is standing inside of an enclosure.
/home/swq/Code/Qwen2.5-VL/qwen_lora_coco_caption/coco_2014_caption/410320.jpg,"Two red, yellow and blue train next to a platform."
/home/swq/Code/Qwen2.5-VL/qwen_lora_coco_caption/coco_2014_caption/159562.jpg,a dog that is sitting next to a chair
/home/swq/Code/Qwen2.5-VL/qwen_lora_coco_caption/coco_2014_caption/383244.jpg,A young man talking on a phone while sitting on a couch.
/home/swq/Code/Qwen2.5-VL/qwen_lora_coco_caption/coco_2014_caption/14709.jpg,A baseball player holding a catchers mitt in the dirt.
/home/swq/Code/Qwen2.5-VL/qwen_lora_coco_caption/coco_2014_caption/492261.jpg,A skier is standing in a valley overlooking mountains under puffy grey clouds.
/home/swq/Code/Qwen2.5-VL/qwen_lora_coco_caption/coco_2014_caption/180831.jpg,A bird that is flying in the air over sand.
/home/swq/Code/Qwen2.5-VL/qwen_lora_coco_caption/coco_2014_caption/562338.jpg,A hot dog in a bunch and french fries sitting on a plate
/home/swq/Code/Qwen2.5-VL/qwen_lora_coco_caption/coco_2014_caption/109351.jpg,Two people are flying a kite at the park
/home/swq/Code/Qwen2.5-VL/qwen_lora_coco_caption/coco_2014_caption/6293.jpg,A man standing on to of a pile of junk holding flaming torches.
/home/swq/Code/Qwen2.5-VL/qwen_lora_coco_caption/coco_2014_caption/481856.jpg,A flock of sheep next to a brick building and a small white shed.
/home/swq/Code/Qwen2.5-VL/qwen_lora_coco_caption/coco_2014_caption/245451.jpg,"A monitor, mouse and keyboard are sitting on a desk."
/home/swq/Code/Qwen2.5-VL/qwen_lora_coco_caption/coco_2014_caption/333181.jpg,A table topped with plates and bowls of food.
/home/swq/Code/Qwen2.5-VL/qwen_lora_coco_caption/coco_2014_caption/528944.jpg,An ordinary kitchen with a stove and pots.
/home/swq/Code/Qwen2.5-VL/qwen_lora_coco_caption/coco_2014_caption/318073.jpg,A woman standing in a kitchen being remodeled.
/home/swq/Code/Qwen2.5-VL/qwen_lora_coco_caption/coco_2014_caption/228320.jpg,A man in a row boat rowing across a lake.
/home/swq/Code/Qwen2.5-VL/qwen_lora_coco_caption/coco_2014_caption/201893.jpg,A tall giraffe walking along a road next to a green field.
/home/swq/Code/Qwen2.5-VL/qwen_lora_coco_caption/coco_2014_caption/322059.jpg,A body of water with a large blue boat floating on top of it.
/home/swq/Code/Qwen2.5-VL/qwen_lora_coco_caption/coco_2014_caption/318168.jpg,A beautiful blonde woman kissing the cheek of a child in front of a chalk board.
/home/swq/Code/Qwen2.5-VL/qwen_lora_coco_caption/coco_2014_caption/431393.jpg,A man in a red shirt and blue pants holds up a white Frisbee on a grass area.
/home/swq/Code/Qwen2.5-VL/qwen_lora_coco_caption/coco_2014_caption/359746.jpg,A professional baseball game with a runner on third base next to the third base coach and the third baseman next to the bag.
/home/swq/Code/Qwen2.5-VL/qwen_lora_coco_caption/coco_2014_caption/310889.jpg,A person that is holding a long umbrella.
/home/swq/Code/Qwen2.5-VL/qwen_lora_coco_caption/coco_2014_caption/301747.jpg,A couple of animals that are licking the ground.
/home/swq/Code/Qwen2.5-VL/qwen_lora_coco_caption/coco_2014_caption/399382.jpg,A blue plate topped with a pastry covered in strawberries.
/home/swq/Code/Qwen2.5-VL/qwen_lora_coco_caption/coco_2014_caption/294223.jpg,A woman tennis player is in position to play.
/home/swq/Code/Qwen2.5-VL/qwen_lora_coco_caption/coco_2014_caption/283729.jpg,A young girl riding a skateboard before onlookers.
/home/swq/Code/Qwen2.5-VL/qwen_lora_coco_caption/coco_2014_caption/232322.jpg,A hand holding a small camera next to a shelf in a  store.
/home/swq/Code/Qwen2.5-VL/qwen_lora_coco_caption/coco_2014_caption/460950.jpg,"A tray holds a hot dog, sports drink and a plate of spaghetti. "
/home/swq/Code/Qwen2.5-VL/qwen_lora_coco_caption/coco_2014_caption/330578.jpg,A tennis player stands ready to serve a ball
/home/swq/Code/Qwen2.5-VL/qwen_lora_coco_caption/coco_2014_caption/381403.jpg,a man with his shirt and skate board walking outside
/home/swq/Code/Qwen2.5-VL/qwen_lora_coco_caption/coco_2014_caption/509870.jpg,A desktop computer and a laptop are running at a desk overlooking a meeting area.
/home/swq/Code/Qwen2.5-VL/qwen_lora_coco_caption/coco_2014_caption/14049.jpg,A hot dog sitting on top of a gun on a white paper basket.
/home/swq/Code/Qwen2.5-VL/qwen_lora_coco_caption/coco_2014_caption/286751.jpg,Various types of fruit neatly arranged in piles.
/home/swq/Code/Qwen2.5-VL/qwen_lora_coco_caption/coco_2014_caption/528938.jpg,A girl standing in a kitchen with her hand on a blender top.
/home/swq/Code/Qwen2.5-VL/qwen_lora_coco_caption/coco_2014_caption/494283.jpg,A collie dog is sitting on a sofa over the water.
/home/swq/Code/Qwen2.5-VL/qwen_lora_coco_caption/coco_2014_caption/575502.jpg,A large white cake sitting on top of a cake plate.
/home/swq/Code/Qwen2.5-VL/qwen_lora_coco_caption/coco_2014_caption/254701.jpg,A couple of men exchanging an item for money.
/home/swq/Code/Qwen2.5-VL/qwen_lora_coco_caption/coco_2014_caption/498651.jpg,A man wearing glasses and blue tie taking a picture.
/home/swq/Code/Qwen2.5-VL/qwen_lora_coco_caption/coco_2014_caption/18873.jpg,A Thomas the tank birthday cake with blue and white frosting.
/home/swq/Code/Qwen2.5-VL/qwen_lora_coco_caption/coco_2014_caption/466095.jpg,A large giraffe standing on a dry tree filled field.
/home/swq/Code/Qwen2.5-VL/qwen_lora_coco_caption/coco_2014_caption/159411.jpg,The food is on a base of sliced cucumbers and covered with leaves.
/home/swq/Code/Qwen2.5-VL/qwen_lora_coco_caption/coco_2014_caption/283018.jpg,A couple enjoying a day of skiing at the mountains.
/home/swq/Code/Qwen2.5-VL/qwen_lora_coco_caption/coco_2014_caption/269634.jpg,A zebra standing in short grass with an are of very tall grass behind.
/home/swq/Code/Qwen2.5-VL/qwen_lora_coco_caption/coco_2014_caption/227606.jpg,a spotted cat is wearing a quilt like vest
/home/swq/Code/Qwen2.5-VL/qwen_lora_coco_caption/coco_2014_caption/409728.jpg,A car parked in a parking lot next to a bike.
/home/swq/Code/Qwen2.5-VL/qwen_lora_coco_caption/coco_2014_caption/187541.jpg,a plate filled with assorted meat and seafood with corn and a slice of bread. 
/home/swq/Code/Qwen2.5-VL/qwen_lora_coco_caption/coco_2014_caption/295116.jpg,A tall clock tower with a couple of bells on it.
/home/swq/Code/Qwen2.5-VL/qwen_lora_coco_caption/coco_2014_caption/390856.jpg,a few people skiing on to of a mountain peek.
/home/swq/Code/Qwen2.5-VL/qwen_lora_coco_caption/coco_2014_caption/533862.jpg,a black and white cow beside a feeder looking up
/home/swq/Code/Qwen2.5-VL/qwen_lora_coco_caption/coco_2014_caption/5564.jpg,Two dead birds that are on the street.
/home/swq/Code/Qwen2.5-VL/qwen_lora_coco_caption/coco_2014_caption/244424.jpg,a lady in a dress moving on the street 
/home/swq/Code/Qwen2.5-VL/qwen_lora_coco_caption/coco_2014_caption/526552.jpg,"Three women prepare large, rectangular pizzas with various ingredients."
/home/swq/Code/Qwen2.5-VL/qwen_lora_coco_caption/coco_2014_caption/459475.jpg,A large white boat floating on top of the ocean.
/home/swq/Code/Qwen2.5-VL/qwen_lora_coco_caption/coco_2014_caption/198382.jpg,A PICTURE OF A BIRD WITH ITS MOUTH OPEN 
/home/swq/Code/Qwen2.5-VL/qwen_lora_coco_caption/coco_2014_caption/403250.jpg,A dog standing next to a mirror reflecting its image.
/home/swq/Code/Qwen2.5-VL/qwen_lora_coco_caption/coco_2014_caption/570856.jpg,A wall with news paper and magazine pages posted to it.
/home/swq/Code/Qwen2.5-VL/qwen_lora_coco_caption/coco_2014_caption/22964.jpg,A woman standing on a tennis court holding a racquet.
/home/swq/Code/Qwen2.5-VL/qwen_lora_coco_caption/coco_2014_caption/534965.jpg,A crowd of people flying kites over a lush green field.
/home/swq/Code/Qwen2.5-VL/qwen_lora_coco_caption/coco_2014_caption/329919.jpg,A room has cardboard boxes and other item strewn about.
/home/swq/Code/Qwen2.5-VL/qwen_lora_coco_caption/coco_2014_caption/14736.jpg,A large brick clock tower towering over a town.
/home/swq/Code/Qwen2.5-VL/qwen_lora_coco_caption/coco_2014_caption/543698.jpg,A snowboarder does a flip above ground on the snowy slopes.
/home/swq/Code/Qwen2.5-VL/qwen_lora_coco_caption/coco_2014_caption/444363.jpg,A long yellow train traveling past a train station.
/home/swq/Code/Qwen2.5-VL/qwen_lora_coco_caption/coco_2014_caption/340184.jpg,a couple of white couches in a room
/home/swq/Code/Qwen2.5-VL/qwen_lora_coco_caption/coco_2014_caption/38729.jpg,A train is riding the tracks in the desert.
/home/swq/Code/Qwen2.5-VL/qwen_lora_coco_caption/coco_2014_caption/60172.jpg,A plate that has a variety of fruit and vegetables on it. 
/home/swq/Code/Qwen2.5-VL/qwen_lora_coco_caption/coco_2014_caption/77137.jpg,"A bedroom with light green walls, a bed, dresser and lamps. "
/home/swq/Code/Qwen2.5-VL/qwen_lora_coco_caption/coco_2014_caption/359339.jpg,A man and two children wearing ski gear going skiing.
/home/swq/Code/Qwen2.5-VL/qwen_lora_coco_caption/coco_2014_caption/222086.jpg,Many people are joining a special event with many other. 
/home/swq/Code/Qwen2.5-VL/qwen_lora_coco_caption/coco_2014_caption/145614.jpg,The bed in the room has been made with a large purple blanket.
/home/swq/Code/Qwen2.5-VL/qwen_lora_coco_caption/coco_2014_caption/281168.jpg,A hot dog that is next to some french fries.
/home/swq/Code/Qwen2.5-VL/qwen_lora_coco_caption/coco_2014_caption/355111.jpg,Two people standing in skis while people behind them sit on snow boards
/home/swq/Code/Qwen2.5-VL/qwen_lora_coco_caption/coco_2014_caption/552149.jpg,A zebra walking across a grass covered field.
/home/swq/Code/Qwen2.5-VL/qwen_lora_coco_caption/coco_2014_caption/38026.jpg,A silver train traveling down tracks through a forest.
/home/swq/Code/Qwen2.5-VL/qwen_lora_coco_caption/coco_2014_caption/231087.jpg,Two different foods cooking together on the stove.
/home/swq/Code/Qwen2.5-VL/qwen_lora_coco_caption/coco_2014_caption/248403.jpg,A woman is sitting down outside eating pizza.
/home/swq/Code/Qwen2.5-VL/qwen_lora_coco_caption/coco_2014_caption/401785.jpg,some apple trees are filled with red apples 
/home/swq/Code/Qwen2.5-VL/qwen_lora_coco_caption/coco_2014_caption/292152.jpg,A toasted ham sandwich with a pickle on a white plate.
/home/swq/Code/Qwen2.5-VL/qwen_lora_coco_caption/coco_2014_caption/71099.jpg,Two microwaves and a very old fashioned printer
/home/swq/Code/Qwen2.5-VL/qwen_lora_coco_caption/coco_2014_caption/291493.jpg,A plate has a sandwich and chips on it. 
/home/swq/Code/Qwen2.5-VL/qwen_lora_coco_caption/coco_2014_caption/119304.jpg,Two parked motorcycles sitting in front of an iron gate.
/home/swq/Code/Qwen2.5-VL/qwen_lora_coco_caption/coco_2014_caption/377493.jpg,The plane is flying past the yellow tower. 
/home/swq/Code/Qwen2.5-VL/qwen_lora_coco_caption/coco_2014_caption/135638.jpg,A table and an entertainment center in a home.
/home/swq/Code/Qwen2.5-VL/qwen_lora_coco_caption/coco_2014_caption/307930.jpg,A group of birds sitting on a wooden platform.
/home/swq/Code/Qwen2.5-VL/qwen_lora_coco_caption/coco_2014_caption/178407.jpg,a couple of people that are on a motorcycle
/home/swq/Code/Qwen2.5-VL/qwen_lora_coco_caption/coco_2014_caption/169495.jpg,A living room scene complete with a couch and a chair.
/home/swq/Code/Qwen2.5-VL/qwen_lora_coco_caption/coco_2014_caption/29041.jpg,a man is show taking a pic of a woman in a mirror 
/home/swq/Code/Qwen2.5-VL/qwen_lora_coco_caption/coco_2014_caption/103095.jpg,a train on a track near bushes and trees
/home/swq/Code/Qwen2.5-VL/qwen_lora_coco_caption/coco_2014_caption/384961.jpg,two people sitting at a table with a plate of food
/home/swq/Code/Qwen2.5-VL/qwen_lora_coco_caption/coco_2014_caption/121560.jpg,A wooden table with a bamboo sprig in an orange vase.
/home/swq/Code/Qwen2.5-VL/qwen_lora_coco_caption/coco_2014_caption/314092.jpg,A group of people gathered in the street
/home/swq/Code/Qwen2.5-VL/qwen_lora_coco_caption/coco_2014_caption/471345.jpg,A table topped with two white plates of food next to glasses filled with drinks.
/home/swq/Code/Qwen2.5-VL/qwen_lora_coco_caption/coco_2014_caption/481585.jpg,The man is surfing in the blue water
/home/swq/Code/Qwen2.5-VL/qwen_lora_coco_caption/coco_2014_caption/491753.jpg,A wooden table topped with a photograph of a picture and a vase.
/home/swq/Code/Qwen2.5-VL/qwen_lora_coco_caption/coco_2014_caption/312246.jpg,A bath tub next to a toilet and a sink.
/home/swq/Code/Qwen2.5-VL/qwen_lora_coco_caption/coco_2014_caption/403270.jpg,The fire hydrant near the curb is painted gold.
/home/swq/Code/Qwen2.5-VL/qwen_lora_coco_caption/coco_2014_caption/564898.jpg,A herd of horned animals on a grassy patch by a body of water.
/home/swq/Code/Qwen2.5-VL/qwen_lora_coco_caption/coco_2014_caption/194161.jpg,A person is trying to feed a carrot to a giraffe. 
/home/swq/Code/Qwen2.5-VL/qwen_lora_coco_caption/coco_2014_caption/4993.jpg,A man in a hat is holding two cell phones.
/home/swq/Code/Qwen2.5-VL/qwen_lora_coco_caption/coco_2014_caption/46207.jpg,A man smiles with the hotel television remote next to him on a bed. 
/home/swq/Code/Qwen2.5-VL/qwen_lora_coco_caption/coco_2014_caption/222608.jpg,a large motor bike is parked out by the street
/home/swq/Code/Qwen2.5-VL/qwen_lora_coco_caption/coco_2014_caption/258040.jpg,A white bowl filled with broccoli and garnished
/home/swq/Code/Qwen2.5-VL/qwen_lora_coco_caption/coco_2014_caption/91743.jpg,The three boys are posing with their medals they won. 
/home/swq/Code/Qwen2.5-VL/qwen_lora_coco_caption/coco_2014_caption/518769.jpg,A BASE BALL GAME WITH A LOT OF PEOPLE 
/home/swq/Code/Qwen2.5-VL/qwen_lora_coco_caption/coco_2014_caption/118480.jpg,A gray cat laying in the bathroom sink.
/home/swq/Code/Qwen2.5-VL/qwen_lora_coco_caption/coco_2014_caption/130324.jpg,Bright green broccoli and orange carrots lie side by side on a plate.
/home/swq/Code/Qwen2.5-VL/qwen_lora_coco_caption/coco_2014_caption/575274.jpg,A man riding a bike next to a man carrying a skateboard.
/home/swq/Code/Qwen2.5-VL/qwen_lora_coco_caption/coco_2014_caption/526225.jpg,"There is an individual doing something in the picture.
"
/home/swq/Code/Qwen2.5-VL/qwen_lora_coco_caption/coco_2014_caption/410331.jpg,"A man, a beer and what is left of a large pizza."
/home/swq/Code/Qwen2.5-VL/qwen_lora_coco_caption/coco_2014_caption/10733.jpg,One zebra stands guard while the other eats on the savannah.
/home/swq/Code/Qwen2.5-VL/qwen_lora_coco_caption/coco_2014_caption/472266.jpg,A dog jumping up into the air to catch a red frisbee.
/home/swq/Code/Qwen2.5-VL/qwen_lora_coco_caption/coco_2014_caption/442819.jpg,This bed has a TV mounted at the foot board
/home/swq/Code/Qwen2.5-VL/qwen_lora_coco_caption/coco_2014_caption/548662.jpg,Many cars and two buses driving down a road.
/home/swq/Code/Qwen2.5-VL/qwen_lora_coco_caption/coco_2014_caption/408502.jpg,Two ducks that are sitting in the water.
/home/swq/Code/Qwen2.5-VL/qwen_lora_coco_caption/coco_2014_caption/166200.jpg,A brown teddy bear sitting in a high chair with a bottle of honey.
/home/swq/Code/Qwen2.5-VL/qwen_lora_coco_caption/coco_2014_caption/438810.jpg,A zebra is standing in a grass-less field.
/home/swq/Code/Qwen2.5-VL/qwen_lora_coco_caption/coco_2014_caption/396120.jpg,"A refrigerator cluttered with magnets,papers, and clippings. "
/home/swq/Code/Qwen2.5-VL/qwen_lora_coco_caption/coco_2014_caption/94526.jpg,A passenger train that is traveling down the tracks.
/home/swq/Code/Qwen2.5-VL/qwen_lora_coco_caption/coco_2014_caption/568873.jpg,some tennis players standing around a bench and talking to each other 
/home/swq/Code/Qwen2.5-VL/qwen_lora_coco_caption/coco_2014_caption/507937.jpg,White and green bus moving with traffic on the street.
/home/swq/Code/Qwen2.5-VL/qwen_lora_coco_caption/coco_2014_caption/127830.jpg,A young woman who is jumping up for a high five.
/home/swq/Code/Qwen2.5-VL/qwen_lora_coco_caption/coco_2014_caption/466549.jpg,A woman standing in a living room next to a man.
/home/swq/Code/Qwen2.5-VL/qwen_lora_coco_caption/coco_2014_caption/67407.jpg,A carousel in the foreground with a large building in the background. 
/home/swq/Code/Qwen2.5-VL/qwen_lora_coco_caption/coco_2014_caption/447769.jpg,The entrance to a city park featuring colorful flags on poles.
/home/swq/Code/Qwen2.5-VL/qwen_lora_coco_caption/coco_2014_caption/313481.jpg,a young female standing on a surfboard inside the water
/home/swq/Code/Qwen2.5-VL/qwen_lora_coco_caption/coco_2014_caption/351013.jpg,A couple of men with a surfboards standing in the sand.
/home/swq/Code/Qwen2.5-VL/qwen_lora_coco_caption/coco_2014_caption/46024.jpg,A computer desk with a cat standing on top of it next to a monitor.
/home/swq/Code/Qwen2.5-VL/qwen_lora_coco_caption/coco_2014_caption/216091.jpg,Stainless steel microwave and refridgerater and a lot of coffee mugs
/home/swq/Code/Qwen2.5-VL/qwen_lora_coco_caption/coco_2014_caption/363474.jpg,An elephant walking with a branch in its mouth.
/home/swq/Code/Qwen2.5-VL/qwen_lora_coco_caption/coco_2014_caption/324006.jpg,A baseball player swinging a bat while being watched by a crowd.
/home/swq/Code/Qwen2.5-VL/qwen_lora_coco_caption/coco_2014_caption/558700.jpg,a laptop on a bench with a cooler on a hand rail
/home/swq/Code/Qwen2.5-VL/qwen_lora_coco_caption/coco_2014_caption/333241.jpg,A white cat lies in a terra cotta planter.
/home/swq/Code/Qwen2.5-VL/qwen_lora_coco_caption/coco_2014_caption/30235.jpg,there is an airplane that is parked on the yard at the air port
/home/swq/Code/Qwen2.5-VL/qwen_lora_coco_caption/coco_2014_caption/281131.jpg,"Meal including white rice, cooked broccoli, and sweet potatoes."
/home/swq/Code/Qwen2.5-VL/qwen_lora_coco_caption/coco_2014_caption/86686.jpg,A train carrying chemical tanks traveling over a rail bridge.
/home/swq/Code/Qwen2.5-VL/qwen_lora_coco_caption/coco_2014_caption/51260.jpg,A young man is jumping in the air and flipping his skateboard.
/home/swq/Code/Qwen2.5-VL/qwen_lora_coco_caption/coco_2014_caption/424632.jpg,this kitchen has a small dining room table with three chairs in it
/home/swq/Code/Qwen2.5-VL/qwen_lora_coco_caption/coco_2014_caption/415903.jpg,Three people are eating slices of pizza together.
/home/swq/Code/Qwen2.5-VL/qwen_lora_coco_caption/coco_2014_caption/254449.jpg,A group of people standing around a large bench.
/home/swq/Code/Qwen2.5-VL/qwen_lora_coco_caption/coco_2014_caption/387543.jpg,A public bus driving down a snowy city street.
/home/swq/Code/Qwen2.5-VL/qwen_lora_coco_caption/coco_2014_caption/125273.jpg,There are traffic signs shown in a different language.
/home/swq/Code/Qwen2.5-VL/qwen_lora_coco_caption/coco_2014_caption/244283.jpg,A street full of cars has a green sign.
/home/swq/Code/Qwen2.5-VL/qwen_lora_coco_caption/coco_2014_caption/46535.jpg,A toy dog sits next to a toy cell phone. 
/home/swq/Code/Qwen2.5-VL/qwen_lora_coco_caption/coco_2014_caption/278952.jpg,Gold and white clock on a brick clock tower.
/home/swq/Code/Qwen2.5-VL/qwen_lora_coco_caption/coco_2014_caption/135878.jpg,A gray and white bird sitting inside of a pot filled with dirt.
/home/swq/Code/Qwen2.5-VL/qwen_lora_coco_caption/coco_2014_caption/220399.jpg,A flatbread pizza with lots of black olives and green peppers
/home/swq/Code/Qwen2.5-VL/qwen_lora_coco_caption/coco_2014_caption/571702.jpg,A guy holding a cute small child with a remote.
/home/swq/Code/Qwen2.5-VL/qwen_lora_coco_caption/coco_2014_caption/304374.jpg,Green wooden shelves holding blackened bunches of bananas.
/home/swq/Code/Qwen2.5-VL/qwen_lora_coco_caption/coco_2014_caption/54012.jpg,People standing and walking on a rocky beach next to an ocean.
/home/swq/Code/Qwen2.5-VL/qwen_lora_coco_caption/coco_2014_caption/275415.jpg,An orange on a branch with a bird holding on to it. 
/home/swq/Code/Qwen2.5-VL/qwen_lora_coco_caption/coco_2014_caption/241643.jpg,a person is outside playing a tennis game
/home/swq/Code/Qwen2.5-VL/qwen_lora_coco_caption/coco_2014_caption/449599.jpg,A cat sitting inside of a bag on top of a table.
/home/swq/Code/Qwen2.5-VL/qwen_lora_coco_caption/coco_2014_caption/562510.jpg,A group of motorcyclers riding down a city street
/home/swq/Code/Qwen2.5-VL/qwen_lora_coco_caption/coco_2014_caption/538993.jpg,there are many people standing outside in the rain with umbrellas 
/home/swq/Code/Qwen2.5-VL/qwen_lora_coco_caption/coco_2014_caption/39928.jpg,A dark street is lined with aluminated signs.
/home/swq/Code/Qwen2.5-VL/qwen_lora_coco_caption/coco_2014_caption/296046.jpg,"A table holding a blue plate of food that includes eggs, fruit and vegetables."
/home/swq/Code/Qwen2.5-VL/qwen_lora_coco_caption/coco_2014_caption/13158.jpg,A long haired cat sleeps on the hood of a car.
/home/swq/Code/Qwen2.5-VL/qwen_lora_coco_caption/coco_2014_caption/20281.jpg,A analog clock fastened to the side of building.
/home/swq/Code/Qwen2.5-VL/qwen_lora_coco_caption/coco_2014_caption/166477.jpg,A man riding a skateboard down some steps.
/home/swq/Code/Qwen2.5-VL/qwen_lora_coco_caption/coco_2014_caption/254410.jpg,A couple of hipsters looking at and using a laptop.
/home/swq/Code/Qwen2.5-VL/qwen_lora_coco_caption/coco_2014_caption/257690.jpg,A dog is sitting on the passenger seat of a vehicle parked near a waterfront
/home/swq/Code/Qwen2.5-VL/qwen_lora_coco_caption/coco_2014_caption/185394.jpg,A woman and a man standing with a horse in a boat and a dog laying next to it.
/home/swq/Code/Qwen2.5-VL/qwen_lora_coco_caption/coco_2014_caption/83632.jpg,A group of planes flying in the sky letting out smoke
/home/swq/Code/Qwen2.5-VL/qwen_lora_coco_caption/coco_2014_caption/419618.jpg,A tabby cat under a white comforter and on top of a cream colored pillow. 
/home/swq/Code/Qwen2.5-VL/qwen_lora_coco_caption/coco_2014_caption/199960.jpg,Big Ben standing a midst other old buildings in London. 
/home/swq/Code/Qwen2.5-VL/qwen_lora_coco_caption/coco_2014_caption/500401.jpg,A boat with it's reflection sitting on water around trees. 
/home/swq/Code/Qwen2.5-VL/qwen_lora_coco_caption/coco_2014_caption/445103.jpg,A pair of green and yellow scissors on top of paper.
/home/swq/Code/Qwen2.5-VL/qwen_lora_coco_caption/coco_2014_caption/442197.jpg,A very cluttered computer desk holds a desktop and a laptop.
/home/swq/Code/Qwen2.5-VL/qwen_lora_coco_caption/coco_2014_caption/513944.jpg,A large stuffed teddy bear is holding a white one. 
/home/swq/Code/Qwen2.5-VL/qwen_lora_coco_caption/coco_2014_caption/927.jpg,A little kid that is on a skateboard.
/home/swq/Code/Qwen2.5-VL/qwen_lora_coco_caption/coco_2014_caption/5303.jpg,A giant slice of pizza sitting on top of a paper plate.
/home/swq/Code/Qwen2.5-VL/qwen_lora_coco_caption/coco_2014_caption/501210.jpg,two images of a double fault in a tennis game 
/home/swq/Code/Qwen2.5-VL/qwen_lora_coco_caption/coco_2014_caption/389705.jpg,A few baby Zebras are walking by their parent. 
/home/swq/Code/Qwen2.5-VL/qwen_lora_coco_caption/coco_2014_caption/162882.jpg,a lady that is skiing across some snow
/home/swq/Code/Qwen2.5-VL/qwen_lora_coco_caption/coco_2014_caption/442125.jpg,A brides bouquet lying on top of a linen tablecloth with wine glasses and napkins behind the bouquet.
/home/swq/Code/Qwen2.5-VL/qwen_lora_coco_caption/coco_2014_caption/372390.jpg,A grey parking meter with a blue car in background.
/home/swq/Code/Qwen2.5-VL/qwen_lora_coco_caption/coco_2014_caption/471315.jpg,"Elephants walk with trees, grass and blue sky in the background."
/home/swq/Code/Qwen2.5-VL/qwen_lora_coco_caption/coco_2014_caption/501059.jpg,A parking meter on a road with cars parked nearby
/home/swq/Code/Qwen2.5-VL/qwen_lora_coco_caption/coco_2014_caption/414314.jpg,Two people kicking  a ball playing a game.
/home/swq/Code/Qwen2.5-VL/qwen_lora_coco_caption/coco_2014_caption/409653.jpg,A number of airplanes are parked in a warehouse.
/home/swq/Code/Qwen2.5-VL/qwen_lora_coco_caption/coco_2014_caption/35400.jpg,A giraffe laying in a lush green grass covered field.
/home/swq/Code/Qwen2.5-VL/qwen_lora_coco_caption/coco_2014_caption/431342.jpg,a snowboarder that is jumping off some snow
/home/swq/Code/Qwen2.5-VL/qwen_lora_coco_caption/coco_2014_caption/241963.jpg,picture of a man with a gun with a P over his head
/home/swq/Code/Qwen2.5-VL/qwen_lora_coco_caption/coco_2014_caption/534763.jpg,A bunch of people that are standing in the street.
/home/swq/Code/Qwen2.5-VL/qwen_lora_coco_caption/coco_2014_caption/116851.jpg,A large black clock on the street with flowers around it.
/home/swq/Code/Qwen2.5-VL/qwen_lora_coco_caption/coco_2014_caption/158353.jpg,A woman holding up a smart phone to take a picture.
/home/swq/Code/Qwen2.5-VL/qwen_lora_coco_caption/coco_2014_caption/352065.jpg,A man in a wetsuit carrying a surfboard on the street.
/home/swq/Code/Qwen2.5-VL/qwen_lora_coco_caption/coco_2014_caption/433297.jpg,a small bus drives down a curved road
/home/swq/Code/Qwen2.5-VL/qwen_lora_coco_caption/coco_2014_caption/444769.jpg,A GPS device with a map on on it's LCD screen.
/home/swq/Code/Qwen2.5-VL/qwen_lora_coco_caption/coco_2014_caption/450704.jpg,A young man sitting at a table using a laptop.
/home/swq/Code/Qwen2.5-VL/qwen_lora_coco_caption/coco_2014_caption/70602.jpg,A lot of sailboats docked at a pier with their sails down.
/home/swq/Code/Qwen2.5-VL/qwen_lora_coco_caption/coco_2014_caption/214724.jpg,The living room has a hard wood floor.
/home/swq/Code/Qwen2.5-VL/qwen_lora_coco_caption/coco_2014_caption/492215.jpg,A woman in a maid's uniform is next to a man onstage.
/home/swq/Code/Qwen2.5-VL/qwen_lora_coco_caption/coco_2014_caption/165142.jpg,A lot of food that is on a table.
/home/swq/Code/Qwen2.5-VL/qwen_lora_coco_caption/coco_2014_caption/36796.jpg,A clock is shown at the top of a building.
/home/swq/Code/Qwen2.5-VL/qwen_lora_coco_caption/coco_2014_caption/74835.jpg,a man holding a stick with bananas on it in one hand and a knife  in the other hand.
/home/swq/Code/Qwen2.5-VL/qwen_lora_coco_caption/coco_2014_caption/447374.jpg,Three different sushi platters with a side of macaroni.
/home/swq/Code/Qwen2.5-VL/qwen_lora_coco_caption/coco_2014_caption/231918.jpg,A man in a suit with a nametag stands between the large pillars.
/home/swq/Code/Qwen2.5-VL/qwen_lora_coco_caption/coco_2014_caption/251630.jpg,An elephant standing in shallow water and thick grass.
/home/swq/Code/Qwen2.5-VL/qwen_lora_coco_caption/coco_2014_caption/68235.jpg,a ceiling fan sitting above a grey chair in the living room 
/home/swq/Code/Qwen2.5-VL/qwen_lora_coco_caption/coco_2014_caption/440371.jpg,A cat rolled up sleeping on a remote control.
/home/swq/Code/Qwen2.5-VL/qwen_lora_coco_caption/coco_2014_caption/177824.jpg,A bed sitting in the corner of the room next to a wooden table.
/home/swq/Code/Qwen2.5-VL/qwen_lora_coco_caption/coco_2014_caption/268190.jpg,a little brown bear and someones shoes sitting together
/home/swq/Code/Qwen2.5-VL/qwen_lora_coco_caption/coco_2014_caption/309915.jpg,A man holding a baseball bat near  home plate.
/home/swq/Code/Qwen2.5-VL/qwen_lora_coco_caption/coco_2014_caption/92366.jpg,There is a young girl with a bat playing baseball.
/home/swq/Code/Qwen2.5-VL/qwen_lora_coco_caption/coco_2014_caption/421534.jpg,A church and other building line a city street with trees on the opposite side.
/home/swq/Code/Qwen2.5-VL/qwen_lora_coco_caption/coco_2014_caption/240608.jpg,A large pizza sitting on top of a pan covered in cheese.
/home/swq/Code/Qwen2.5-VL/qwen_lora_coco_caption/coco_2014_caption/523536.jpg,A black cat is sitting on a computer chair.
/home/swq/Code/Qwen2.5-VL/qwen_lora_coco_caption/coco_2014_caption/118140.jpg,A white sink sitting under a mirror near a tub.
/home/swq/Code/Qwen2.5-VL/qwen_lora_coco_caption/coco_2014_caption/549143.jpg,A white toilet and a sink in a room.
/home/swq/Code/Qwen2.5-VL/qwen_lora_coco_caption/coco_2014_caption/478029.jpg,A black bear naps under a twisted tree.
/home/swq/Code/Qwen2.5-VL/qwen_lora_coco_caption/coco_2014_caption/94390.jpg,A man with an umbrella walks down a sidewalk.
/home/swq/Code/Qwen2.5-VL/qwen_lora_coco_caption/coco_2014_caption/236218.jpg,a corner of a small bathroom with a sink next to a window 
/home/swq/Code/Qwen2.5-VL/qwen_lora_coco_caption/coco_2014_caption/32129.jpg,A man riding a kiteboard on top of a body of water.
/home/swq/Code/Qwen2.5-VL/qwen_lora_coco_caption/coco_2014_caption/378461.jpg,A very empty and clean wood cabinet kitchen 
/home/swq/Code/Qwen2.5-VL/qwen_lora_coco_caption/coco_2014_caption/320273.jpg,A large green truck parked with a sign.
/home/swq/Code/Qwen2.5-VL/qwen_lora_coco_caption/coco_2014_caption/232277.jpg,A white propeller airplane sitting on a runway.
/home/swq/Code/Qwen2.5-VL/qwen_lora_coco_caption/coco_2014_caption/431817.jpg,A woman petting a brown horse standing on a  lush green field.
/home/swq/Code/Qwen2.5-VL/qwen_lora_coco_caption/coco_2014_caption/5915.jpg,A baseball player swinging a bat at a baseball game.
/home/swq/Code/Qwen2.5-VL/qwen_lora_coco_caption/coco_2014_caption/282949.jpg,An Air Berlin jumbo jet attached to a jetway at an airport.
/home/swq/Code/Qwen2.5-VL/qwen_lora_coco_caption/coco_2014_caption/321181.jpg,Several skiers on the side of the mountain on a slope.
/home/swq/Code/Qwen2.5-VL/qwen_lora_coco_caption/coco_2014_caption/351968.jpg,Man sitting on a ski bike with another man looking on.
/home/swq/Code/Qwen2.5-VL/qwen_lora_coco_caption/coco_2014_caption/392269.jpg,A multi layered cake plate filled with cup cakes.
/home/swq/Code/Qwen2.5-VL/qwen_lora_coco_caption/coco_2014_caption/406657.jpg,a driver waiting at a light while other cars approach
/home/swq/Code/Qwen2.5-VL/qwen_lora_coco_caption/coco_2014_caption/158680.jpg,A man in a green shirt holds an appliance while another man stands by.
/home/swq/Code/Qwen2.5-VL/qwen_lora_coco_caption/coco_2014_caption/162577.jpg,One single giraffe walking alone through green trees
/home/swq/Code/Qwen2.5-VL/qwen_lora_coco_caption/coco_2014_caption/41005.jpg,Five people who are wearing snow skis on a hill. 
/home/swq/Code/Qwen2.5-VL/qwen_lora_coco_caption/coco_2014_caption/95533.jpg,A man who has a tennis racquet near a yellow ball.
/home/swq/Code/Qwen2.5-VL/qwen_lora_coco_caption/coco_2014_caption/22675.jpg,A female tennis player holding a racket while a ball is in front of her.
/home/swq/Code/Qwen2.5-VL/qwen_lora_coco_caption/coco_2014_caption/10702.jpg,There are two zebras standing in a field.
/home/swq/Code/Qwen2.5-VL/qwen_lora_coco_caption/coco_2014_caption/418596.jpg,Two giraffes sleep with their faces resting on the ground. 
/home/swq/Code/Qwen2.5-VL/qwen_lora_coco_caption/coco_2014_caption/501936.jpg,A man feeds two giraffes in a sunken enclosure.
/home/swq/Code/Qwen2.5-VL/qwen_lora_coco_caption/coco_2014_caption/312430.jpg,Tall orange vase sitting on a window sill.
/home/swq/Code/Qwen2.5-VL/qwen_lora_coco_caption/coco_2014_caption/434067.jpg,a man with a hand bag sits on a wooden bench 
/home/swq/Code/Qwen2.5-VL/qwen_lora_coco_caption/coco_2014_caption/233578.jpg,A couple of horses that are standing up in the grass.
/home/swq/Code/Qwen2.5-VL/qwen_lora_coco_caption/coco_2014_caption/434221.jpg,A red double decker bus on street next to various trees.
/home/swq/Code/Qwen2.5-VL/qwen_lora_coco_caption/coco_2014_caption/144505.jpg,a horse in a field of grass with trees in the background
/home/swq/Code/Qwen2.5-VL/qwen_lora_coco_caption/coco_2014_caption/149634.jpg,A metal train car sitting on railroad tracks.
/home/swq/Code/Qwen2.5-VL/qwen_lora_coco_caption/coco_2014_caption/471966.jpg,A baseball player hitting a ball with a bat.
/home/swq/Code/Qwen2.5-VL/qwen_lora_coco_caption/coco_2014_caption/301136.jpg,A man is performing a jump on his snowboard.
/home/swq/Code/Qwen2.5-VL/qwen_lora_coco_caption/coco_2014_caption/541531.jpg,The young person practices snowboarding on the ground.
/home/swq/Code/Qwen2.5-VL/qwen_lora_coco_caption/coco_2014_caption/561655.jpg,A close-up of the person wearing a hat with umbrellas in the background.
/home/swq/Code/Qwen2.5-VL/qwen_lora_coco_caption/coco_2014_caption/408331.jpg,A man riding a wave on top of a surfboard.
/home/swq/Code/Qwen2.5-VL/qwen_lora_coco_caption/coco_2014_caption/548141.jpg,A striped cat sleeping in a packed suitcase
/home/swq/Code/Qwen2.5-VL/qwen_lora_coco_caption/coco_2014_caption/558596.jpg,a vintage photo of a car parked at a beach
/home/swq/Code/Qwen2.5-VL/qwen_lora_coco_caption/coco_2014_caption/438751.jpg,A dog is looking out of the open window of the truck.
/home/swq/Code/Qwen2.5-VL/qwen_lora_coco_caption/coco_2014_caption/311694.jpg,A trio of seagulls sitting on a rail next to a beach chair.
/home/swq/Code/Qwen2.5-VL/qwen_lora_coco_caption/coco_2014_caption/545538.jpg,A group of people standing around a dirt field.
/home/swq/Code/Qwen2.5-VL/qwen_lora_coco_caption/coco_2014_caption/395560.jpg,A man leading and walking next to a horse driven wagon.
/home/swq/Code/Qwen2.5-VL/qwen_lora_coco_caption/coco_2014_caption/422876.jpg,The girl is getting ready to eat her food at the restaurant.
/home/swq/Code/Qwen2.5-VL/qwen_lora_coco_caption/coco_2014_caption/391754.jpg,A man hugs a woman as they sit in the snow with snowboards on.
/home/swq/Code/Qwen2.5-VL/qwen_lora_coco_caption/coco_2014_caption/447049.jpg,An open door on a very large train.
/home/swq/Code/Qwen2.5-VL/qwen_lora_coco_caption/coco_2014_caption/308774.jpg,A girl on a skate board near a wall with some graffiti.
/home/swq/Code/Qwen2.5-VL/qwen_lora_coco_caption/coco_2014_caption/489199.jpg,A man holding a dog in a kitchen.
/home/swq/Code/Qwen2.5-VL/qwen_lora_coco_caption/coco_2014_caption/515590.jpg,Two trains sit side by side on the rusty rails.
/home/swq/Code/Qwen2.5-VL/qwen_lora_coco_caption/coco_2014_caption/255258.jpg,PERSON ON SKATE BOARD WITH ONLOOKERS UNDER THE PALM TREES
/home/swq/Code/Qwen2.5-VL/qwen_lora_coco_caption/coco_2014_caption/413297.jpg,Two pretty zebras grazing in a grassy field.
/home/swq/Code/Qwen2.5-VL/qwen_lora_coco_caption/coco_2014_caption/292090.jpg,a person kneeling down talking on a cell phone
/home/swq/Code/Qwen2.5-VL/qwen_lora_coco_caption/coco_2014_caption/66441.jpg,A pen of sheep in fenced-in area peering out through the slats.
/home/swq/Code/Qwen2.5-VL/qwen_lora_coco_caption/coco_2014_caption/522898.jpg,a snow skier wearing a black jacket is posing for a picture and trees
/home/swq/Code/Qwen2.5-VL/qwen_lora_coco_caption/coco_2014_caption/414401.jpg,A wood table covered in plates of assorted flavored sushi.
/home/swq/Code/Qwen2.5-VL/qwen_lora_coco_caption/coco_2014_caption/209345.jpg,A man jumping a skateboard on a ramp.
/home/swq/Code/Qwen2.5-VL/qwen_lora_coco_caption/coco_2014_caption/110934.jpg,Two men at a restaurant with two cheese pizzas with toppings. 
/home/swq/Code/Qwen2.5-VL/qwen_lora_coco_caption/coco_2014_caption/122436.jpg,a plate with a pair of sandwiches on it
/home/swq/Code/Qwen2.5-VL/qwen_lora_coco_caption/coco_2014_caption/468519.jpg,A man standing on a  bus next to a man sitting on a  bus.
/home/swq/Code/Qwen2.5-VL/qwen_lora_coco_caption/coco_2014_caption/427150.jpg,Large white surfboard sitting on a living room wall. 
/home/swq/Code/Qwen2.5-VL/qwen_lora_coco_caption/coco_2014_caption/71310.jpg,A person that is on a skateboard in the street.
/home/swq/Code/Qwen2.5-VL/qwen_lora_coco_caption/coco_2014_caption/579404.jpg,A baseball player with the number ten is hitting.
/home/swq/Code/Qwen2.5-VL/qwen_lora_coco_caption/coco_2014_caption/151408.jpg,A woman in striped shirt holding a Nintendo Wii controller.
/home/swq/Code/Qwen2.5-VL/qwen_lora_coco_caption/coco_2014_caption/336577.jpg,a fluffy sheep standing in front of a mossy tree 
/home/swq/Code/Qwen2.5-VL/qwen_lora_coco_caption/coco_2014_caption/476093.jpg,A blender sitting on a counter with food inside of it. 
/home/swq/Code/Qwen2.5-VL/qwen_lora_coco_caption/coco_2014_caption/180768.jpg,A foot long hotdog on a  bun behind held by a hand at a baseball game.
/home/swq/Code/Qwen2.5-VL/qwen_lora_coco_caption/coco_2014_caption/577807.jpg,A white dog laying next to a box on a bed.
/home/swq/Code/Qwen2.5-VL/qwen_lora_coco_caption/coco_2014_caption/496053.jpg,A couple of men standing in front of television sets.
/home/swq/Code/Qwen2.5-VL/qwen_lora_coco_caption/coco_2014_caption/211843.jpg,a bunch of people are standing around a wood table
/home/swq/Code/Qwen2.5-VL/qwen_lora_coco_caption/coco_2014_caption/182821.jpg,A bowl filled with soup and veggies on a wooden table.
/home/swq/Code/Qwen2.5-VL/qwen_lora_coco_caption/coco_2014_caption/518764.jpg,Group of people plays the Nintendo Wii inside
/home/swq/Code/Qwen2.5-VL/qwen_lora_coco_caption/coco_2014_caption/37358.jpg,A sculpture of a man on a horse.
/home/swq/Code/Qwen2.5-VL/qwen_lora_coco_caption/coco_2014_caption/420598.jpg,a couple of giraffes that are walking in a field
/home/swq/Code/Qwen2.5-VL/qwen_lora_coco_caption/coco_2014_caption/38000.jpg,A street sign is seen outside a building.
/home/swq/Code/Qwen2.5-VL/qwen_lora_coco_caption/coco_2014_caption/195885.jpg,two cats laying on a window sill 
/home/swq/Code/Qwen2.5-VL/qwen_lora_coco_caption/coco_2014_caption/201490.jpg,A focused image of a red umbrella with an old wall in the background. 
/home/swq/Code/Qwen2.5-VL/qwen_lora_coco_caption/coco_2014_caption/233296.jpg,A large plane taking off from a landing strip at night.
/home/swq/Code/Qwen2.5-VL/qwen_lora_coco_caption/coco_2014_caption/105035.jpg,a man in a  beard sunglasses and a helmet riding a motorcycle
/home/swq/Code/Qwen2.5-VL/qwen_lora_coco_caption/coco_2014_caption/14854.jpg,A flock of birds standing on the side of a green hill.
/home/swq/Code/Qwen2.5-VL/qwen_lora_coco_caption/coco_2014_caption/409841.jpg,a train whistling down the tracks in front of some trees
/home/swq/Code/Qwen2.5-VL/qwen_lora_coco_caption/coco_2014_caption/72165.jpg,A girl is laying inside of a pink blanket.
/home/swq/Code/Qwen2.5-VL/qwen_lora_coco_caption/coco_2014_caption/26775.jpg,A close up of a red knit neck tie worn on a white shirt.
/home/swq/Code/Qwen2.5-VL/qwen_lora_coco_caption/coco_2014_caption/95380.jpg,The surfer is happily surfing on a small wave.
/home/swq/Code/Qwen2.5-VL/qwen_lora_coco_caption/coco_2014_caption/41962.jpg,A woman standing on top of a tennis court.
/home/swq/Code/Qwen2.5-VL/qwen_lora_coco_caption/coco_2014_caption/409488.jpg,An old man sitting on a park bench wearing a white hat.
/home/swq/Code/Qwen2.5-VL/qwen_lora_coco_caption/coco_2014_caption/406557.jpg,"Smoke pours out of a ""choo choo"" train replica, which extends from the back of an ornamental fireplace."
/home/swq/Code/Qwen2.5-VL/qwen_lora_coco_caption/coco_2014_caption/426911.jpg,This is a picture with different furniture in the room
/home/swq/Code/Qwen2.5-VL/qwen_lora_coco_caption/coco_2014_caption/16295.jpg,a clock tower on the top of a building
/home/swq/Code/Qwen2.5-VL/qwen_lora_coco_caption/coco_2014_caption/135038.jpg,A person spoon feeding a small white kitten.
/home/swq/Code/Qwen2.5-VL/qwen_lora_coco_caption/coco_2014_caption/231997.jpg,A baseball player is attempting to bunt the ball
/home/swq/Code/Qwen2.5-VL/qwen_lora_coco_caption/coco_2014_caption/64423.jpg,A cat is sitting inside of a suitcase.
/home/swq/Code/Qwen2.5-VL/qwen_lora_coco_caption/coco_2014_caption/345855.jpg,A woman that is laying down with a dog on a couch.
/home/swq/Code/Qwen2.5-VL/qwen_lora_coco_caption/coco_2014_caption/435553.jpg,A dog sitting in a car trunk makes a funny face
/home/swq/Code/Qwen2.5-VL/qwen_lora_coco_caption/coco_2014_caption/465824.jpg,A girl with a bun is sitting on a scooter type motorcycle.
/home/swq/Code/Qwen2.5-VL/qwen_lora_coco_caption/coco_2014_caption/314626.jpg,A wooden table topped with an open laptop computer.
/home/swq/Code/Qwen2.5-VL/qwen_lora_coco_caption/coco_2014_caption/169575.jpg,A man riding a sailboat in the ocean next to a shore.
/home/swq/Code/Qwen2.5-VL/qwen_lora_coco_caption/coco_2014_caption/207622.jpg,a stop sign and a street sign on a pole
/home/swq/Code/Qwen2.5-VL/qwen_lora_coco_caption/coco_2014_caption/454230.jpg,A street sign next to a traffic sign next to tall buildings..
/home/swq/Code/Qwen2.5-VL/qwen_lora_coco_caption/coco_2014_caption/17717.jpg,A cat on a fence smelling a bottle of beer 
/home/swq/Code/Qwen2.5-VL/qwen_lora_coco_caption/coco_2014_caption/504492.jpg,A boy wearing a baseball mit at a base.
/home/swq/Code/Qwen2.5-VL/qwen_lora_coco_caption/coco_2014_caption/88287.jpg,a small child wearing snowboarding gear standing on snow
/home/swq/Code/Qwen2.5-VL/qwen_lora_coco_caption/coco_2014_caption/480344.jpg,A man walking his dog along side of three brown cows.
/home/swq/Code/Qwen2.5-VL/qwen_lora_coco_caption/coco_2014_caption/560978.jpg,Group of people posing for a picture holding cell phones.
/home/swq/Code/Qwen2.5-VL/qwen_lora_coco_caption/coco_2014_caption/504258.jpg,A man holding his hand up to his face in a bathroom.
/home/swq/Code/Qwen2.5-VL/qwen_lora_coco_caption/coco_2014_caption/381047.jpg,a cat sitting on a laptop keyboard 
/home/swq/Code/Qwen2.5-VL/qwen_lora_coco_caption/coco_2014_caption/574014.jpg,a woman smiling at the camera and a giraffe in the background
/home/swq/Code/Qwen2.5-VL/qwen_lora_coco_caption/coco_2014_caption/453377.jpg,A young man strikes a pose as he prepares to catch a disk that is flying towards him.
/home/swq/Code/Qwen2.5-VL/qwen_lora_coco_caption/coco_2014_caption/168963.jpg,a icebox that has a cat on top of it
/home/swq/Code/Qwen2.5-VL/qwen_lora_coco_caption/coco_2014_caption/172369.jpg,a man is flying through the air on a skateboard
/home/swq/Code/Qwen2.5-VL/qwen_lora_coco_caption/coco_2014_caption/392363.jpg,A street lined with motorcycles and loan biker riding along
/home/swq/Code/Qwen2.5-VL/qwen_lora_coco_caption/coco_2014_caption/349291.jpg,A dog laying on top of a bend next to an open book.
/home/swq/Code/Qwen2.5-VL/qwen_lora_coco_caption/coco_2014_caption/163858.jpg,A dirty bathroom with white fixtures and tile
/home/swq/Code/Qwen2.5-VL/qwen_lora_coco_caption/coco_2014_caption/352623.jpg,Woman with her panties around her ankles sitting on a toilet. 
/home/swq/Code/Qwen2.5-VL/qwen_lora_coco_caption/coco_2014_caption/527520.jpg,Two zebras enjoy some hay in the forest. 
/home/swq/Code/Qwen2.5-VL/qwen_lora_coco_caption/coco_2014_caption/423162.jpg,a close up of a baseball player holding a bat
/home/swq/Code/Qwen2.5-VL/qwen_lora_coco_caption/coco_2014_caption/197812.jpg,Two people sit in lawn chairs and look at the lake.
/home/swq/Code/Qwen2.5-VL/qwen_lora_coco_caption/coco_2014_caption/576445.jpg,A shirtless man is sitting on a skateboard.
/home/swq/Code/Qwen2.5-VL/qwen_lora_coco_caption/coco_2014_caption/106878.jpg,a living room with a white couch and a big television set
/home/swq/Code/Qwen2.5-VL/qwen_lora_coco_caption/coco_2014_caption/193044.jpg,A group of elephants looking onward while standing in a field.
/home/swq/Code/Qwen2.5-VL/qwen_lora_coco_caption/coco_2014_caption/82287.jpg,A living room with hard wood flooring next to a tv on a stand.
/home/swq/Code/Qwen2.5-VL/qwen_lora_coco_caption/coco_2014_caption/518473.jpg,"Two crowded, snow-covered ski and snowboard trails converge."
/home/swq/Code/Qwen2.5-VL/qwen_lora_coco_caption/coco_2014_caption/235713.jpg,A pair of pink shoes sitting next to a cat.
/home/swq/Code/Qwen2.5-VL/qwen_lora_coco_caption/coco_2014_caption/312288.jpg,a couple of people that are skiing across the snow
/home/swq/Code/Qwen2.5-VL/qwen_lora_coco_caption/coco_2014_caption/477442.jpg,a number of people siting at a table with plates of food 
/home/swq/Code/Qwen2.5-VL/qwen_lora_coco_caption/coco_2014_caption/94059.jpg,"A number of flamingos are preening, or otherwise interacting with other flamingos, all of  whom have their lower legs submerged in dark blue water. "
/home/swq/Code/Qwen2.5-VL/qwen_lora_coco_caption/coco_2014_caption/145249.jpg,THERE IS A VIEW FROM THE AIRPLANE OF THE OUTSIDE 
/home/swq/Code/Qwen2.5-VL/qwen_lora_coco_caption/coco_2014_caption/357443.jpg,A gold clock featuring a man and a bird.
/home/swq/Code/Qwen2.5-VL/qwen_lora_coco_caption/coco_2014_caption/402407.jpg,"A batter, catcher and umpire in a baseball game."
/home/swq/Code/Qwen2.5-VL/qwen_lora_coco_caption/coco_2014_caption/351203.jpg,A cat on a leash sitting on the door step of a house.
/home/swq/Code/Qwen2.5-VL/qwen_lora_coco_caption/coco_2014_caption/553284.jpg,A market stand with bananas and people standing by it.
/home/swq/Code/Qwen2.5-VL/qwen_lora_coco_caption/coco_2014_caption/271563.jpg,A woman on skis on a slope holding her ski poles in the air.
/home/swq/Code/Qwen2.5-VL/qwen_lora_coco_caption/coco_2014_caption/85799.jpg,A carrier plane flies in the sky amidst a blue sky background.
/home/swq/Code/Qwen2.5-VL/qwen_lora_coco_caption/coco_2014_caption/163326.jpg,A person spins on a bat in a feild.
/home/swq/Code/Qwen2.5-VL/qwen_lora_coco_caption/coco_2014_caption/560898.jpg,Orange and white umbrellas suspended above an urban street.
/home/swq/Code/Qwen2.5-VL/qwen_lora_coco_caption/coco_2014_caption/115862.jpg,A group of soldiers saluting an airforce cargo plane.
/home/swq/Code/Qwen2.5-VL/qwen_lora_coco_caption/coco_2014_caption/332069.jpg,To bananas sitting on two blue plastic bowls.
/home/swq/Code/Qwen2.5-VL/qwen_lora_coco_caption/coco_2014_caption/350013.jpg,Pedestrian walk signals displayed on post at street corner.
/home/swq/Code/Qwen2.5-VL/qwen_lora_coco_caption/coco_2014_caption/436882.jpg,A train on one of several tracks at a train station.
/home/swq/Code/Qwen2.5-VL/qwen_lora_coco_caption/coco_2014_caption/18819.jpg,A cat is watching someone while sitting on the sink.
/home/swq/Code/Qwen2.5-VL/qwen_lora_coco_caption/coco_2014_caption/385704.jpg,Two guys wearing nice clothes are standing outside.
/home/swq/Code/Qwen2.5-VL/qwen_lora_coco_caption/coco_2014_caption/453605.jpg,The man wearing a helmet and mask is sitting on his motorcycle. 
/home/swq/Code/Qwen2.5-VL/qwen_lora_coco_caption/coco_2014_caption/481930.jpg,a double deckered bus on a city street
/home/swq/Code/Qwen2.5-VL/qwen_lora_coco_caption/coco_2014_caption/498406.jpg,A batter is waiting to step up to the plate.
/home/swq/Code/Qwen2.5-VL/qwen_lora_coco_caption/coco_2014_caption/79355.jpg,Three suitcases stacked on one another in a black and white photo.
/home/swq/Code/Qwen2.5-VL/qwen_lora_coco_caption/coco_2014_caption/30349.jpg,a ocean that has some people surfing in it
/home/swq/Code/Qwen2.5-VL/qwen_lora_coco_caption/coco_2014_caption/537774.jpg,some people standing around in the kitchen 
/home/swq/Code/Qwen2.5-VL/qwen_lora_coco_caption/coco_2014_caption/295328.jpg,A street scene with a woman in a crosswalk and a taxi.
/home/swq/Code/Qwen2.5-VL/qwen_lora_coco_caption/coco_2014_caption/228530.jpg,A large boat docked at the pier of a resort area.
/home/swq/Code/Qwen2.5-VL/qwen_lora_coco_caption/coco_2014_caption/233916.jpg,A city street filled with lots of traffic.
/home/swq/Code/Qwen2.5-VL/qwen_lora_coco_caption/coco_2014_caption/380108.jpg,"A bowl of fresh, ripe oranges next to some other fruit bowls."
/home/swq/Code/Qwen2.5-VL/qwen_lora_coco_caption/coco_2014_caption/152060.jpg,A man preparing food inside of a kitchen on a wooden table.
/home/swq/Code/Qwen2.5-VL/qwen_lora_coco_caption/coco_2014_caption/567055.jpg,A brown and white with blue eyes stands in a pasture and looks off to his right. 
/home/swq/Code/Qwen2.5-VL/qwen_lora_coco_caption/coco_2014_caption/251246.jpg,A black and white cat peering over the top of a laptop.
/home/swq/Code/Qwen2.5-VL/qwen_lora_coco_caption/coco_2014_caption/430157.jpg,A penned cow eagerly eats grass handed to it by a person on the other side of the fence. 
/home/swq/Code/Qwen2.5-VL/qwen_lora_coco_caption/coco_2014_caption/12073.jpg,One knife and one green apple sliced in half.
/home/swq/Code/Qwen2.5-VL/qwen_lora_coco_caption/coco_2014_caption/174171.jpg,Two animals are in the grass together looking at something.
/home/swq/Code/Qwen2.5-VL/qwen_lora_coco_caption/coco_2014_caption/188562.jpg,a boy standing in shallow water fishing with two cows in the water too 
/home/swq/Code/Qwen2.5-VL/qwen_lora_coco_caption/coco_2014_caption/319398.jpg,A kite flying next to a palm tree in a blue sky.
/home/swq/Code/Qwen2.5-VL/qwen_lora_coco_caption/coco_2014_caption/137256.jpg,A woman looking at her cell phone with a double decker bus in the background.
/home/swq/Code/Qwen2.5-VL/qwen_lora_coco_caption/coco_2014_caption/521533.jpg,A blonde woman sitting in a chair wearing glasses.
/home/swq/Code/Qwen2.5-VL/qwen_lora_coco_caption/coco_2014_caption/495403.jpg,A red trolley car is riding down the street next to trees in the middle of autumn.
/home/swq/Code/Qwen2.5-VL/qwen_lora_coco_caption/coco_2014_caption/106557.jpg,A colorful display of food with Hello Kitty forks and spoons is on bamboo.
/home/swq/Code/Qwen2.5-VL/qwen_lora_coco_caption/coco_2014_caption/419212.jpg,A man walking into the ocean while holding a surfboard.
/home/swq/Code/Qwen2.5-VL/qwen_lora_coco_caption/coco_2014_caption/42161.jpg,A narrow snow covered street leading down to the water
/home/swq/Code/Qwen2.5-VL/qwen_lora_coco_caption/coco_2014_caption/253429.jpg,A man is riding a horse holding a hawk.
/home/swq/Code/Qwen2.5-VL/qwen_lora_coco_caption/coco_2014_caption/447082.jpg,A  group of young people sitting on steps with skateboards.
/home/swq/Code/Qwen2.5-VL/qwen_lora_coco_caption/coco_2014_caption/479316.jpg,A tall clock tower under a cloudy sky.
/home/swq/Code/Qwen2.5-VL/qwen_lora_coco_caption/coco_2014_caption/466378.jpg,a banana and other foods on a wooden table
/home/swq/Code/Qwen2.5-VL/qwen_lora_coco_caption/coco_2014_caption/207378.jpg,A person riding a bike next to a yellow school bus.
/home/swq/Code/Qwen2.5-VL/qwen_lora_coco_caption/coco_2014_caption/151192.jpg,A couple of people who are sitting down on a bench.
/home/swq/Code/Qwen2.5-VL/qwen_lora_coco_caption/coco_2014_caption/71280.jpg,there is a train that is passing by the train station
/home/swq/Code/Qwen2.5-VL/qwen_lora_coco_caption/coco_2014_caption/262407.jpg,A child making a peanut butter sandwich next to a sink.
/home/swq/Code/Qwen2.5-VL/qwen_lora_coco_caption/coco_2014_caption/365298.jpg,"Newspapers with cellphone, pen, coffee mug and computer on them."
/home/swq/Code/Qwen2.5-VL/qwen_lora_coco_caption/coco_2014_caption/234603.jpg,A computer montior on display in a museum
/home/swq/Code/Qwen2.5-VL/qwen_lora_coco_caption/coco_2014_caption/185917.jpg,"So many ribbons, so little time.  What to do?"
/home/swq/Code/Qwen2.5-VL/qwen_lora_coco_caption/coco_2014_caption/107604.jpg,Two giraffes that are standing by a rock in their pen..
/home/swq/Code/Qwen2.5-VL/qwen_lora_coco_caption/coco_2014_caption/41027.jpg,"A cluttered collection of cooking oil, spices, and sauces. "
/home/swq/Code/Qwen2.5-VL/qwen_lora_coco_caption/coco_2014_caption/391966.jpg,Two women sampling from a plate of chocolate shards.
/home/swq/Code/Qwen2.5-VL/qwen_lora_coco_caption/coco_2014_caption/417273.jpg,The building with the tower is lined with pine trees.
/home/swq/Code/Qwen2.5-VL/qwen_lora_coco_caption/coco_2014_caption/140946.jpg,A street corner with a few street signs and a crosswalk light. 
/home/swq/Code/Qwen2.5-VL/qwen_lora_coco_caption/coco_2014_caption/194748.jpg,A group of people playing tennis on multiple courts.
/home/swq/Code/Qwen2.5-VL/qwen_lora_coco_caption/coco_2014_caption/144242.jpg,Two men talking next to a table of cell phones.
/home/swq/Code/Qwen2.5-VL/qwen_lora_coco_caption/coco_2014_caption/32126.jpg,A plate filled with meat and different kinds of vegetables.
/home/swq/Code/Qwen2.5-VL/qwen_lora_coco_caption/coco_2014_caption/369271.jpg,Woman about to stand up on surf board on small wave
/home/swq/Code/Qwen2.5-VL/qwen_lora_coco_caption/coco_2014_caption/443192.jpg,A man sitting on a chair talking on a cellphone.
/home/swq/Code/Qwen2.5-VL/qwen_lora_coco_caption/coco_2014_caption/69052.jpg,A man is sitting on a bicycle in the wilderness.
/home/swq/Code/Qwen2.5-VL/qwen_lora_coco_caption/coco_2014_caption/161846.jpg,Plastic containers filled with fruit sits on a counter top.
/home/swq/Code/Qwen2.5-VL/qwen_lora_coco_caption/coco_2014_caption/559733.jpg,This white plate has a variety of breakfast foods on it.
/home/swq/Code/Qwen2.5-VL/qwen_lora_coco_caption/coco_2014_caption/358113.jpg,A small boy laying on the ground with a large stuffed animal.
